0 6.490000
1 2.390000
2 4.690000
3 2.190000
4 1.590000
5 3.890000
6 1.990000
7 0.990000
8 0.990000
9 0.990000
10 1.990000
11 1.790000
12 4.990000
13 4.990000
14 5.990000
15 5.990000
16 5.990000
17 5.990000
18 5.990000
19 5.990000
20 0.990000
21 0.990000
22 0.990000
23 0.990000
24 0.990000
25 0.990000
26 0.990000
27 3.490000
28 3.490000
29 6.890000
30 6.890000
31 6.890000
32 6.890000
33 6.890000
34 6.890000
35 6.890000
36 1.190000
37 1.190000
38 1.190000
39 1.090000
40 1.090000
41 1.190000
42 1.090000
43 5.990000
44 5.990000
45 5.990000
46 5.990000
47 5.990000
48 10.190000
49 10.190000
50 10.190000
51 10.190000
52 5.290000
53 5.290000
54 5.290000
55 5.290000
56 5.290000
57 5.290000
58 5.290000
59 5.290000
60 0.690000
61 0.690000
62 6.590000
63 4.990000
64 2.750000
65 2.750000
66 2.750000
67 2.750000
68 3.500000
69 3.990000
70 2.490000
71 1.750000
72 1.950000
73 0.990000
74 1.950000
75 1.250000
76 1.990000
77 1.990000
78 4.950000
79 3.500000
80 3.000000
81 1.690000
82 2.990000
83 1.590000
84 5.950000
85 1.500000
86 1.250000
87 1.390000
88 0.990000
89 0.990000
90 1.690000
91 0.990000
92 0.990000
93 0.990000
94 0.990000
95 3.500000
96 3.950000
97 1.590000
98 4.950000
99 5.950000
100 5.950000
101 5.950000
102 4.990000
103 4.950000
104 1.250000
105 1.390000
106 0.990000
107 1.890000
108 0.990000
109 1.590000
110 4.950000
111 3.950000
112 6.990000
113 1.990000
114 1.990000
115 1.990000
116 1.990000
117 1.990000
118 5.990000
119 6.490000
120 3.990000
121 3.990000
122 2.190000
123 2.190000
124 2.190000
125 2.190000
126 3.290000
127 1.990000
128 1.990000
129 3.500000
130 3.990000
131 4.950000
132 3.990000
133 2.990000
134 4.950000
135 4.990000
136 5.990000
137 4.990000
138 4.990000
139 9.990000
140 3.990000
141 3.990000
142 3.990000
143 3.990000
144 3.990000
145 3.990000
146 1.990000
147 4.500000
148 4.990000
149 7.990000
150 4.990000
151 4.990000
152 4.990000
153 4.990000
154 4.990000
155 5.990000
156 4.990000
157 3.980000
158 4.990000
159 4.990000
160 7.950000
161 2.990000
162 2.500000
163 3.500000
164 5.990000
165 5.950000
166 5.990000
167 5.950000
168 4.990000
169 7.990000
170 5.950000
171 4.950000
172 3.990000
173 3.500000
174 3.950000
175 1.950000
176 2.250000
177 2.500000
178 2.750000
179 1.500000
180 1.650000
181 1.790000
182 1.990000
183 2.490000
184 3.990000
185 1.990000
186 2.290000
187 2.990000
188 1.990000
189 1.990000
190 2.950000
191 1.290000
192 1.290000
193 1.290000
194 1.290000
195 1.290000
196 1.290000
197 1.290000
198 1.290000
199 1.290000
200 1.290000
201 1.290000
202 1.790000
203 1.790000
204 1.790000
205 1.790000
206 1.790000
207 1.790000
208 1.790000
209 1.790000
210 1.790000
211 1.790000
212 1.990000
213 1.790000
214 1.190000
215 0.890000
216 1.190000
217 0.890000
218 1.290000
219 1.290000
220 1.290000
221 1.190000
222 1.790000
223 2.590000
224 2.890000
225 2.790000
226 2.990000
227 1.190000
228 1.290000
229 1.290000
230 1.290000
231 1.290000
232 1.290000
233 1.290000
234 0.890000
235 0.890000
236 1.790000
237 1.850000
238 2.350000
239 3.500000
240 14.950000
241 1.600000
242 4.950000
243 1.790000
244 1.190000
245 1.190000
246 1.190000
247 1.190000
248 0.890000
249 0.890000
250 1.290000
251 1.290000
252 1.290000
253 1.290000
254 1.290000
255 0.890000
256 1.990000
257 1.990000
258 1.990000
259 2.990000
260 3.990000
261 2.490000
262 2.490000
263 1.290000
264 0.890000
265 1.790000
266 1.790000
267 1.790000
268 0.990000
269 0.990000
270 0.990000
271 0.890000
272 1.190000
273 1.190000
274 1.190000
275 1.190000
276 1.190000
277 0.890000
278 0.890000
279 1.790000
280 1.790000
281 1.790000
282 1.290000
283 1.290000
284 1.290000
285 1.290000
286 1.290000
287 1.190000
288 1.790000
289 1.790000
290 6.950000
291 5.950000
292 3.990000
293 9.990000
294 4.950000
295 4.990000
296 4.990000
297 3.990000
298 4.950000
299 5.990000
300 3.990000
301 3.950000
302 3.990000
303 4.950000
304 3.990000
305 3.990000
306 3.990000
307 3.990000
308 4.990000
309 4.990000
310 4.500000
311 7.990000
312 3.990000
313 4.990000
314 4.990000
315 3.990000
316 3.990000
317 4.990000
318 5.950000
319 3.500000
320 3.990000
321 4.990000
322 3.990000
323 2.950000
324 4.950000
325 4.990000
326 4.950000
327 3.950000
328 4.950000
329 2.990000
330 3.990000
331 5.950000
332 8.950000
333 4.990000
334 9.990000
335 3.950000
336 3.950000
337 3.990000
338 4.990000
339 4.990000
340 4.990000
341 4.990000
342 4.990000
343 4.990000
344 3.500000
345 5.990000
346 12.990000
347 3.990000
348 3.950000
349 4.990000
350 2.950000
351 3.950000
352 5.950000
353 5.000000
354 6.950000
355 7.990000
356 2.950000
357 3.990000
358 3.990000
359 2.950000
360 14.990000
361 14.990000
362 4.950000
363 2.500000
364 2.990000
365 4.500000
366 4.500000
367 9.950000
368 5.950000
369 3.500000
370 3.990000
371 5.950000
372 4.990000
373 4.950000
374 3.500000
375 5.990000
376 6.990000
377 6.990000
378 6.990000
379 4.990000
380 4.500000
381 4.990000
382 4.990000
383 5.950000
384 6.950000
385 5.950000
386 2.990000
387 2.990000
388 6.950000
389 4.990000
390 4.990000
391 3.990000
392 4.990000
393 5.990000
394 4.990000
395 2.990000
396 4.990000
397 2.990000
398 2.990000
399 2.990000
400 2.990000
401 2.790000
402 2.790000
403 3.490000
404 5.990000
405 4.690000
406 9.990000
407 6.990000
408 2.290000
409 5.990000
410 5.990000
411 4.690000
412 4.990000
413 6.990000
414 2.190000
415 2.190000
416 1.790000
417 1.790000
418 1.790000
419 4.290000
420 0.650000
421 0.650000
422 0.650000
423 3.290000
424 4.990000
425 0.890000
426 3.990000
427 5.990000
428 2.990000
429 2.690000
430 2.190000
431 1.590000
432 1.190000
433 0.990000
434 0.790000
435 0.790000
436 1.590000
437 0.790000
438 2.890000
439 1.990000
440 1.990000
441 2.490000
442 2.490000
443 2.490000
444 4.090000
445 5.990000
446 10.290000
447 6.890000
448 7.190000
449 8.990000
450 8.990000
451 8.990000
452 5.890000
453 6.190000
454 3.490000
455 3.490000
456 4.690000
457 3.690000
458 5.890000
459 2.690000
460 26.990000
461 24.990000
462 3.990000
463 2.490000
464 2.490000
465 3.290000
466 1.890000
467 2.690000
468 1.990000
469 1.490000
470 3.490000
471 0.990000
472 1.290000
473 1.500000
474 0.490000
475 0.500000
476 0.490000
477 2.990000
478 3.290000
479 1.500000
480 1.500000
481 1.500000
482 1.500000
483 1.500000
484 0.500000
485 2.290000
486 2.290000
487 2.000000
488 2.990000
489 2.190000
490 1.500000
491 1.100000
492 1.390000
493 1.390000
494 1.390000
495 1.250000
496 1.250000
497 1.250000
498 1.250000
499 1.390000
500 1.390000
501 1.390000
502 1.390000
503 0.590000
504 0.500000
505 0.500000
506 0.890000
507 0.500000
508 1.790000
509 2.950000
510 3.290000
511 7.490000
512 3.190000
513 2.390000
514 3.890000
515 2.490000
516 3.990000
517 1.990000
518 2.500000
519 0.990000
520 0.990000
521 0.990000
522 0.990000
523 0.590000
524 3.490000
525 1.990000
526 2.690000
527 3.690000
528 3.690000
529 3.190000
530 3.690000
531 2.990000
532 3.790000
533 3.790000
534 3.790000
535 3.790000
536 30.990000
537 30.990000
538 30.990000
539 30.990000
540 2.890000
541 2.890000
542 2.890000
543 2.890000
544 2.890000
545 4.990000
546 4.990000
547 2.890000
548 3.190000
549 4.990000
550 4.690000
551 3.190000
552 3.190000
553 4.590000
554 4.390000
555 3.390000
556 4.690000
557 2.290000
558 4.990000
559 4.990000
560 7.990000
561 5.290000
562 5.290000
563 4.990000
564 4.990000
565 11.990000
566 13.990000
567 13.990000
568 8.990000
569 2.490000
570 5.690000
571 2.490000
572 18.990000
573 18.990000
574 5.290000
575 4.990000
576 5.290000
577 10.290000
578 10.290000
579 11.990000
580 10.890000
581 11.490000
582 16.490000
583 3.390000
584 3.390000
585 3.990000
586 4.990000
587 9.490000
588 9.490000
589 19.990000
590 13.490000
591 13.490000
592 19.990000
593 19.990000
594 19.990000
595 5.590000
596 7.790000
597 7.790000
598 6.190000
599 6.190000
600 6.190000
601 3.690000
602 3.690000
603 5.590000
604 13.490000
605 13.490000
606 4.990000
607 13.490000
608 13.490000
609 13.490000
610 9.990000
611 5.890000
612 11.990000
613 11.990000
614 5.290000
615 2.990000
616 5.490000
617 5.490000
618 2.890000
619 2.890000
620 2.390000
621 0.440000
622 0.445000
623 5.990000
624 5.990000
625 5.990000
626 2.290000
627 3.990000
628 5.990000
629 3.990000
630 3.990000
631 3.990000
632 3.990000
633 3.990000
634 3.990000
635 6.990000
636 6.990000
637 9.990000
638 9.990000
639 6.990000
640 3.490000
641 12.990000
642 12.990000
643 12.990000
644 12.990000
645 9.990000
646 9.990000
647 9.990000
648 6.990000
649 6.990000
650 6.990000
651 8.990000
652 13.990000
653 5.990000
654 5.990000
655 5.990000
656 1.490000
657 1.690000
658 1.990000
659 1.190000
660 2.490000
661 2.490000
662 2.490000
663 2.490000
664 2.490000
665 2.490000
666 1.990000
667 1.990000
668 1.990000
669 1.990000
670 1.400000
671 2.790000
672 1.490000
673 1.490000
674 1.490000
675 2.500000
676 2.500000
677 1.790000
678 1.790000
679 1.790000
680 2.500000
681 2.390000
682 1.990000
683 1.990000
684 0.990000
685 1.490000
686 1.390000
687 2.690000
688 2.690000
689 1.990000
690 2.500000
691 2.490000
692 2.490000
693 1.500000
694 1.500000
695 1.990000
696 2.490000
697 1.790000
698 2.490000
699 1.990000
700 1.990000
701 1.990000
702 1.590000
703 1.890000
704 1.890000
705 1.890000
706 2.390000
707 2.990000
708 2.990000
709 2.990000
710 2.990000
711 2.990000
712 2.990000
713 1.790000
714 1.990000
715 1.990000
716 1.990000
717 1.990000
718 1.590000
719 1.990000
720 1.990000
721 2.090000
722 1.990000
723 2.490000
724 2.490000
725 2.500000
726 1.990000
727 2.590000
728 2.490000
729 1.590000
730 1.590000
731 1.590000
732 1.990000
733 2.490000
734 2.490000
735 2.490000
736 2.490000
737 1.990000
738 1.990000
739 1.990000
740 1.990000
741 2.490000
742 1.990000
743 1.790000
744 1.490000
745 2.990000
746 1.790000
747 1.490000
748 1.790000
749 2.490000
750 2.500000
751 1.990000
752 1.990000
753 1.490000
754 1.490000
755 2.490000
756 1.490000
757 1.390000
758 1.390000
759 1.390000
760 1.390000
761 1.490000
762 1.990000
763 1.490000
764 2.190000
765 1.590000
766 1.590000
767 1.590000
768 0.990000
769 1.390000
770 1.390000
771 1.890000
772 1.890000
773 1.990000
774 0.990000
775 1.390000
776 1.990000
777 1.490000
778 1.890000
779 1.890000
780 1.890000
781 1.890000
782 1.890000
783 2.590000
784 1.490000
785 1.990000
786 1.990000
787 2.790000
788 2.490000
789 2.490000
790 1.590000
791 1.590000
792 1.590000
793 1.590000
794 1.090000
795 2.490000
796 2.990000
797 2.990000
798 2.990000
799 2.490000
800 2.990000
801 1.990000
802 1.990000
803 6.490000
804 6.490000
805 6.490000
806 6.490000
807 6.490000
808 6.490000
809 6.490000
810 6.490000
811 3.990000
812 2.690000
813 2.690000
814 6.490000
815 8.990000
816 8.990000
817 8.990000
818 8.990000
819 8.990000
820 8.990000
821 6.490000
822 0.790000
823 0.990000
824 1.090000
825 1.090000
826 2.290000
827 2.290000
828 2.290000
829 2.290000
830 3.490000
831 3.490000
832 2.990000
833 3.990000
834 3.990000
835 3.990000
836 5.990000
837 0.500000
838 0.790000
839 0.790000
840 0.690000
841 0.890000
842 0.790000
843 0.790000
844 0.790000
845 6.990000
846 1.390000
847 6.390000
848 4.990000
849 1.290000
850 1.290000
851 2.990000
852 2.390000
853 4.490000
854 7.290000
855 9.990000
856 4.990000
857 3.290000
858 1.500000
859 7.290000
860 3.990000
861 5.590000
862 3.690000
863 3.990000
864 7.290000
865 7.290000
866 2.990000
867 3.790000
868 2.990000
869 2.090000
870 9.990000
871 5.590000
872 4.990000
873 4.190000
874 4.190000
875 1.990000
876 1.990000
877 4.890000
878 7.990000
879 1.590000
880 1.590000
881 3.990000
882 4.290000
883 3.090000
884 3.090000
885 3.090000
886 3.090000
887 3.090000
888 3.090000
889 3.090000
890 3.090000
891 3.090000
892 3.090000
893 3.090000
894 3.090000
895 3.090000
896 3.990000
897 3.990000
898 3.990000
899 3.990000
900 3.990000
901 3.990000
902 3.990000
903 3.990000
904 3.990000
905 3.590000
906 3.590000
907 3.590000
908 3.590000
909 3.590000
910 3.590000
911 3.590000
912 3.590000
913 3.590000
914 3.590000
915 3.590000
916 3.590000
917 3.590000
918 2.590000
919 2.590000
920 2.590000
921 2.590000
922 2.590000
923 2.590000
924 2.590000
925 2.590000
926 2.590000
927 1.990000
928 1.990000
929 1.990000
930 1.990000
931 1.990000
932 1.990000
933 1.990000
934 1.990000
935 1.990000
936 1.990000
937 1.990000
938 1.990000
939 1.790000
940 1.790000
941 1.790000
942 1.790000
943 1.790000
944 1.790000
945 1.790000
946 1.790000
947 1.790000
948 4.490000
949 4.490000
950 4.490000
951 4.490000
952 4.490000
953 4.490000
954 4.490000
955 4.490000
956 2.690000
957 2.690000
958 2.690000
959 2.490000
960 2.490000
961 10.190000
962 15.990000
963 29.990000
964 15.990000
965 29.990000
966 1.190000
967 1.190000
968 2.190000
969 1.490000
970 1.000000
971 1.990000
972 1.500000
973 1.490000
974 18.990000
975 17.990000
976 7.990000
977 1.750000
978 8.990000
979 4.500000
980 3.990000
981 3.490000
982 5.990000
983 4.990000
984 10.990000
985 7.990000
986 5.990000
987 9.990000
988 3.990000
989 4.990000
990 5.990000
991 4.990000
992 4.290000
993 4.990000
994 6.990000
995 5.490000
996 6.990000
997 10.990000
998 3.990000
999 7.990000
1000 4.990000
1001 3.500000
1002 3.990000
1003 6.990000
1004 7.990000
1005 10.990000
1006 4.000000
1007 5.990000
1008 10.990000
1009 7.990000
1010 6.500000
1011 5.990000
1012 5.990000
1013 4.990000
1014 3.690000
1015 3.490000
1016 3.990000
1017 9.990000
1018 4.990000
1019 4.990000
1020 5.990000
1021 5.990000
1022 5.990000
1023 9.990000
1024 3.500000
1025 8.590000
1026 8.590000
1027 8.590000
1028 8.590000
1029 2.990000
1030 1.500000
1031 1.990000
1032 2.290000
1033 3.990000
1034 2.990000
1035 2.000000
1036 1.500000
1037 1.500000
1038 1.500000
1039 3.000000
1040 4.990000
1041 3.290000
1042 2.590000
1043 2.990000
1044 2.290000
1045 2.290000
1046 1.190000
1047 1.690000
1048 4.890000
1049 1.590000
1050 1.190000
1051 13.990000
1052 13.990000
1053 9.390000
1054 4.690000
1055 4.890000
1056 1.900000
1057 15.590000
1058 7.890000
1059 10.290000
1060 5.990000
1061 4.990000
1062 8.990000
1063 6.490000
1064 3.000000
1065 3.990000
1066 3.690000
1067 2.990000
1068 2.490000
1069 2.990000
1070 3.490000
1071 1.990000
1072 5.290000
1073 1.190000
1074 1.890000
1075 0.890000
1076 1.390000
1077 1.590000
1078 0.790000
1079 0.790000
1080 3.690000
1081 4.190000
1082 1.790000
1083 3.590000
1084 1.990000
1085 1.390000
1086 2.190000
1087 1.390000
1088 1.490000
1089 1.590000
1090 1.590000
1091 1.590000
1092 2.290000
1093 1.590000
1094 1.090000
1095 2.090000
1096 1.490000
1097 1.590000
1098 2.090000
1099 2.190000
1100 2.990000
1101 2.990000
1102 2.990000
1103 3.590000
1104 3.990000
1105 4.490000
1106 4.490000
1107 4.490000
1108 4.490000
1109 3.890000
1110 2.490000
1111 2.190000
1112 2.290000
1113 4.690000
1114 4.390000
1115 4.890000
1116 1.990000
1117 1.990000
1118 4.990000
1119 6.990000
1120 4.990000
1121 4.990000
1122 9.290000
1123 12.990000
1124 4.190000
1125 10.590000
1126 4.790000
1127 17.790001
1128 2.190000
1129 2.090000
1130 5.500000
1131 3.990000
1132 3.990000
1133 2.890000
1134 2.890000
1135 2.690000
1136 2.690000
1137 3.790000
1138 3.790000
1139 3.790000
1140 0.890000
1141 0.890000
1142 0.890000
1143 12.990000
1144 6.790000
1145 6.490000
1146 2.990000
1147 5.990000
1148 5.190000
1149 10.690000
1150 2.990000
1151 2.490000
1152 3.790000
1153 2.990000
1154 9.690000
1155 5.190000
1156 10.190000
1157 6.790000
1158 6.790000
1159 8.590000
1160 8.590000
1161 8.590000
1162 8.590000
1163 8.590000
1164 8.590000
1165 12.990000
1166 12.990000
1167 12.990000
1168 4.300000
1169 8.590000
1170 8.590000
1171 9.990000
1172 9.990000
1173 9.990000
1174 9.990000
1175 13.990000
1176 13.990000
1177 13.990000
1178 13.990000
1179 2.290000
1180 4.990000
1181 19.990000
1182 11.190000
1183 12.990000
1184 12.990000
1185 11.890000
1186 17.290001
1187 11.890000
1188 3.290000
1189 12.190000
1190 12.190000
1191 6.990000
1192 1.590000
1193 2.290000
1194 2.290000
1195 2.490000
1196 2.490000
1197 2.190000
1198 2.190000
1199 5.390000
1200 5.390000
1201 6.990000
1202 7.890000
1203 1.990000
1204 1.890000
1205 2.190000
1206 2.990000
1207 3.990000
1208 3.890000
1209 6.490000
1210 2.990000
1211 2.990000
1212 2.990000
1213 2.990000
1214 2.590000
1215 1.290000
1216 1.290000
1217 2.790000
1218 0.990000
1219 2.090000
1220 3.290000
1221 1.990000
1222 1.990000
1223 10.490000
1224 2.490000
1225 3.390000
1226 3.390000
1227 4.190000
1228 4.190000
1229 0.990000
1230 0.990000
1231 9.990000
1232 16.990000
1233 4.390000
1234 6.990000
1235 5.290000
1236 11.590000
1237 2.000000
1238 1.890000
1239 1.890000
1240 1.890000
1241 3.590000
1242 2.190000
1243 1.690000
1244 1.690000
1245 1.690000
1246 13.990000
1247 3.490000
1248 3.490000
1249 4.990000
1250 3.690000
1251 3.690000
1252 3.990000
1253 3.690000
1254 3.990000
1255 9.990000
1256 2.990000
1257 2.990000
1258 2.790000
1259 2.790000
1260 1.290000
1261 1.990000
1262 1.290000
1263 1.990000
1264 1.990000
1265 1.290000
1266 3.990000
1267 2.390000
1268 2.390000
1269 2.390000
1270 2.190000
1271 3.690000
1272 2.390000
1273 5.390000
1274 11.190000
1275 16.190001
1276 2.290000
1277 2.290000
1278 2.290000
1279 3.990000
1280 3.990000
1281 2.990000
1282 2.790000
1283 4.190000
1284 3.790000
1285 7.990000
1286 7.990000
1287 7.990000
1288 13.990000
1289 13.990000
1290 3.990000
1291 3.990000
1292 3.990000
1293 4.990000
1294 4.990000
1295 5.490000
1296 6.590000
1297 10.490000
1298 10.490000
1299 10.490000
1300 2.690000
1301 2.690000
1302 2.690000
1303 2.690000
1304 2.190000
1305 2.490000
1306 6.990000
1307 6.890000
1308 3.990000
1309 2.390000
1310 0.890000
1311 1.890000
1312 0.990000
1313 1.990000
1314 1.490000
1315 1.490000
1316 1.490000
1317 2.990000
1318 4.590000
1319 6.990000
1320 4.090000
1321 7.590000
1322 1.990000
1323 0.450000
1324 0.990000
1325 1.990000
1326 1.190000
1327 2.490000
1328 1.390000
1329 1.690000
1330 1.490000
1331 4.990000
1332 12.990000
1333 2.990000
1334 9.990000
1335 3.990000
1336 6.990000
1337 4.990000
1338 15.990000
1339 15.990000
1340 15.990000
1341 12.990000
1342 1.190000
1343 19.990000
1344 0.990000
1345 0.790000
1346 3.390000
1347 1.190000
1348 1.590000
1349 3.690000
1350 4.290000
1351 10.490000
1352 7.490000
1353 9.990000
1354 2.090000
1355 3.790000
1356 2.190000
1357 3.490000
1358 6.790000
1359 4.190000
1360 6.990000
1361 6.690000
1362 4.490000
1363 2.190000
1364 1.990000
1365 0.990000
1366 1.090000
1367 1.290000
1368 2.990000
1369 4.190000
1370 2.190000
1371 2.990000
1372 2.590000
1373 2.590000
1374 2.590000
1375 2.590000
1376 1.290000
1377 2.990000
1378 3.690000
1379 2.990000
1380 2.990000
1381 4.490000
1382 5.990000
1383 4.190000
1384 4.990000
1385 4.390000
1386 3.690000
1387 5.690000
1388 6.190000
1389 4.990000
1390 2.290000
1391 1.490000
1392 2.490000
1393 1.490000
1394 2.190000
1395 1.000000
1396 1.990000
1397 3.990000
1398 2.390000
1399 2.890000
1400 1.990000
1401 1.790000
1402 2.390000
1403 2.690000
1404 2.390000
1405 1.790000
1406 2.990000
1407 2.990000
1408 1.290000
1409 1.290000
1410 10.590000
1411 9.290000
1412 1.000000
1413 1.390000
1414 1.890000
1415 1.890000
1416 2.390000
1417 1.890000
1418 2.190000
1419 1.890000
1420 1.000000
1421 1.500000
1422 0.890000
1423 0.890000
1424 0.890000
1425 5.290000
1426 11.990000
1427 11.990000
1428 2.990000
1429 2.990000
1430 5.590000
1431 2.990000
1432 3.690000
1433 3.690000
1434 5.590000
1435 6.790000
1436 6.790000
1437 6.790000
1438 6.690000
1439 6.690000
1440 6.690000
1441 12.190000
1442 12.190000
1443 12.190000
1444 1.690000
1445 1.690000
1446 2.990000
1447 4.690000
1448 4.890000
1449 0.890000
1450 1.390000
1451 1.390000
1452 5.490000
1453 12.690000
1454 2.290000
1455 1.690000
1456 1.390000
1457 2.090000
1458 1.390000
1459 5.490000
1460 7.790000
1461 3.590000
1462 5.590000
1463 5.590000
1464 4.390000
1465 6.990000
1466 7.490000
1467 3.990000
1468 3.990000
1469 3.990000
1470 3.990000
1471 1.490000
1472 2.690000
1473 5.590000
1474 1.590000
1475 2.290000
1476 2.190000
1477 1.390000
1478 2.190000
1479 1.390000
1480 5.390000
1481 6.190000
1482 1.490000
1483 5.490000
1484 15.290000
1485 11.990000
1486 15.290000
1487 3.890000
1488 7.690000
1489 9.990000
1490 9.990000
1491 2.490000
1492 5.790000
1493 3.690000
1494 1.590000
1495 0.790000
1496 1.390000
1497 5.190000
1498 6.090000
1499 2.190000
1500 1.890000
1501 2.990000
1502 8.490000
1503 7.590000
1504 4.390000
1505 2.390000
1506 2.790000
1507 1.790000
1508 1.390000
1509 0.890000
1510 2.890000
1511 2.690000
1512 4.590000
1513 1.390000
1514 0.690000
1515 6.590000
1516 1.500000
1517 1.500000
1518 3.990000
1519 0.990000
1520 1.590000
1521 2.590000
1522 2.150000
1523 14.090000
1524 7.090000
1525 2.390000
1526 1.990000
1527 0.500000
1528 1.290000
1529 0.790000
1530 1.750000
1531 1.750000
1532 3.290000
1533 5.290000
1534 3.490000
1535 2.590000
1536 2.590000
1537 2.590000
1538 3.890000
1539 1.790000
1540 1.390000
1541 4.290000
1542 4.290000
1543 8.990000
1544 4.990000
1545 2.090000
1546 2.090000
1547 2.190000
1548 2.190000
1549 2.190000
1550 2.190000
1551 1.100000
1552 2.190000
1553 2.190000
1554 2.190000
1555 11.490000
1556 7.990000
1557 4.990000
1558 4.990000
1559 4.990000
1560 4.990000
1561 4.990000
1562 1.790000
1563 0.990000
1564 7.990000
1565 8.490000
1566 5.490000
1567 6.990000
1568 3.890000
1569 7.490000
1570 2.490000
1571 2.190000
1572 2.190000
1573 3.490000
1574 2.190000
1575 2.190000
1576 1.390000
1577 2.890000
1578 2.490000
1579 1.690000
1580 2.690000
1581 7.090000
1582 10.590000
1583 7.690000
1584 4.990000
1585 9.990000
1586 7.890000
1587 8.290000
1588 2.990000
1589 2.790000
1590 2.990000
1591 2.990000
1592 8.990000
1593 3.290000
1594 3.290000
1595 3.290000
1596 3.490000
1597 2.990000
1598 2.690000
1599 4.290000
1600 3.990000
1601 0.500000
1602 0.690000
1603 1.590000
1604 1.990000
1605 1.990000
1606 1.990000
1607 1.390000
1608 2.490000
1609 2.490000
1610 2.490000
1611 2.490000
1612 2.490000
1613 2.490000
1614 2.490000
1615 2.690000
1616 2.690000
1617 2.690000
1618 1.990000
1619 1.990000
1620 5.190000
1621 6.990000
1622 5.390000
1623 4.790000
1624 5.690000
1625 11.990000
1626 3.290000
1627 5.990000
1628 12.490000
1629 8.990000
1630 5.990000
1631 6.490000
1632 4.290000
1633 8.190000
1634 5.790000
1635 2.690000
1636 2.290000
1637 2.190000
1638 2.190000
1639 1.790000
1640 3.990000
1641 1.890000
1642 10.490000
1643 2.090000
1644 1.590000
1645 1.290000
1646 1.390000
1647 1.390000
1648 2.190000
1649 2.190000
1650 2.190000
1651 4.190000
1652 1.990000
1653 1.290000
1654 3.990000
1655 3.990000
1656 3.990000
1657 1.790000
1658 1.790000
1659 1.790000
1660 0.990000
1661 0.990000
1662 0.990000
1663 0.990000
1664 2.790000
1665 2.990000
1666 3.290000
1667 2.590000
1668 1.790000
1669 4.290000
1670 8.290000
1671 5.390000
1672 3.790000
1673 5.690000
1674 6.890000
1675 12.590000
1676 2.490000
1677 2.190000
1678 1.690000
1679 2.390000
1680 2.390000
1681 2.390000
1682 2.390000
1683 9.590000
1684 1.590000
1685 0.890000
1686 3.990000
1687 3.490000
1688 3.290000
1689 3.690000
1690 5.790000
1691 5.190000
1692 2.090000
1693 3.990000
1694 2.990000
1695 4.590000
1696 2.990000
1697 2.990000
1698 3.190000
1699 3.190000
1700 3.000000
1701 5.590000
1702 2.190000
1703 2.190000
1704 1.665000
1705 2.590000
1706 2.590000
1707 2.590000
1708 2.590000
1709 3.990000
1710 2.690000
1711 2.690000
1712 2.690000
1713 2.690000
1714 2.190000
1715 1.550000
1716 5.990000
1717 4.290000
1718 4.190000
1719 1.490000
1720 1.290000
1721 1.290000
1722 1.290000
1723 2.990000
1724 4.090000
1725 3.990000
1726 3.990000
1727 3.590000
1728 1.890000
1729 4.190000
1730 2.090000
1731 1.890000
1732 2.090000
1733 1.990000
1734 3.990000
1735 3.190000
1736 1.590000
1737 1.990000
1738 1.890000
1739 2.490000
1740 1.590000
1741 1.990000
1742 2.590000
1743 2.290000
1744 6.590000
1745 0.890000
1746 4.190000
1747 6.490000
1748 6.990000
1749 4.190000
1750 2.690000
1751 3.590000
1752 0.790000
1753 0.790000
1754 0.790000
1755 0.790000
1756 14.990000
1757 12.580000
1758 6.290000
1759 9.440000
1760 5.290000
1761 5.290000
1762 6.290000
1763 3.150000
1764 37.500000
1765 2.500000
1766 29.980000
1767 44.970001
1768 1.190000
1769 0.890000
1770 1.190000
1771 0.890000
1772 2.990000
1773 1.090000
1774 1.190000
1775 0.890000
1776 1.490000
1777 0.990000
1778 3.190000
1779 3.190000
1780 1.190000
1781 2.090000
1782 2.390000
1783 1.890000
1784 2.390000
1785 2.390000
1786 1.890000
1787 1.890000
1788 1.890000
1789 2.390000
1790 0.590000
1791 0.590000
1792 0.590000
1793 0.590000
1794 0.590000
1795 0.590000
1796 0.590000
1797 2.650000
1798 2.650000
1799 0.590000
1800 0.590000
1801 0.590000
1802 0.590000
1803 0.590000
1804 0.590000
1805 0.590000
1806 0.590000
1807 0.590000
1808 0.590000
1809 0.590000
1810 2.390000
1811 2.390000
1812 2.390000
1813 2.390000
1814 1.790000
1815 1.790000
1816 2.690000
1817 1.790000
1818 1.590000
1819 0.990000
1820 0.990000
1821 1.790000
1822 2.690000
1823 1.590000
1824 1.790000
1825 1.590000
1826 1.590000
1827 2.690000
1828 1.190000
1829 1.190000
1830 1.190000
1831 1.990000
1832 1.990000
1833 1.990000
1834 3.190000
1835 2.890000
1836 2.790000
1837 2.890000
1838 2.990000
1839 0.990000
1840 2.890000
1841 1.490000
1842 0.990000
1843 1.490000
1844 1.490000
1845 1.490000
1846 2.690000
1847 3.190000
1848 1.590000
1849 3.690000
1850 2.490000
1851 2.490000
1852 1.990000
1853 2.490000
1854 3.990000
1855 2.390000
1856 3.990000
1857 0.790000
1858 2.390000
1859 0.290000
1860 0.290000
1861 2.390000
1862 0.290000
1863 0.290000
1864 2.390000
1865 2.390000
1866 0.290000
1867 0.290000
1868 0.290000
1869 0.290000
1870 0.290000
1871 0.290000
1872 0.290000
1873 0.290000
1874 0.290000
1875 0.290000
1876 0.790000
1877 0.790000
1878 0.790000
1879 0.790000
1880 0.790000
1881 0.790000
1882 0.790000
1883 0.790000
1884 0.790000
1885 0.790000
1886 0.790000
1887 0.790000
1888 3.990000
1889 0.790000
1890 0.990000
1891 0.790000
1892 0.990000
1893 0.990000
1894 0.990000
1895 0.290000
1896 0.890000
1897 0.890000
1898 0.890000
1899 0.890000
1900 0.790000
1901 0.890000
1902 0.790000
1903 0.790000
1904 0.790000
1905 0.790000
1906 0.290000
1907 2.390000
1908 0.790000
1909 0.790000
1910 0.290000
1911 0.790000
1912 0.790000
1913 0.990000
1914 3.990000
1915 2.390000
1916 2.390000
1917 2.390000
1918 2.390000
1919 3.990000
1920 0.290000
1921 0.290000
1922 0.290000
1923 0.990000
1924 0.990000
1925 0.990000
1926 0.990000
1927 0.990000
1928 0.990000
1929 0.990000
1930 0.990000
1931 0.990000
1932 0.990000
1933 0.990000
1934 0.990000
1935 2.390000
1936 2.390000
1937 2.390000
1938 2.390000
1939 2.390000
1940 2.390000
1941 2.390000
1942 2.390000
1943 2.390000
1944 0.290000
1945 3.990000
1946 3.990000
1947 3.990000
1948 3.990000
1949 0.790000
1950 0.790000
1951 0.790000
1952 0.790000
1953 2.390000
1954 2.390000
1955 2.390000
1956 2.390000
1957 3.990000
1958 3.990000
1959 3.990000
1960 3.990000
1961 3.990000
1962 3.990000
1963 3.990000
1964 3.990000
1965 0.990000
1966 0.990000
1967 0.990000
1968 0.990000
1969 0.990000
1970 0.990000
1971 0.990000
1972 3.990000
1973 3.990000
1974 3.990000
1975 3.990000
1976 3.990000
1977 3.990000
1978 3.990000
1979 3.990000
1980 3.990000
1981 3.990000
1982 3.990000
1983 3.990000
1984 3.990000
1985 3.990000
1986 3.990000
1987 3.990000
1988 3.990000
1989 3.990000
1990 3.990000
1991 3.990000
1992 3.990000
1993 3.990000
1994 3.990000
1995 3.990000
1996 3.990000
1997 5.190000
1998 5.190000
1999 5.190000
2000 5.190000
2001 5.190000
2002 5.190000
2003 5.190000
2004 5.190000
2005 5.190000
2006 5.190000
2007 5.190000
2008 5.190000
2009 5.190000
2010 3.990000
2011 3.990000
2012 3.990000
2013 3.990000
2014 3.990000
2015 3.990000
2016 3.990000
2017 3.990000
2018 3.290000
2019 3.290000
2020 3.290000
2021 3.290000
2022 3.290000
2023 3.290000
2024 3.290000
2025 3.290000
2026 3.290000
2027 3.990000
2028 3.990000
2029 3.990000
2030 3.990000
2031 3.990000
2032 3.990000
2033 3.990000
2034 3.990000
2035 3.990000
2036 3.990000
2037 13.990000
2038 13.990000
2039 13.990000
2040 13.990000
2041 17.990000
2042 17.990000
2043 5.190000
2044 5.190000
2045 5.190000
2046 5.190000
2047 5.190000
2048 5.190000
2049 3.490000
2050 3.490000
2051 3.490000
2052 3.490000
2053 3.490000
2054 3.290000
2055 3.290000
2056 3.290000
2057 3.290000
2058 5.790000
2059 5.790000
2060 5.790000
2061 5.790000
2062 5.190000
2063 5.190000
2064 5.190000
2065 5.190000
2066 5.190000
2067 5.190000
2068 5.190000
2069 5.190000
2070 5.190000
2071 5.190000
2072 5.790000
2073 5.790000
2074 5.790000
2075 5.790000
2076 5.790000
2077 5.790000
2078 5.790000
2079 5.790000
2080 3.990000
2081 3.990000
2082 3.990000
2083 3.990000
2084 3.990000
2085 3.990000
2086 3.990000
2087 3.990000
2088 2.490000
2089 3.990000
2090 3.490000
2091 3.290000
2092 3.490000
2093 3.290000
2094 3.290000
2095 3.290000
2096 5.990000
2097 3.490000
2098 3.490000
2099 2.990000
2100 3.690000
2101 3.990000
2102 3.290000
2103 3.290000
2104 3.290000
2105 3.290000
2106 3.290000
2107 3.290000
2108 5.990000
2109 2.490000
2110 3.490000
2111 3.490000
2112 3.490000
2113 3.490000
2114 3.490000
2115 3.490000
2116 3.490000
2117 3.990000
2118 3.290000
2119 3.290000
2120 3.290000
2121 2.290000
2122 2.990000
2123 2.990000
2124 2.990000
2125 2.990000
2126 2.990000
2127 2.990000
2128 3.690000
2129 2.690000
2130 2.490000
2131 3.690000
2132 2.990000
2133 2.990000
2134 2.990000
2135 2.990000
2136 2.990000
2137 3.990000
2138 2.990000
2139 3.990000
2140 3.990000
2141 3.990000
2142 2.290000
2143 3.990000
2144 3.990000
2145 3.990000
2146 3.490000
2147 2.990000
2148 2.990000
2149 3.990000
2150 3.990000
2151 3.990000
2152 3.990000
2153 3.990000
2154 3.990000
2155 3.990000
2156 3.490000
2157 3.490000
2158 3.490000
2159 3.690000
2160 2.990000
2161 3.990000
2162 2.690000
2163 3.990000
2164 3.490000
2165 3.990000
2166 3.990000
2167 0.335000
2168 0.335000
2169 3.890000
2170 2.990000
2171 2.990000
2172 6.490000
2173 6.490000
2174 6.490000
2175 6.490000
2176 3.090000
2177 2.590000
2178 2.590000
2179 2.590000
2180 2.590000
2181 0.333333
2182 3.890000
2183 2.990000
2184 2.690000
2185 2.690000
2186 2.790000
2187 4.690000
2188 2.790000
2189 2.790000
2190 4.690000
2191 4.690000
2192 4.690000
2193 3.290000
2194 3.490000
2195 2.690000
2196 3.490000
2197 3.490000
2198 2.690000
2199 2.690000
2200 2.690000
2201 3.490000
2202 2.690000
2203 2.690000
2204 2.690000
2205 2.690000
2206 2.690000
2207 2.690000
2208 3.490000
2209 3.490000
2210 2.690000
2211 2.690000
2212 2.690000
2213 2.690000
2214 2.690000
2215 2.690000
2216 2.890000
2217 2.690000
2218 3.290000
2219 1.500000
2220 1.500000
2221 2.690000
2222 3.990000
2223 3.990000
2224 2.190000
2225 2.190000
2226 2.690000
2227 2.690000
2228 2.690000
2229 2.690000
2230 2.690000
2231 2.690000
2232 2.690000
2233 3.990000
2234 3.990000
2235 6.490000
2236 6.490000
2237 6.490000
2238 6.490000
2239 6.490000
2240 6.490000
2241 6.490000
2242 6.490000
2243 3.990000
2244 3.790000
2245 2.290000
2246 1.990000
2247 1.990000
2248 3.490000
2249 3.990000
2250 2.690000
2251 2.690000
2252 3.290000
2253 1.990000
2254 1.990000
2255 1.990000
2256 1.990000
2257 1.990000
2258 1.990000
2259 1.990000
2260 1.990000
2261 4.890000
2262 4.890000
2263 4.890000
2264 4.890000
2265 4.890000
2266 4.890000
2267 4.890000
2268 2.690000
2269 6.490000
2270 3.990000
2271 3.990000
2272 3.290000
2273 3.290000
2274 3.990000
2275 3.990000
2276 2.500000
2277 9.980000
2278 9.980000
2279 9.980000
2280 9.980000
2281 9.980000
2282 9.980000
2283 9.980000
2284 2.990000
2285 3.190000
2286 3.290000
2287 4.190000
2288 1.990000
2289 1.990000
2290 1.990000
2291 1.990000
2292 2.890000
2293 2.890000
2294 3.590000
2295 3.190000
2296 2.990000
2297 9.990000
2298 3.990000
2299 2.990000
2300 1.190000
2301 2.990000
2302 3.990000
2303 1.990000
2304 2.890000
2305 2.990000
2306 3.790000
2307 1.390000
2308 2.990000
2309 3.990000
2310 1.790000
2311 2.490000
2312 1.390000
2313 1.990000
2314 1.790000
2315 2.990000
2316 1.990000
2317 3.490000
2318 3.490000
2319 3.990000
2320 3.990000
2321 4.990000
2322 4.990000
2323 11.990000
2324 11.990000
2325 11.990000
2326 12.990000
2327 9.990000
2328 1.790000
2329 1.790000
2330 1.790000
2331 3.790000
2332 3.790000
2333 3.790000
2334 3.790000
2335 2.990000
2336 2.990000
2337 2.990000
2338 2.990000
2339 4.390000
2340 4.390000
2341 3.490000
2342 6.490000
2343 2.490000
2344 2.490000
2345 2.490000
2346 2.490000
2347 2.490000
2348 2.490000
2349 2.990000
2350 2.990000
2351 2.290000
2352 1.490000
2353 2.990000
2354 1.990000
2355 1.990000
2356 1.290000
2357 1.390000
2358 1.890000
2359 1.890000
2360 1.890000
2361 0.790000
2362 0.450000
2363 0.450000
2364 0.440000
2365 0.440000
2366 0.440000
2367 0.440000
2368 0.440000
2369 0.890000
2370 0.890000
2371 0.890000
2372 0.890000
2373 0.890000
2374 0.890000
2375 2.390000
2376 2.990000
2377 4.290000
2378 2.390000
2379 4.290000
2380 7.790000
2381 2.690000
2382 3.990000
2383 3.190000
2384 2.490000
2385 0.590000
2386 0.590000
2387 0.590000
2388 0.790000
2389 1.490000
2390 0.490000
2391 0.950000
2392 1.590000
2393 1.590000
2394 1.590000
2395 1.790000
2396 2.190000
2397 0.200000
2398 0.990000
2399 0.990000
2400 0.500000
2401 0.500000
2402 0.990000
2403 0.500000
2404 0.500000
2405 0.500000
2406 0.500000
2407 0.990000
2408 3.990000
2409 2.990000
2410 2.490000
2411 2.990000
2412 2.490000
2413 0.750000
2414 1.890000
2415 2.190000
2416 2.490000
2417 2.490000
2418 2.190000
2419 1.890000
2420 1.990000
2421 2.990000
2422 2.990000
2423 4.490000
2424 2.490000
2425 1.490000
2426 2.990000
2427 5.290000
2428 1.390000
2429 1.390000
2430 1.390000
2431 1.390000
2432 1.390000
2433 2.990000
2434 2.190000
2435 5.690000
2436 2.190000
2437 2.190000
2438 5.690000
2439 5.690000
2440 2.390000
2441 1.590000
2442 3.190000
2443 2.490000
2444 2.990000
2445 2.690000
2446 2.790000
2447 3.990000
2448 2.890000
2449 3.190000
2450 1.390000
2451 1.890000
2452 3.490000
2453 2.990000
2454 1.690000
2455 1.690000
2456 1.690000
2457 1.990000
2458 1.990000
2459 1.990000
2460 1.990000
2461 1.990000
2462 1.990000
2463 1.990000
2464 1.390000
2465 1.390000
2466 1.790000
2467 2.690000
2468 2.590000
2469 2.590000
2470 2.290000
2471 2.290000
2472 2.590000
2473 0.990000
2474 2.090000
2475 3.190000
2476 2.990000
2477 2.490000
2478 2.990000
2479 2.090000
2480 2.590000
2481 2.590000
2482 2.590000
2483 6.390000
2484 2.590000
2485 2.890000
2486 1.590000
2487 2.190000
2488 2.190000
2489 3.390000
2490 2.990000
2491 1.190000
2492 1.490000
2493 0.890000
2494 1.390000
2495 1.990000
2496 1.990000
2497 1.990000
2498 1.990000
2499 2.990000
2500 3.990000
2501 4.990000
2502 3.290000
2503 1.190000
2504 1.290000
2505 2.290000
2506 2.490000
2507 2.490000
2508 1.890000
2509 2.490000
2510 2.490000
2511 2.490000
2512 2.090000
2513 2.490000
2514 2.490000
2515 2.490000
2516 2.490000
2517 2.690000
2518 1.990000
2519 2.690000
2520 2.390000
2521 3.090000
2522 8.490000
2523 3.090000
2524 1.990000
2525 1.990000
2526 8.490000
2527 0.790000
2528 0.790000
2529 0.790000
2530 0.790000
2531 0.590000
2532 0.790000
2533 0.590000
2534 0.590000
2535 0.590000
2536 0.590000
2537 0.590000
2538 0.590000
2539 0.590000
2540 0.590000
2541 0.590000
2542 0.590000
2543 0.790000
2544 0.890000
2545 0.890000
2546 0.890000
2547 0.890000
2548 0.890000
2549 0.445000
2550 0.445000
2551 0.445000
2552 0.450000
2553 0.445000
2554 0.445000
2555 0.440000
2556 0.445000
2557 0.440000
2558 0.445000
2559 0.750000
2560 5.490000
2561 0.790000
2562 0.590000
2563 1.990000
2564 2.190000
2565 0.445000
2566 0.446667
2567 0.590000
2568 2.490000
2569 2.490000
2570 1.390000
2571 2.190000
2572 2.190000
2573 2.190000
2574 1.390000
2575 1.390000
2576 1.390000
2577 2.750000
2578 0.890000
2579 1.590000
2580 0.450000
2581 0.890000
2582 2.090000
2583 1.990000
2584 2.190000
2585 2.190000
2586 2.390000
2587 2.390000
2588 1.590000
2589 2.190000
2590 2.390000
2591 1.890000
2592 2.190000
2593 2.190000
2594 2.190000
2595 1.890000
2596 2.390000
2597 1.290000
2598 1.990000
2599 1.290000
2600 1.390000
2601 1.890000
2602 1.890000
2603 2.750000
2604 1.590000
2605 1.590000
2606 1.590000
2607 1.090000
2608 1.590000
2609 1.590000
2610 1.890000
2611 0.200000
2612 0.990000
2613 0.200000
2614 0.200000
2615 0.200000
2616 0.200000
2617 0.200000
2618 0.200000
2619 0.200000
2620 0.200000
2621 0.200000
2622 3.190000
2623 2.290000
2624 3.390000
2625 4.390000
2626 1.890000
2627 1.790000
2628 2.890000
2629 2.390000
2630 2.690000
2631 3.990000
2632 4.790000
2633 2.990000
2634 2.490000
2635 2.190000
2636 3.390000
2637 3.390000
2638 3.490000
2639 3.690000
2640 1.990000
2641 2.790000
2642 3.290000
2643 3.990000
2644 1.990000
2645 2.990000
2646 3.390000
2647 3.890000
2648 2.990000
2649 2.690000
2650 3.490000
2651 2.090000
2652 1.990000
2653 2.990000
2654 1.890000
2655 3.090000
2656 3.990000
2657 2.990000
2658 3.990000
2659 1.790000
2660 1.390000
2661 2.290000
2662 3.390000
2663 3.990000
2664 2.190000
2665 2.890000
2666 2.690000
2667 3.490000
2668 3.290000
2669 3.990000
2670 2.590000
2671 3.990000
2672 3.990000
2673 3.490000
2674 3.590000
2675 2.990000
2676 3.590000
2677 3.290000
2678 2.390000
2679 2.590000
2680 2.290000
2681 2.590000
2682 3.790000
2683 4.190000
2684 2.790000
2685 3.990000
2686 2.490000
2687 3.190000
2688 1.490000
2689 2.290000
2690 2.790000
2691 3.390000
2692 1.990000
2693 2.990000
2694 2.990000
2695 2.990000
2696 2.490000
2697 3.890000
2698 2.990000
2699 3.490000
2700 3.990000
2701 0.750000
2702 1.190000
2703 7.490000
2704 3.790000
2705 3.790000
2706 2.990000
2707 1.690000
2708 2.990000
2709 2.990000
2710 2.990000
2711 1.790000
2712 2.990000
2713 3.190000
2714 3.790000
2715 2.990000
2716 5.390000
2717 1.590000
2718 1.590000
2719 1.590000
2720 1.390000
2721 2.490000
2722 1.390000
2723 2.990000
2724 3.990000
2725 0.590000
2726 0.790000
2727 2.290000
2728 3.690000
2729 0.590000
2730 3.490000
2731 1.790000
2732 1.790000
2733 2.090000
2734 2.190000
2735 2.190000
2736 1.290000
2737 1.290000
2738 1.290000
2739 1.290000
2740 6.990000
2741 6.390000
2742 6.490000
2743 5.990000
2744 5.490000
2745 3.490000
2746 6.590000
2747 5.690000
2748 5.790000
2749 6.790000
2750 7.390000
2751 6.990000
2752 6.990000
2753 5.890000
2754 4.990000
2755 7.490000
2756 7.690000
2757 6.990000
2758 3.990000
2759 1.990000
2760 2.990000
2761 3.390000
2762 3.390000
2763 2.990000
2764 2.090000
2765 2.990000
2766 1.690000
2767 1.690000
2768 1.690000
2769 1.690000
2770 1.690000
2771 1.690000
2772 1.590000
2773 2.190000
2774 3.490000
2775 2.990000
2776 2.890000
2777 2.990000
2778 2.690000
2779 2.590000
2780 1.990000
2781 6.490000
2782 2.690000
2783 6.490000
2784 3.490000
2785 1.990000
2786 1.390000
2787 1.390000
2788 2.490000
2789 2.490000
2790 2.490000
2791 2.490000
2792 2.490000
2793 2.490000
2794 0.990000
2795 1.590000
2796 1.590000
2797 2.190000
2798 3.490000
2799 3.590000
2800 2.190000
2801 2.690000
2802 1.190000
2803 4.990000
2804 3.190000
2805 1.190000
2806 3.290000
2807 0.590000
2808 5.690000
2809 0.590000
2810 0.590000
2811 0.590000
2812 0.590000
2813 2.990000
2814 1.990000
2815 2.590000
2816 5.990000
2817 2.990000
2818 2.190000
2819 2.390000
2820 0.990000
2821 5.990000
2822 1.890000
2823 1.890000
2824 5.990000
2825 5.990000
2826 2.990000
2827 2.990000
2828 3.290000
2829 7.990000
2830 2.990000
2831 4.790000
2832 1.590000
2833 1.790000
2834 0.990000
2835 0.990000
2836 0.990000
2837 2.190000
2838 2.990000
2839 3.390000
2840 2.190000
2841 2.990000
2842 2.990000
2843 1.690000
2844 1.190000
2845 2.190000
2846 1.690000
2847 1.690000
2848 0.990000
2849 1.690000
2850 3.790000
2851 0.590000
2852 2.290000
2853 1.690000
2854 1.690000
2855 1.690000
2856 1.690000
2857 2.190000
2858 2.290000
2859 0.990000
2860 2.290000
2861 2.990000
2862 3.990000
2863 3.990000
2864 3.990000
2865 2.290000
2866 1.190000
2867 8.990000
2868 5.590000
2869 1.250000
2870 0.590000
2871 3.690000
2872 0.590000
2873 0.690000
2874 1.250000
2875 1.250000
2876 1.250000
2877 1.250000
2878 4.990000
2879 3.090000
2880 1.290000
2881 1.090000
2882 1.090000
2883 1.590000
2884 2.990000
2885 2.490000
2886 2.490000
2887 0.890000
2888 0.890000
2889 0.890000
2890 0.990000
2891 0.500000
2892 4.790000
2893 3.890000
2894 4.790000
2895 0.690000
2896 0.990000
2897 0.690000
2898 0.690000
2899 0.690000
2900 0.690000
2901 0.690000
2902 2.190000
2903 5.990000
2904 0.990000
2905 1.890000
2906 5.990000
2907 6.990000
2908 5.990000
2909 2.890000
2910 1.590000
2911 7.490000
2912 2.890000
2913 2.190000
2914 1.190000
2915 1.690000
2916 0.450000
2917 4.290000
2918 3.990000
2919 5.490000
2920 4.390000
2921 2.190000
2922 2.690000
2923 2.690000
2924 0.590000
2925 5.990000
2926 5.990000
2927 5.990000
2928 5.990000
2929 5.990000
2930 2.190000
2931 5.690000
2932 0.590000
2933 0.590000
2934 0.590000
2935 0.590000
2936 0.590000
2937 0.690000
2938 0.990000
2939 2.190000
2940 0.990000
2941 0.990000
2942 0.990000
2943 0.990000
2944 0.990000
2945 0.990000
2946 2.090000
2947 1.490000
2948 3.190000
2949 1.590000
2950 7.390000
2951 2.990000
2952 1.990000
2953 3.990000
2954 2.990000
2955 1.990000
2956 1.990000
2957 1.990000
2958 1.990000
2959 1.990000
2960 1.990000
2961 1.990000
2962 6.990000
2963 3.990000
2964 3.990000
2965 0.690000
2966 0.690000
2967 0.690000
2968 0.690000
2969 0.690000
2970 0.690000
2971 0.690000
2972 0.690000
2973 0.690000
2974 0.690000
2975 0.690000
2976 0.690000
2977 0.690000
2978 0.690000
2979 0.690000
2980 0.690000
2981 0.690000
2982 3.690000
2983 5.490000
2984 2.990000
2985 3.890000
2986 2.990000
2987 2.790000
2988 2.990000
2989 2.990000
2990 5.990000
2991 1.890000
2992 2.290000
2993 1.890000
2994 9.490000
2995 2.890000
2996 1.990000
2997 1.990000
2998 0.500000
2999 3.090000
3000 1.990000
3001 2.890000
3002 0.890000
3003 1.290000
3004 2.990000
3005 2.990000
3006 2.990000
3007 0.500000
3008 0.500000
3009 0.500000
3010 0.500000
3011 0.500000
3012 0.990000
3013 0.950000
3014 2.190000
3015 2.090000
3016 3.390000
3017 2.090000
3018 3.190000
3019 2.890000
3020 2.190000
3021 2.190000
3022 2.590000
3023 2.190000
3024 2.190000
3025 3.190000
3026 3.190000
3027 5.690000
3028 5.690000
3029 5.690000
3030 5.990000
3031 0.990000
3032 2.990000
3033 2.990000
3034 2.990000
3035 2.990000
3036 2.990000
3037 2.990000
3038 5.990000
3039 0.990000
3040 3.190000
3041 2.890000
3042 2.890000
3043 2.390000
3044 2.890000
3045 4.990000
3046 2.990000
3047 1.990000
3048 6.990000
3049 3.490000
3050 3.990000
3051 2.990000
3052 3.490000
3053 2.290000
3054 1.390000
3055 1.390000
3056 2.590000
3057 0.590000
3058 0.690000
3059 0.590000
3060 0.590000
3061 0.590000
3062 0.590000
3063 0.590000
3064 0.590000
3065 2.990000
3066 2.990000
3067 2.990000
3068 0.450000
3069 0.440000
3070 0.450000
3071 0.440000
3072 0.440000
3073 0.450000
3074 1.990000
3075 1.990000
3076 3.390000
3077 1.590000
3078 1.590000
3079 1.590000
3080 5.990000
3081 5.990000
3082 5.990000
3083 5.990000
3084 8.990000
3085 5.990000
3086 5.990000
3087 5.990000
3088 5.990000
3089 5.990000
3090 5.990000
3091 1.990000
3092 3.790000
3093 3.290000
3094 4.000000
3095 4.000000
3096 3.690000
3097 2.990000
3098 2.490000
3099 2.490000
3100 2.490000
3101 2.490000
3102 2.490000
3103 3.990000
3104 4.290000
3105 3.990000
3106 5.590000
3107 4.990000
3108 5.990000
3109 5.990000
3110 4.590000
3111 4.490000
3112 2.990000
3113 2.990000
3114 6.990000
3115 6.990000
3116 7.790000
3117 2.490000
3118 2.490000
3119 2.490000
3120 2.490000
3121 4.990000
3122 4.990000
3123 4.990000
3124 7.990000
3125 6.490000
3126 4.990000
3127 4.890000
3128 3.490000
3129 3.990000
3130 3.690000
3131 3.690000
3132 3.990000
3133 5.490000
3134 4.390000
3135 4.590000
3136 3.190000
3137 4.190000
3138 4.590000
3139 3.190000
3140 3.090000
3141 3.690000
3142 3.790000
3143 3.190000
3144 2.990000
3145 6.990000
3146 3.990000
3147 2.990000
3148 2.590000
3149 2.590000
3150 2.490000
3151 4.290000
3152 4.290000
3153 4.290000
3154 4.290000
3155 3.290000
3156 3.290000
3157 2.990000
3158 0.590000
3159 0.990000
3160 0.990000
3161 0.990000
3162 0.990000
3163 0.990000
3164 1.290000
3165 1.290000
3166 0.990000
3167 3.490000
3168 2.490000
3169 2.490000
3170 2.490000
3171 2.490000
3172 2.490000
3173 2.490000
3174 2.490000
3175 2.490000
3176 2.490000
3177 3.990000
3178 2.990000
3179 2.990000
3180 2.990000
3181 2.990000
3182 3.690000
3183 3.890000
3184 0.590000
3185 1.690000
3186 2.790000
3187 1.790000
3188 1.790000
3189 1.790000
3190 1.790000
3191 2.990000
3192 2.990000
3193 3.290000
3194 2.790000
3195 0.750000
3196 1.490000
3197 2.190000
3198 2.190000
3199 1.890000
3200 1.790000
3201 2.990000
3202 0.990000
3203 0.990000
3204 0.990000
3205 2.390000
3206 1.990000
3207 1.290000
3208 7.590000
3209 1.390000
3210 1.390000
3211 1.390000
3212 1.890000
3213 2.890000
3214 2.990000
3215 1.000000
3216 3.190000
3217 3.190000
3218 2.190000
3219 1.290000
3220 1.000000
3221 0.500000
3222 3.990000
3223 2.090000
3224 0.500000
3225 3.390000
3226 1.500000
3227 1.500000
3228 1.500000
3229 2.990000
3230 0.750000
3231 0.750000
3232 0.750000
3233 1.590000
3234 1.000000
3235 1.690000
3236 2.990000
3237 3.490000
3238 2.990000
3239 3.990000
3240 5.690000
3241 4.990000
3242 0.890000
3243 6.590000
3244 6.590000
3245 6.590000
3246 1.500000
3247 3.590000
3248 1.990000
3249 4.490000
3250 4.490000
3251 3.490000
3252 4.490000
3253 2.090000
3254 0.790000
3255 0.990000
3256 0.500000
3257 0.500000
3258 1.390000
3259 4.490000
3260 5.490000
3261 6.490000
3262 8.990000
3263 2.290000
3264 3.490000
3265 5.990000
3266 2.990000
3267 4.290000
3268 3.890000
3269 0.990000
3270 1.990000
3271 2.990000
3272 1.890000
3273 1.990000
3274 2.390000
3275 2.690000
3276 0.590000
3277 1.490000
3278 1.890000
3279 1.990000
3280 5.390000
3281 0.590000
3282 0.990000
3283 1.290000
3284 2.490000
3285 0.990000
3286 0.990000
3287 0.990000
3288 0.990000
3289 2.990000
3290 2.990000
3291 2.690000
3292 1.490000
3293 1.590000
3294 4.190000
3295 1.890000
3296 1.890000
3297 0.800000
3298 1.590000
3299 3.390000
3300 3.490000
3301 4.390000
3302 2.990000
3303 4.990000
3304 3.690000
3305 5.590000
3306 4.790000
3307 3.290000
3308 3.290000
3309 2.990000
3310 3.690000
3311 3.990000
3312 2.190000
3313 2.190000
3314 2.690000
3315 3.590000
3316 3.290000
3317 1.390000
3318 3.990000
3319 2.090000
3320 3.490000
3321 8.790000
3322 2.690000
3323 3.490000
3324 6.790000
3325 5.290000
3326 5.990000
3327 5.790000
3328 5.990000
3329 3.190000
3330 1.190000
3331 2.690000
3332 1.190000
3333 4.890000
3334 4.490000
3335 3.590000
3336 4.890000
3337 7.290000
3338 2.390000
3339 7.290000
3340 3.790000
3341 4.890000
3342 2.190000
3343 2.190000
3344 1.890000
3345 1.890000
3346 5.990000
3347 5.190000
3348 2.390000
3349 5.890000
3350 2.290000
3351 2.990000
3352 3.590000
3353 2.290000
3354 1.590000
3355 4.390000
3356 2.090000
3357 2.790000
3358 1.500000
3359 0.990000
3360 2.990000
3361 5.790000
3362 2.490000
3363 2.590000
3364 3.490000
3365 5.590000
3366 0.790000
3367 1.990000
3368 1.990000
3369 2.190000
3370 2.990000
3371 1.500000
3372 3.490000
3373 1.890000
3374 1.890000
3375 1.990000
3376 2.790000
3377 1.190000
3378 1.190000
3379 1.190000
3380 4.590000
3381 4.590000
3382 1.500000
3383 4.890000
3384 4.290000
3385 11.990000
3386 11.990000
3387 2.990000
3388 2.590000
3389 6.990000
3390 3.490000
3391 9.990000
3392 5.990000
3393 5.390000
3394 3.590000
3395 5.990000
3396 4.390000
3397 5.990000
3398 4.990000
3399 3.490000
3400 2.990000
3401 3.290000
3402 7.290000
3403 9.990000
3404 5.490000
3405 4.590000
3406 7.990000
3407 4.490000
3408 6.590000
3409 3.390000
3410 5.990000
3411 9.090000
3412 5.990000
3413 3.490000
3414 2.990000
3415 4.590000
3416 7.090000
3417 2.490000
3418 4.790000
3419 5.990000
3420 7.490000
3421 3.990000
3422 10.990000
3423 2.990000
3424 4.890000
3425 9.990000
3426 15.990000
3427 7.990000
3428 6.990000
3429 9.990000
3430 2.190000
3431 2.190000
3432 2.190000
3433 2.290000
3434 0.990000
3435 8.990000
3436 9.990000
3437 1.690000
3438 1.690000
3439 1.690000
3440 1.690000
3441 12.990000
3442 12.890000
3443 3.990000
3444 2.990000
3445 1.390000
3446 2.790000
3447 2.090000
3448 4.990000
3449 3.690000
3450 2.090000
3451 11.990000
3452 7.990000
3453 7.990000
3454 1.190000
3455 1.190000
3456 0.990000
3457 6.990000
3458 5.990000
3459 1.290000
3460 5.490000
3461 5.290000
3462 1.790000
3463 9.990000
3464 5.500000
3465 18.990000
3466 3.990000
3467 4.000000
3468 10.990000
3469 10.490000
3470 9.990000
3471 5.690000
3472 5.690000
3473 2.490000
3474 3.610000
3475 2.390000
3476 2.190000
3477 1.490000
3478 1.290000
3479 0.750000
3480 0.750000
3481 0.450000
3482 0.750000
3483 5.490000
3484 0.450000
3485 0.450000
3486 0.750000
3487 0.750000
3488 0.450000
3489 5.490000
3490 0.750000
3491 2.990000
3492 0.890000
3493 0.650000
3494 1.490000
3495 0.890000
3496 0.690000
3497 0.690000
3498 0.690000
3499 0.650000
3500 0.490000
3501 0.490000
3502 0.590000
3503 0.690000
3504 0.650000
3505 0.450000
3506 0.590000
3507 5.490000
3508 0.690000
3509 0.750000
3510 0.750000
3511 0.750000
3512 0.450000
3513 0.650000
3514 3.890000
3515 5.490000
3516 0.450000
3517 0.450000
3518 0.690000
3519 0.990000
3520 0.590000
3521 0.590000
3522 1.190000
3523 0.650000
3524 0.450000
3525 0.650000
3526 0.650000
3527 3.890000
3528 0.750000
3529 0.750000
3530 5.490000
3531 0.450000
3532 0.450000
3533 0.450000
3534 0.750000
3535 0.450000
3536 0.650000
3537 0.750000
3538 0.750000
3539 1.390000
3540 0.790000
3541 0.850000
3542 0.850000
3543 1.290000
3544 0.550000
3545 1.190000
3546 1.790000
3547 0.790000
3548 1.690000
3549 1.990000
3550 1.090000
3551 1.490000
3552 1.590000
3553 5.190000
3554 2.490000
3555 4.490000
3556 0.990000
3557 0.990000
3558 1.490000
3559 1.790000
3560 0.850000
3561 1.090000
3562 3.290000
3563 0.850000
3564 1.090000
3565 0.590000
3566 0.850000
3567 0.850000
3568 0.850000
3569 0.850000
3570 0.890000
3571 1.090000
3572 3.290000
3573 3.490000
3574 1.090000
3575 1.090000
3576 1.390000
3577 1.890000
3578 0.490000
3579 0.890000
3580 0.390000
3581 0.590000
3582 0.990000
3583 2.990000
3584 2.590000
3585 1.990000
3586 1.990000
3587 1.990000
3588 3.290000
3589 1.990000
3590 1.290000
3591 1.990000
3592 2.690000
3593 1.690000
3594 1.590000
3595 1.690000
3596 2.990000
3597 2.990000
3598 2.990000
3599 0.890000
3600 2.390000
3601 1.390000
3602 1.790000
3603 1.790000
3604 1.790000
3605 1.790000
3606 1.790000
3607 2.390000
3608 1.490000
3609 2.990000
3610 1.990000
3611 2.990000
3612 2.190000
3613 3.990000
3614 1.890000
3615 2.590000
3616 2.990000
3617 5.990000
3618 1.690000
3619 2.990000
3620 2.990000
3621 2.990000
3622 2.990000
3623 2.890000
3624 2.990000
3625 2.890000
3626 2.990000
3627 1.890000
3628 2.990000
3629 2.890000
3630 2.990000
3631 2.990000
3632 2.490000
3633 2.990000
3634 2.990000
3635 1.890000
3636 3.490000
3637 3.490000
3638 3.490000
3639 3.490000
3640 3.290000
3641 2.990000
3642 1.390000
3643 1.390000
3644 1.390000
3645 1.090000
3646 1.390000
3647 1.990000
3648 1.990000
3649 1.990000
3650 1.990000
3651 1.990000
3652 1.390000
3653 1.290000
3654 0.890000
3655 0.890000
3656 0.890000
3657 1.290000
3658 1.290000
3659 1.990000
3660 5.490000
3661 1.690000
3662 0.790000
3663 0.790000
3664 1.690000
3665 0.790000
3666 1.190000
3667 1.190000
3668 1.190000
3669 1.190000
3670 1.490000
3671 1.490000
3672 1.690000
3673 1.490000
3674 1.690000
3675 1.090000
3676 1.090000
3677 0.750000
3678 0.750000
3679 1.090000
3680 1.090000
3681 1.090000
3682 1.690000
3683 1.690000
3684 1.990000
3685 1.990000
3686 4.690000
3687 0.330000
3688 1.190000
3689 1.190000
3690 1.190000
3691 1.490000
3692 1.690000
3693 0.790000
3694 0.790000
3695 1.690000
3696 0.790000
3697 0.790000
3698 1.390000
3699 1.390000
3700 1.390000
3701 1.390000
3702 1.390000
3703 1.390000
3704 1.390000
3705 1.790000
3706 1.990000
3707 1.090000
3708 1.490000
3709 2.990000
3710 1.990000
3711 1.990000
3712 1.990000
3713 1.990000
3714 1.990000
3715 1.990000
3716 1.990000
3717 1.990000
3718 1.590000
3719 4.890000
3720 0.700000
3721 0.750000
3722 1.500000
3723 1.490000
3724 1.790000
3725 1.790000
3726 1.790000
3727 1.790000
3728 1.790000
3729 1.790000
3730 1.790000
3731 2.390000
3732 2.390000
3733 1.790000
3734 1.790000
3735 1.790000
3736 2.390000
3737 2.390000
3738 1.790000
3739 1.790000
3740 1.590000
3741 1.590000
3742 2.990000
3743 1.790000
3744 2.490000
3745 2.090000
3746 1.590000
3747 1.590000
3748 1.590000
3749 1.590000
3750 0.990000
3751 0.990000
3752 0.990000
3753 0.990000
3754 0.730000
3755 0.950000
3756 0.890000
3757 0.730000
3758 0.750000
3759 0.750000
3760 0.990000
3761 0.950000
3762 0.990000
3763 0.990000
3764 0.750000
3765 1.790000
3766 1.790000
3767 1.790000
3768 1.790000
3769 1.150000
3770 1.150000
3771 0.790000
3772 1.490000
3773 0.990000
3774 0.990000
3775 1.290000
3776 1.290000
3777 0.690000
3778 0.990000
3779 0.790000
3780 2.290000
3781 2.290000
3782 0.950000
3783 0.950000
3784 2.090000
3785 2.090000
3786 1.690000
3787 0.990000
3788 0.990000
3789 3.990000
3790 0.990000
3791 0.990000
3792 0.990000
3793 1.390000
3794 0.790000
3795 0.990000
3796 0.990000
3797 0.790000
3798 1.990000
3799 2.990000
3800 1.090000
3801 2.590000
3802 2.590000
3803 0.990000
3804 0.990000
3805 1.690000
3806 2.090000
3807 2.490000
3808 0.990000
3809 0.990000
3810 0.990000
3811 0.990000
3812 2.490000
3813 2.490000
3814 2.490000
3815 1.890000
3816 1.890000
3817 0.990000
3818 0.990000
3819 3.790000
3820 3.890000
3821 3.790000
3822 3.790000
3823 2.590000
3824 2.590000
3825 2.590000
3826 2.590000
3827 3.790000
3828 3.790000
3829 1.990000
3830 1.890000
3831 1.990000
3832 3.890000
3833 3.590000
3834 2.590000
3835 2.090000
3836 2.690000
3837 1.890000
3838 1.690000
3839 1.890000
3840 3.790000
3841 2.490000
3842 1.990000
3843 2.490000
3844 2.190000
3845 3.490000
3846 3.490000
3847 3.490000
3848 4.790000
3849 4.790000
3850 4.790000
3851 2.490000
3852 2.490000
3853 2.490000
3854 2.490000
3855 2.490000
3856 2.490000
3857 2.290000
3858 3.990000
3859 2.490000
3860 2.490000
3861 2.190000
3862 2.190000
3863 2.990000
3864 2.490000
3865 2.490000
3866 2.990000
3867 2.990000
3868 2.990000
3869 2.990000
3870 3.990000
3871 2.590000
3872 1.790000
3873 1.890000
3874 1.890000
3875 1.890000
3876 2.390000
3877 2.090000
3878 2.490000
3879 2.590000
3880 0.990000
3881 0.990000
3882 0.990000
3883 0.990000
3884 0.990000
3885 1.490000
3886 1.390000
3887 1.190000
3888 2.490000
3889 1.090000
3890 1.990000
3891 2.490000
3892 0.990000
3893 2.490000
3894 2.490000
3895 2.490000
3896 0.990000
3897 2.990000
3898 1.990000
3899 1.790000
3900 1.190000
3901 2.490000
3902 0.690000
3903 1.290000
3904 2.790000
3905 0.690000
3906 1.290000
3907 1.490000
3908 2.790000
3909 1.290000
3910 1.490000
3911 1.490000
3912 3.790000
3913 1.390000
3914 0.990000
3915 0.990000
3916 0.990000
3917 0.990000
3918 0.990000
3919 0.990000
3920 0.790000
3921 1.390000
3922 14.990000
3923 1.290000
3924 2.090000
3925 0.890000
3926 1.790000
3927 1.190000
3928 1.890000
3929 0.690000
3930 2.590000
3931 0.890000
3932 0.590000
3933 0.990000
3934 0.990000
3935 0.990000
3936 0.490000
3937 1.590000
3938 1.590000
3939 1.590000
3940 1.590000
3941 1.590000
3942 1.590000
3943 1.590000
3944 2.690000
3945 1.500000
3946 0.990000
3947 0.990000
3948 0.990000
3949 0.990000
3950 0.990000
3951 0.990000
3952 0.990000
3953 0.990000
3954 0.990000
3955 0.990000
3956 0.990000
3957 0.990000
3958 0.990000
3959 0.990000
3960 0.990000
3961 0.990000
3962 0.990000
3963 0.990000
3964 0.990000
3965 0.990000
3966 0.990000
3967 0.990000
3968 0.990000
3969 0.990000
3970 0.990000
3971 0.990000
3972 0.990000
3973 0.990000
3974 0.990000
3975 0.990000
3976 1.190000
3977 1.990000
3978 1.490000
3979 1.490000
3980 1.490000
3981 1.190000
3982 1.190000
3983 1.490000
3984 0.990000
3985 1.190000
3986 1.190000
3987 1.190000
3988 0.690000
3989 0.690000
3990 1.790000
3991 0.690000
3992 0.590000
3993 1.790000
3994 0.990000
3995 1.290000
3996 1.290000
3997 1.290000
3998 1.290000
3999 1.490000
4000 1.090000
4001 1.090000
4002 1.090000
4003 1.090000
4004 1.090000
4005 1.090000
4006 1.490000
4007 1.590000
4008 2.090000
4009 0.890000
4010 0.950000
4011 1.590000
4012 0.800000
4013 1.390000
4014 0.690000
4015 1.090000
4016 0.330000
4017 1.890000
4018 1.500000
4019 1.290000
4020 0.790000
4021 1.490000
4022 1.390000
4023 1.390000
4024 1.390000
4025 0.250000
4026 1.990000
4027 1.990000
4028 1.490000
4029 1.490000
4030 1.090000
4031 0.450000
4032 2.790000
4033 1.490000
4034 1.490000
4035 1.490000
4036 1.490000
4037 1.490000
4038 2.690000
4039 2.490000
4040 1.690000
4041 2.590000
4042 2.490000
4043 0.790000
4044 0.890000
4045 2.690000
4046 2.490000
4047 2.390000
4048 2.690000
4049 2.690000
4050 2.990000
4051 1.790000
4052 2.990000
4053 2.990000
4054 2.990000
4055 2.990000
4056 2.690000
4057 2.590000
4058 2.690000
4059 1.090000
4060 2.690000
4061 2.690000
4062 2.990000
4063 2.490000
4064 2.690000
4065 2.990000
4066 2.690000
4067 2.490000
4068 2.890000
4069 2.890000
4070 2.690000
4071 2.490000
4072 2.990000
4073 2.390000
4074 2.390000
4075 2.990000
4076 2.490000
4077 2.990000
4078 2.690000
4079 2.690000
4080 0.890000
4081 2.990000
4082 0.990000
4083 2.690000
4084 2.490000
4085 0.500000
4086 0.990000
4087 1.390000
4088 0.990000
4089 0.890000
4090 0.890000
4091 1.390000
4092 6.990000
4093 1.990000
4094 1.390000
4095 0.550000
4096 2.090000
4097 1.590000
4098 1.990000
4099 1.690000
4100 3.850000
4101 3.990000
4102 9.990000
4103 0.590000
4104 0.590000
4105 0.590000
4106 1.090000
4107 1.090000
4108 1.290000
4109 1.790000
4110 1.790000
4111 4.290000
4112 1.490000
4113 2.550000
4114 1.790000
4115 3.890000
4116 3.890000
4117 3.890000
4118 3.890000
4119 3.890000
4120 1.790000
4121 2.550000
4122 1.490000
4123 1.790000
4124 2.550000
4125 4.390000
4126 4.490000
4127 3.990000
4128 2.990000
4129 2.990000
4130 1.990000
4131 3.390000
4132 1.990000
4133 1.990000
4134 3.990000
4135 2.590000
4136 0.550000
4137 0.550000
4138 1.990000
4139 1.790000
4140 1.790000
4141 2.590000
4142 1.790000
4143 1.790000
4144 1.790000
4145 1.790000
4146 2.590000
4147 3.190000
4148 2.990000
4149 2.990000
4150 2.990000
4151 2.990000
4152 2.990000
4153 2.990000
4154 2.990000
4155 2.990000
4156 2.890000
4157 3.490000
4158 6.990000
4159 3.990000
4160 3.990000
4161 3.990000
4162 3.990000
4163 3.990000
4164 2.990000
4165 2.990000
4166 2.990000
4167 2.990000
4168 2.990000
4169 1.990000
4170 1.990000
4171 6.990000
4172 6.990000
4173 6.990000
4174 2.990000
4175 2.990000
4176 2.990000
4177 2.990000
4178 2.990000
4179 2.990000
4180 2.990000
4181 2.990000
4182 3.990000
4183 2.990000
4184 1.990000
4185 1.990000
4186 1.990000
4187 3.990000
4188 3.990000
4189 2.990000
4190 2.990000
4191 1.990000
4192 1.990000
4193 2.690000
4194 0.450000
4195 0.450000
4196 0.450000
4197 0.450000
4198 0.450000
4199 2.490000
4200 0.390000
4201 3.490000
4202 0.390000
4203 3.490000
4204 0.390000
4205 1.890000
4206 0.590000
4207 0.590000
4208 0.590000
4209 0.590000
4210 0.590000
4211 0.590000
4212 5.590000
4213 3.890000
4214 1.990000
4215 1.990000
4216 1.990000
4217 1.990000
4218 3.990000
4219 0.590000
4220 0.590000
4221 0.590000
4222 0.290000
4223 0.290000
4224 0.290000
4225 0.290000
4226 0.290000
4227 0.290000
4228 0.290000
4229 0.290000
4230 0.290000
4231 0.290000
4232 0.290000
4233 1.490000
4234 2.890000
4235 2.290000
4236 2.290000
4237 2.290000
4238 2.290000
4239 2.290000
4240 2.290000
4241 0.590000
4242 0.390000
4243 0.390000
4244 0.390000
4245 0.890000
4246 0.890000
4247 0.890000
4248 0.890000
4249 0.890000
4250 0.890000
4251 0.290000
4252 0.290000
4253 0.290000
4254 0.390000
4255 0.390000
4256 0.390000
4257 0.390000
4258 0.390000
4259 0.390000
4260 0.390000
4261 0.390000
4262 0.390000
4263 0.390000
4264 0.390000
4265 0.390000
4266 17.990000
4267 17.990000
4268 2.500000
4269 2.500000
4270 2.500000
4271 4.990000
4272 4.990000
4273 4.990000
4274 3.990000
4275 2.590000
4276 1.090000
4277 1.990000
4278 1.890000
4279 1.690000
4280 2.690000
4281 1.890000
4282 1.890000
4283 0.790000
4284 2.490000
4285 2.490000
4286 1.990000
4287 1.690000
4288 3.290000
4289 3.290000
4290 1.790000
4291 2.590000
4292 2.590000
4293 1.590000
4294 1.590000
4295 1.290000
4296 1.590000
4297 0.990000
4298 1.490000
4299 1.490000
4300 1.490000
4301 2.290000
4302 2.190000
4303 0.990000
4304 0.990000
4305 0.990000
4306 0.990000
4307 2.590000
4308 2.990000
4309 0.990000
4310 2.990000
4311 2.990000
4312 2.290000
4313 2.090000
4314 2.090000
4315 0.990000
4316 2.290000
4317 2.290000
4318 1.990000
4319 1.090000
4320 1.090000
4321 0.990000
4322 0.990000
4323 2.290000
4324 2.290000
4325 1.990000
4326 3.390000
4327 3.390000
4328 2.990000
4329 1.200000
4330 2.990000
4331 4.690000
4332 4.690000
4333 3.990000
4334 3.990000
4335 1.790000
4336 1.790000
4337 2.990000
4338 1.790000
4339 2.990000
4340 2.990000
4341 2.990000
4342 3.690000
4343 3.890000
4344 3.890000
4345 2.990000
4346 2.190000
4347 1.990000
4348 1.890000
4349 1.990000
4350 0.790000
4351 0.500000
4352 2.290000
4353 1.390000
4354 1.390000
4355 1.390000
4356 2.990000
4357 2.990000
4358 2.890000
4359 1.390000
4360 3.190000
4361 3.190000
4362 2.290000
4363 2.290000
4364 2.290000
4365 1.990000
4366 0.990000
4367 1.090000
4368 0.790000
4369 0.790000
4370 1.190000
4371 1.290000
4372 3.390000
4373 5.990000
4374 2.490000
4375 2.490000
4376 2.290000
4377 5.990000
4378 1.090000
4379 1.090000
4380 4.490000
4381 2.990000
4382 0.990000
4383 2.190000
4384 1.690000
4385 0.990000
4386 3.890000
4387 1.890000
4388 1.890000
4389 1.090000
4390 1.190000
4391 3.990000
4392 0.690000
4393 1.090000
4394 1.390000
4395 2.690000
4396 0.850000
4397 1.190000
4398 0.990000
4399 2.490000
4400 1.890000
4401 5.990000
4402 2.590000
4403 1.990000
4404 0.890000
4405 2.190000
4406 1.590000
4407 1.090000
4408 1.490000
4409 2.490000
4410 6.190000
4411 1.590000
4412 2.490000
4413 2.990000
4414 0.990000
4415 0.990000
4416 0.990000
4417 2.990000
4418 6.190000
4419 0.990000
4420 2.390000
4421 0.990000
4422 2.190000
4423 2.190000
4424 2.190000
4425 2.190000
4426 0.990000
4427 0.990000
4428 2.190000
4429 2.190000
4430 1.590000
4431 2.690000
4432 1.290000
4433 1.790000
4434 1.590000
4435 3.390000
4436 2.290000
4437 1.890000
4438 1.890000
4439 1.990000
4440 3.890000
4441 2.490000
4442 1.890000
4443 3.490000
4444 1.890000
4445 1.890000
4446 2.490000
4447 2.590000
4448 2.690000
4449 2.390000
4450 2.490000
4451 2.390000
4452 2.190000
4453 0.990000
4454 0.990000
4455 0.990000
4456 1.890000
4457 1.890000
4458 0.990000
4459 0.990000
4460 4.990000
4461 4.490000
4462 3.990000
4463 6.490000
4464 1.250000
4465 1.490000
4466 2.390000
4467 2.390000
4468 2.390000
4469 1.190000
4470 1.190000
4471 2.990000
4472 1.890000
4473 0.990000
4474 0.790000
4475 1.990000
4476 5.990000
4477 5.990000
4478 2.690000
4479 2.390000
4480 5.990000
4481 1.690000
4482 1.690000
4483 1.590000
4484 1.190000
4485 1.890000
4486 1.190000
4487 1.490000
4488 1.890000
4489 1.090000
4490 1.990000
4491 2.890000
4492 1.190000
4493 1.990000
4494 0.990000
4495 0.990000
4496 0.890000
4497 2.890000
4498 1.190000
4499 1.190000
4500 1.090000
4501 1.590000
4502 2.890000
4503 1.190000
4504 2.990000
4505 1.290000
4506 1.890000
4507 1.890000
4508 0.990000
4509 2.890000
4510 4.990000
4511 1.190000
4512 1.490000
4513 2.190000
4514 1.290000
4515 0.890000
4516 0.790000
4517 0.790000
4518 1.390000
4519 0.990000
4520 1.290000
4521 0.990000
4522 2.590000
4523 2.490000
4524 2.490000
4525 2.490000
4526 2.490000
4527 1.990000
4528 1.990000
4529 2.590000
4530 1.990000
4531 1.990000
4532 1.990000
4533 1.990000
4534 4.990000
4535 1.390000
4536 1.390000
4537 1.390000
4538 1.390000
4539 1.690000
4540 1.690000
4541 1.690000
4542 7.190000
4543 3.600000
4544 7.190000
4545 6.090000
4546 6.090000
4547 6.090000
4548 6.090000
4549 4.200000
4550 8.290000
4551 1.390000
4552 3.290000
4553 2.490000
4554 3.490000
4555 3.490000
4556 1.750000
4557 3.490000
4558 2.490000
4559 2.490000
4560 3.290000
4561 2.590000
4562 2.190000
4563 1.690000
4564 1.690000
4565 7.690000
4566 2.590000
4567 0.790000
4568 0.790000
4569 0.790000
4570 3.690000
4571 4.690000
4572 6.390000
4573 5.590000
4574 3.990000
4575 6.790000
4576 3.990000
4577 3.400000
4578 1.590000
4579 3.290000
4580 3.290000
4581 3.290000
4582 6.490000
4583 2.090000
4584 3.850000
4585 3.290000
4586 6.390000
4587 0.490000
4588 0.990000
4589 0.490000
4590 0.490000
4591 0.990000
4592 0.490000
4593 7.690000
4594 0.990000
4595 0.990000
4596 3.390000
4597 3.490000
4598 3.490000
4599 5.590000
4600 1.590000
4601 1.590000
4602 1.590000
4603 5.490000
4604 5.490000
4605 5.490000
4606 5.490000
4607 4.690000
4608 3.290000
4609 1.490000
4610 1.950000
4611 1.990000
4612 2.790000
4613 1.790000
4614 1.790000
4615 2.090000
4616 2.490000
4617 1.990000
4618 1.790000
4619 6.290000
4620 6.290000
4621 2.090000
4622 6.290000
4623 6.290000
4624 3.790000
4625 1.790000
4626 2.490000
4627 0.890000
4628 1.590000
4629 6.290000
4630 1.990000
4631 1.790000
4632 2.690000
4633 1.390000
4634 1.990000
4635 2.390000
4636 1.990000
4637 1.990000
4638 1.990000
4639 1.390000
4640 6.290000
4641 1.990000
4642 6.290000
4643 1.390000
4644 7.690000
4645 6.390000
4646 7.690000
4647 4.500000
4648 4.500000
4649 8.990000
4650 5.590000
4651 10.490000
4652 1.690000
4653 1.690000
4654 2.190000
4655 2.190000
4656 2.190000
4657 2.990000
4658 2.990000
4659 2.990000
4660 2.990000
4661 2.990000
4662 2.990000
4663 2.990000
4664 1.990000
4665 1.990000
4666 1.990000
4667 3.290000
4668 3.290000
4669 1.990000
4670 3.990000
4671 1.990000
4672 1.990000
4673 1.990000
4674 2.490000
4675 1.990000
4676 1.990000
4677 2.690000
4678 2.790000
4679 1.990000
4680 1.990000
4681 1.890000
4682 1.990000
4683 1.990000
4684 1.990000
4685 3.990000
4686 1.990000
4687 1.990000
4688 1.890000
4689 1.890000
4690 1.990000
4691 1.290000
4692 1.290000
4693 1.990000
4694 0.790000
4695 1.390000
4696 2.790000
4697 1.390000
4698 1.390000
4699 1.390000
4700 1.290000
4701 1.290000
4702 1.290000
4703 1.290000
4704 1.590000
4705 0.250000
4706 1.190000
4707 1.190000
4708 0.490000
4709 1.190000
4710 1.190000
4711 0.590000
4712 1.490000
4713 1.490000
4714 1.090000
4715 1.190000
4716 1.390000
4717 1.490000
4718 2.090000
4719 2.190000
4720 6.990000
4721 2.890000
4722 2.790000
4723 2.890000
4724 2.190000
4725 2.990000
4726 2.190000
4727 2.790000
4728 2.990000
4729 2.690000
4730 2.790000
4731 1.990000
4732 1.990000
4733 1.990000
4734 1.990000
4735 2.390000
4736 2.690000
4737 1.390000
4738 1.690000
4739 1.690000
4740 1.690000
4741 0.990000
4742 0.990000
4743 0.990000
4744 4.490000
4745 3.190000
4746 6.990000
4747 1.990000
4748 7.690000
4749 6.390000
4750 6.490000
4751 6.390000
4752 6.390000
4753 1.990000
4754 1.590000
4755 2.990000
4756 6.990000
4757 1.490000
4758 1.490000
4759 0.300000
4760 0.300000
4761 0.300000
4762 0.300000
4763 0.300000
4764 8.990000
4765 5.490000
4766 2.290000
4767 1.190000
4768 9.990000
4769 5.290000
4770 2.690000
4771 1.390000
4772 3.690000
4773 9.890000
4774 4.990000
4775 4.990000
4776 2.990000
4777 3.990000
4778 2.000000
4779 2.000000
4780 9.990000
4781 3.190000
4782 4.290000
4783 2.890000
4784 5.290000
4785 1.990000
4786 3.090000
4787 4.290000
4788 3.690000
4789 1.000000
4790 3.990000
4791 5.990000
4792 5.990000
4793 5.990000
4794 2.290000
4795 2.290000
4796 2.290000
4797 2.290000
4798 2.290000
4799 2.390000
4800 2.390000
4801 2.090000
4802 2.090000
4803 0.890000
4804 0.490000
4805 0.790000
4806 2.190000
4807 0.890000
4808 0.890000
4809 2.190000
4810 1.990000
4811 1.990000
4812 1.990000
4813 1.990000
4814 1.490000
4815 2.390000
4816 2.990000
4817 2.390000
4818 1.790000
4819 2.390000
4820 3.990000
4821 1.990000
4822 4.590000
4823 4.590000
4824 4.590000
4825 1.590000
4826 1.590000
4827 1.590000
4828 1.590000
4829 2.190000
4830 2.190000
4831 2.890000
4832 2.890000
4833 10.990000
4834 6.590000
4835 2.490000
4836 4.990000
4837 7.890000
4838 7.890000
4839 3.490000
4840 3.490000
4841 3.490000
4842 3.490000
4843 0.990000
4844 1.190000
4845 1.890000
4846 0.990000
4847 2.390000
4848 1.790000
4849 1.790000
4850 1.790000
4851 1.290000
4852 1.390000
4853 3.390000
4854 1.990000
4855 1.990000
4856 1.990000
4857 2.690000
4858 2.690000
4859 2.690000
4860 3.590000
4861 2.890000
4862 3.190000
4863 2.690000
4864 3.190000
4865 3.190000
4866 3.190000
4867 3.190000
4868 1.690000
4869 1.690000
4870 1.690000
4871 1.690000
4872 1.690000
4873 1.690000
4874 1.990000
4875 1.990000
4876 1.990000
4877 1.990000
4878 1.590000
4879 0.690000
4880 1.990000
4881 1.990000
4882 1.990000
4883 3.090000
4884 3.090000
4885 3.090000
4886 3.990000
4887 2.490000
4888 2.490000
4889 1.500000
4890 1.500000
4891 0.450000
4892 0.450000
4893 2.490000
4894 1.290000
4895 1.290000
4896 1.990000
4897 2.790000
4898 2.790000
4899 1.990000
4900 0.990000
4901 0.990000
4902 0.990000
4903 1.590000
4904 1.590000
4905 1.990000
4906 1.590000
4907 1.990000
4908 1.990000
4909 1.390000
4910 1.390000
4911 2.500000
4912 1.990000
4913 1.990000
4914 2.690000
4915 2.690000
4916 2.290000
4917 2.290000
4918 2.990000
4919 2.990000
4920 2.990000
4921 2.990000
4922 3.190000
4923 3.190000
4924 1.500000
4925 3.190000
4926 3.490000
4927 1.590000
4928 1.590000
4929 1.590000
4930 1.990000
4931 1.990000
4932 1.390000
4933 2.990000
4934 2.390000
4935 0.790000
4936 2.990000
4937 2.990000
4938 1.190000
4939 1.990000
4940 1.090000
4941 2.790000
4942 2.590000
4943 2.590000
4944 2.490000
4945 2.590000
4946 2.590000
4947 0.990000
4948 0.990000
4949 1.390000
4950 1.390000
4951 1.290000
4952 2.590000
4953 3.190000
4954 5.590000
4955 5.590000
4956 3.590000
4957 3.590000
4958 3.590000
4959 1.490000
4960 0.790000
4961 1.190000
4962 1.990000
4963 1.190000
4964 1.490000
4965 1.490000
4966 4.590000
4967 1.490000
4968 1.890000
4969 3.490000
4970 3.490000
4971 4.990000
4972 1.590000
4973 2.990000
4974 1.190000
4975 2.990000
4976 4.990000
4977 2.990000
4978 4.990000
4979 5.490000
4980 5.490000
4981 5.490000
4982 5.490000
4983 2.190000
4984 2.490000
4985 2.490000
4986 2.190000
4987 5.790000
4988 3.990000
4989 5.290000
4990 5.990000
4991 5.290000
4992 5.290000
4993 8.990000
4994 10.690000
4995 5.990000
4996 8.990000
4997 5.990000
4998 6.990000
4999 5.990000
5000 6.990000
5001 9.990000
5002 8.990000
5003 8.990000
5004 6.590000
5005 4.490000
5006 7.990000
5007 5.490000
5008 6.990000
5009 2.690000
5010 2.990000
5011 5.990000
5012 9.990000
5013 9.990000
5014 4.990000
5015 10.990000
5016 12.990000
5017 21.990000
5018 9.990000
5019 6.490000
5020 11.990000
5021 28.990000
5022 2.490000
5023 10.990000
5024 9.990000
5025 2.490000
5026 2.990000
5027 4.290000
5028 4.290000
5029 6.990000
5030 7.690000
5031 2.990000
5032 2.990000
5033 2.990000
5034 7.990000
5035 9.990000
5036 3.290000
5037 3.290000
5038 14.990000
5039 12.990000
5040 10.990000
5041 9.990000
5042 19.990000
5043 14.990000
5044 9.990000
5045 9.990000
5046 4.290000
5047 2.990000
5048 7.490000
5049 2.590000
5050 4.290000
5051 1.590000
5052 1.590000
5053 1.590000
5054 1.590000
5055 1.590000
5056 1.590000
5057 2.190000
5058 2.190000
5059 2.190000
5060 2.190000
5061 2.190000
5062 2.190000
5063 2.490000
5064 2.990000
5065 4.990000
5066 3.390000
5067 2.490000
5068 3.390000
5069 1.890000
5070 1.990000
5071 3.690000
5072 1.390000
5073 1.690000
5074 3.590000
5075 1.390000
5076 1.390000
5077 1.390000
5078 1.390000
5079 1.990000
5080 1.990000
5081 1.990000
5082 1.990000
5083 1.990000
5084 1.990000
5085 1.890000
5086 2.790000
5087 5.990000
5088 2.790000
5089 3.790000
5090 3.390000
5091 3.390000
5092 2.290000
5093 3.190000
5094 3.390000
5095 2.690000
5096 3.390000
5097 4.590000
5098 4.590000
5099 0.990000
5100 3.090000
5101 2.590000
5102 2.590000
5103 3.990000
5104 3.990000
5105 3.990000
5106 3.990000
5107 3.990000
5108 3.990000
5109 2.990000
5110 2.990000
5111 2.990000
5112 2.990000
5113 2.790000
5114 4.690000
5115 2.790000
5116 2.790000
5117 2.790000
5118 2.790000
5119 2.790000
5120 1.790000
5121 3.690000
5122 3.690000
5123 3.690000
5124 3.690000
5125 3.690000
5126 3.690000
5127 4.590000
5128 0.590000
5129 0.590000
5130 0.590000
5131 0.590000
5132 0.590000
5133 0.590000
5134 0.590000
5135 0.590000
5136 4.590000
5137 4.590000
5138 4.590000
5139 4.590000
5140 3.690000
5141 3.690000
5142 2.790000
5143 1.990000
5144 8.990000
5145 8.990000
5146 8.990000
5147 8.990000
5148 8.990000
5149 5.790000
5150 9.290000
5151 5.990000
5152 8.990000
5153 8.990000
5154 4.500000
5155 6.990000
5156 7.290000
5157 4.990000
5158 4.990000
5159 3.990000
5160 3.990000
5161 3.990000
5162 8.990000
5163 1.590000
5164 7.450000
5165 2.290000
5166 6.570000
5167 2.690000
5168 6.790000
5169 7.990000
5170 3.790000
5171 3.790000
5172 3.790000
5173 16.990000
5174 16.990000
5175 5.990000
5176 5.990000
5177 5.990000
5178 1.490000
5179 2.490000
5180 1.890000
5181 0.990000
5182 5.290000
5183 2.490000
5184 1.990000
5185 3.590000
5186 3.590000
5187 2.790000
5188 0.890000
5189 0.690000
5190 6.290000
5191 4.390000
5192 4.390000
5193 6.590000
5194 6.590000
5195 4.690000
5196 4.690000
5197 5.690000
5198 4.690000
5199 5.690000
5200 7.390000
5201 4.690000
5202 7.390000
5203 5.690000
5204 4.690000
5205 5.690000
5206 7.390000
5207 1.890000
5208 6.790000
5209 1.890000
5210 6.790000
5211 6.790000
5212 1.890000
5213 5.950000
5214 5.690000
5215 5.950000
5216 1.090000
5217 1.890000
5218 4.990000
5219 4.990000
5220 4.990000
5221 4.990000
5222 4.990000
5223 4.990000
5224 4.990000
5225 10.790000
5226 10.790000
5227 5.990000
5228 5.990000
5229 2.090000
5230 2.090000
5231 2.090000
5232 1.090000
5233 2.090000
5234 6.390000
5235 6.390000
5236 3.990000
5237 3.990000
5238 3.950000
5239 2.690000
5240 5.990000
5241 5.990000
5242 10.790000
5243 10.790000
5244 5.990000
5245 6.390000
5246 4.590000
5247 4.590000
5248 4.590000
5249 6.390000
5250 4.590000
5251 3.490000
5252 2.590000
5253 5.990000
5254 5.990000
5255 5.990000
5256 2.490000
5257 2.490000
5258 2.490000
5259 5.990000
5260 2.490000
5261 6.590000
5262 3.390000
5263 2.490000
5264 4.190000
5265 4.190000
5266 5.590000
5267 4.190000
5268 3.990000
5269 2.690000
5270 1.990000
5271 3.490000
5272 2.990000
5273 5.290000
5274 2.990000
5275 2.290000
5276 2.290000
5277 5.790000
5278 5.790000
5279 5.790000
5280 5.790000
5281 5.690000
5282 4.690000
5283 5.690000
5284 4.690000
5285 5.690000
5286 4.690000
5287 4.690000
5288 5.690000
5289 4.690000
5290 5.690000
5291 5.690000
5292 4.690000
5293 5.690000
5294 4.990000
5295 4.990000
5296 13.790000
5297 13.990000
5298 4.990000
5299 4.990000
5300 4.990000
5301 4.990000
5302 4.990000
5303 5.690000
5304 5.690000
5305 5.690000
5306 10.590000
5307 5.690000
5308 5.690000
5309 2.990000
5310 2.990000
5311 2.990000
5312 3.190000
5313 3.190000
5314 3.190000
5315 3.190000
5316 1.990000
5317 1.290000
5318 1.990000
5319 1.190000
5320 3.990000
5321 3.990000
5322 6.390000
5323 6.390000
5324 6.390000
5325 6.390000
5326 1.190000
5327 3.990000
5328 3.990000
5329 3.990000
5330 3.990000
5331 3.190000
5332 3.990000
5333 3.990000
5334 3.990000
5335 1.990000
5336 3.990000
5337 3.990000
5338 1.990000
5339 2.990000
5340 3.190000
5341 1.990000
5342 1.790000
5343 1.790000
5344 1.790000
5345 1.990000
5346 1.990000
5347 1.990000
5348 0.890000
5349 5.790000
5350 3.990000
5351 2.790000
5352 2.990000
5353 2.790000
5354 2.790000
5355 4.550000
5356 4.550000
5357 0.690000
5358 0.690000
5359 0.690000
5360 3.390000
5361 1.890000
5362 0.690000
5363 0.690000
5364 0.690000
5365 0.690000
5366 0.690000
5367 0.690000
5368 2.390000
5369 0.990000
5370 1.090000
5371 0.690000
5372 7.990000
5373 0.690000
5374 1.890000
5375 0.690000
5376 0.690000
5377 0.690000
5378 8.790000
5379 0.690000
5380 0.690000
5381 0.690000
5382 7.590000
5383 8.190000
5384 1.890000
5385 7.990000
5386 2.390000
5387 0.690000
5388 0.990000
5389 2.990000
5390 5.890000
5391 1.890000
5392 1.890000
5393 1.890000
5394 1.890000
5395 0.690000
5396 1.890000
5397 2.090000
5398 1.990000
5399 1.990000
5400 2.790000
5401 2.590000
5402 2.490000
5403 2.490000
5404 2.890000
5405 1.990000
5406 2.990000
5407 1.790000
5408 5.690000
5409 2.490000
5410 4.990000
5411 3.890000
5412 3.890000
5413 3.890000
5414 4.190000
5415 7.990000
5416 12.690000
5417 7.890000
5418 8.990000
5419 3.990000
5420 3.990000
5421 7.290000
5422 0.250000
5423 2.390000
5424 1.690000
5425 1.890000
5426 1.390000
5427 1.590000
5428 1.890000
5429 1.590000
5430 1.490000
5431 1.490000
5432 3.790000
5433 3.790000
5434 4.990000
5435 1.790000
5436 2.490000
5437 2.990000
5438 3.490000
5439 1.290000
5440 3.090000
5441 3.990000
5442 3.090000
5443 1.690000
5444 0.250000
5445 2.000000
5446 2.000000
5447 2.000000
5448 0.250000
5449 1.690000
5450 1.690000
5451 0.250000
5452 2.490000
5453 2.690000
5454 3.990000
5455 7.990000
5456 7.690000
5457 2.590000
5458 2.590000
5459 3.490000
5460 3.690000
5461 3.690000
5462 3.990000
5463 3.690000
5464 3.490000
5465 2.390000
5466 3.550000
5467 3.990000
5468 2.690000
5469 2.290000
5470 4.390000
5471 2.490000
5472 1.490000
5473 1.490000
5474 5.990000
5475 2.690000
5476 4.990000
5477 3.490000
5478 3.390000
5479 5.190000
5480 3.790000
5481 3.790000
5482 1.790000
5483 1.250000
5484 1.250000
5485 1.250000
5486 1.790000
5487 2.000000
5488 2.500000
5489 1.290000
5490 0.850000
5491 1.690000
5492 3.290000
5493 2.890000
5494 2.890000
5495 3.590000
5496 1.790000
5497 1.250000
5498 1.790000
5499 1.790000
5500 1.790000
5501 3.290000
5502 3.590000
5503 3.590000
5504 2.290000
5505 2.390000
5506 2.290000
5507 2.390000
5508 2.390000
5509 2.390000
5510 2.390000
5511 2.390000
5512 2.390000
5513 2.390000
5514 2.390000
5515 2.390000
5516 2.990000
5517 1.250000
5518 1.590000
5519 1.590000
5520 1.590000
5521 1.250000
5522 1.590000
5523 1.590000
5524 1.590000
5525 1.590000
5526 1.590000
5527 1.250000
5528 1.590000
5529 1.250000
5530 1.590000
5531 1.250000
5532 1.590000
5533 1.590000
5534 1.590000
5535 1.590000
5536 1.590000
5537 1.590000
5538 1.590000
5539 1.590000
5540 1.590000
5541 1.590000
5542 1.990000
5543 1.500000
5544 1.990000
5545 1.500000
5546 2.390000
5547 4.190000
5548 8.490000
5549 2.390000
5550 2.390000
5551 2.690000
5552 3.090000
5553 1.390000
5554 1.350000
5555 1.390000
5556 1.390000
5557 2.790000
5558 1.990000
5559 1.990000
5560 1.990000
5561 1.690000
5562 1.990000
5563 1.990000
5564 1.990000
5565 1.790000
5566 1.390000
5567 1.390000
5568 1.390000
5569 0.990000
5570 0.990000
5571 0.990000
5572 0.990000
5573 0.890000
5574 0.890000
5575 0.890000
5576 0.890000
5577 0.890000
5578 1.390000
5579 2.790000
5580 2.790000
5581 0.990000
5582 1.390000
5583 1.390000
5584 1.390000
5585 0.990000
5586 3.990000
5587 3.990000
5588 6.690000
5589 6.990000
5590 6.990000
5591 6.990000
5592 6.990000
5593 6.990000
5594 6.990000
5595 4.290000
5596 5.390000
5597 5.690000
5598 3.490000
5599 3.490000
5600 4.790000
5601 6.190000
5602 2.990000
5603 2.290000
5604 3.390000
5605 3.990000
5606 3.990000
5607 4.990000
5608 3.390000
5609 3.990000
5610 4.090000
5611 5.690000
5612 5.790000
5613 5.790000
5614 5.990000
5615 4.790000
5616 2.000000
5617 4.990000
5618 4.990000
5619 3.990000
5620 3.990000
5621 4.990000
5622 3.590000
5623 5.950000
5624 3.990000
5625 2.250000
5626 1.790000
5627 2.390000
5628 0.665000
5629 0.670000
5630 0.670000
5631 0.500000
5632 0.670000
5633 3.990000
5634 6.990000
5635 0.670000
5636 0.500000
5637 6.990000
5638 1.090000
5639 0.500000
5640 6.990000
5641 1.990000
5642 1.090000
5643 1.090000
5644 1.090000
5645 1.090000
5646 1.090000
5647 1.090000
5648 1.090000
5649 1.490000
5650 1.290000
5651 1.390000
5652 3.990000
5653 6.990000
5654 1.190000
5655 1.190000
5656 1.190000
5657 3.990000
5658 1.490000
5659 1.190000
5660 1.190000
5661 1.190000
5662 3.190000
5663 1.790000
5664 1.090000
5665 3.990000
5666 1.390000
5667 1.390000
5668 1.390000
5669 1.390000
5670 1.390000
5671 0.990000
5672 1.490000
5673 0.990000
5674 0.990000
5675 0.990000
5676 0.990000
5677 3.190000
5678 0.990000
5679 0.990000
5680 1.390000
5681 1.390000
5682 1.390000
5683 3.190000
5684 1.390000
5685 2.000000
5686 1.390000
5687 1.090000
5688 1.490000
5689 1.390000
5690 1.090000
5691 1.190000
5692 3.190000
5693 1.490000
5694 1.190000
5695 1.190000
5696 3.990000
5697 1.390000
5698 3.990000
5699 1.390000
5700 6.990000
5701 6.990000
5702 1.390000
5703 1.390000
5704 1.090000
5705 1.090000
5706 1.490000
5707 3.000000
5708 0.990000
5709 1.390000
5710 0.990000
5711 1.090000
5712 1.390000
5713 1.390000
5714 3.000000
5715 3.190000
5716 3.190000
5717 3.190000
5718 3.990000
5719 1.390000
5720 3.990000
5721 3.190000
5722 2.500000
5723 1.390000
5724 3.190000
5725 1.090000
5726 3.190000
5727 1.390000
5728 0.990000
5729 1.390000
5730 1.390000
5731 3.990000
5732 3.990000
5733 3.990000
5734 3.990000
5735 3.990000
5736 5.490000
5737 5.490000
5738 3.990000
5739 6.990000
5740 6.990000
5741 5.490000
5742 6.990000
5743 6.990000
5744 5.490000
5745 6.990000
5746 1.390000
5747 3.990000
5748 3.990000
5749 6.990000
5750 3.990000
5751 3.990000
5752 6.990000
5753 6.990000
5754 3.990000
5755 3.990000
5756 3.990000
5757 1.090000
5758 3.990000
5759 6.990000
5760 1.390000
5761 4.990000
5762 5.490000
5763 3.990000
5764 1.390000
5765 0.550000
5766 2.390000
5767 1.150000
5768 0.590000
5769 12.290000
5770 0.650000
5771 2.990000
5772 2.990000
5773 2.990000
5774 1.990000
5775 2.990000
5776 4.390000
5777 4.390000
5778 4.390000
5779 4.390000
5780 9.890000
5781 7.690000
5782 4.990000
5783 4.390000
5784 4.990000
5785 4.390000
5786 4.390000
5787 4.390000
5788 4.390000
5789 4.390000
5790 4.390000
5791 2.990000
5792 2.990000
5793 2.990000
5794 2.990000
5795 2.990000
5796 1.990000
5797 1.990000
5798 1.790000
5799 5.590000
5800 5.590000
5801 7.290000
5802 7.990000
5803 5.590000
5804 5.590000
5805 1.990000
5806 1.990000
5807 1.990000
5808 2.990000
5809 12.950000
5810 8.990000
5811 3.790000
5812 3.790000
5813 3.790000
5814 3.790000
5815 3.790000
5816 3.790000
5817 3.790000
5818 3.790000
5819 3.790000
5820 3.790000
5821 3.790000
5822 3.790000
5823 3.790000
5824 3.790000
5825 3.790000
5826 3.790000
5827 3.790000
5828 3.790000
5829 3.790000
5830 3.790000
5831 3.790000
5832 3.790000
5833 3.790000
5834 3.790000
5835 3.790000
5836 3.790000
5837 3.390000
5838 3.790000
5839 3.390000
5840 3.390000
5841 3.390000
5842 3.790000
5843 3.790000
5844 3.390000
5845 3.390000
5846 3.790000
5847 3.790000
5848 3.790000
5849 3.390000
5850 3.390000
5851 3.790000
5852 3.790000
5853 3.790000
5854 3.790000
5855 3.790000
5856 3.790000
5857 30.990000
5858 30.990000
5859 30.990000
5860 30.990000
5861 30.990000
5862 30.990000
5863 30.990000
5864 30.990000
5865 30.990000
5866 30.990000
5867 30.990000
5868 30.990000
5869 30.990000
5870 30.990000
5871 30.990000
5872 30.990000
5873 30.990000
5874 30.990000
5875 30.990000
5876 30.990000
5877 30.990000
5878 30.990000
5879 30.990000
5880 30.990000
5881 30.990000
5882 30.990000
5883 28.990000
5884 30.990000
5885 28.990000
5886 28.990000
5887 28.990000
5888 30.990000
5889 30.990000
5890 28.990000
5891 28.990000
5892 30.990000
5893 30.990000
5894 30.990000
5895 28.990000
5896 28.990000
5897 28.990000
5898 30.990000
5899 30.990000
5900 30.990000
5901 30.990000
5902 30.990000
5903 3.790000
5904 3.790000
5905 3.790000
5906 3.390000
5907 3.790000
5908 3.790000
5909 30.990000
5910 30.990000
5911 30.990000
5912 3.390000
5913 28.990000
5914 3.390000
5915 28.990000
5916 28.990000
5917 7.580000
5918 7.580000
5919 7.580000
5920 7.580000
5921 30.990000
5922 30.990000
5923 3.790000
5924 30.990000
5925 3.790000
5926 30.990000
5927 3.790000
5928 30.990000
5929 2.290000
5930 20.990000
5931 2.290000
5932 20.990000
5933 3.790000
5934 30.990000
5935 3.790000
5936 30.990000
5937 3.790000
5938 30.990000
5939 4.580000
5940 4.580000
5941 3.790000
5942 30.990000
5943 3.790000
5944 3.790000
5945 30.990000
5946 30.990000
5947 3.790000
5948 30.990000
5949 3.790000
5950 30.990000
5951 3.790000
5952 30.990000
5953 3.790000
5954 30.990000
5955 3.790000
5956 30.990000
5957 3.790000
5958 30.990000
5959 3.790000
5960 30.990000
5961 3.790000
5962 3.790000
5963 28.990000
5964 3.390000
5965 28.990000
5966 3.390000
5967 28.990000
5968 3.390000
5969 28.990000
5970 3.390000
5971 28.990000
5972 3.390000
5973 28.990000
5974 3.390000
5975 20.990000
5976 2.290000
5977 20.990000
5978 2.290000
5979 20.990000
5980 2.290000
5981 20.990000
5982 2.290000
5983 20.990000
5984 2.290000
5985 20.990000
5986 2.290000
5987 20.990000
5988 2.290000
5989 20.990000
5990 2.290000
5991 20.990000
5992 2.290000
5993 20.990000
5994 2.290000
5995 20.990000
5996 2.290000
5997 20.990000
5998 2.290000
5999 20.990000
6000 2.290000
6001 0.890000
6002 2.250000
6003 2.250000
6004 0.890000
6005 2.250000
6006 2.250000
6007 0.850000
6008 0.850000
6009 0.850000
6010 0.850000
6011 2.190000
6012 2.190000
6013 0.850000
6014 1.590000
6015 1.590000
6016 3.950000
6017 3.950000
6018 0.950000
6019 0.950000
6020 1.890000
6021 0.950000
6022 0.850000
6023 1.890000
6024 0.950000
6025 1.890000
6026 0.950000
6027 1.590000
6028 1.590000
6029 0.890000
6030 0.890000
6031 0.890000
6032 0.890000
6033 0.890000
6034 0.890000
6035 0.850000
6036 1.250000
6037 0.650000
6038 0.890000
6039 0.890000
6040 0.890000
6041 2.590000
6042 2.590000
6043 1.190000
6044 5.990000
6045 11.990000
6046 3.490000
6047 6.390000
6048 11.390000
6049 3.390000
6050 1.690000
6051 6.390000
6052 11.990000
6053 3.490000
6054 6.990000
6055 6.990000
6056 13.590000
6057 6.990000
6058 4.990000
6059 6.390000
6060 6.990000
6061 12.790000
6062 3.490000
6063 5.590000
6064 5.590000
6065 3.490000
6066 5.590000
6067 5.590000
6068 3.490000
6069 5.590000
6070 5.590000
6071 3.490000
6072 5.990000
6073 5.990000
6074 1.490000
6075 1.790000
6076 4.190000
6077 5.290000
6078 3.390000
6079 6.590000
6080 6.590000
6081 3.390000
6082 5.290000
6083 4.990000
6084 16.950001
6085 1.590000
6086 2.990000
6087 2.190000
6088 2.190000
6089 1.690000
6090 1.890000
6091 2.390000
6092 2.390000
6093 2.390000
6094 2.390000
6095 1.990000
6096 2.990000
6097 6.990000
6098 6.990000
6099 3.290000
6100 2.990000
6101 6.990000
6102 7.890000
6103 2.390000
6104 2.390000
6105 2.390000
6106 2.390000
6107 4.790000
6108 2.390000
6109 4.790000
6110 4.790000
6111 4.790000
6112 2.590000
6113 2.990000
6114 2.990000
6115 4.790000
6116 4.790000
6117 4.790000
6118 7.490000
6119 3.290000
6120 4.490000
6121 4.490000
6122 2.990000
6123 2.290000
6124 1.890000
6125 2.190000
6126 1.490000
6127 4.990000
6128 1.790000
6129 1.990000
6130 3.990000
6131 1.990000
6132 1.990000
6133 6.290000
6134 6.290000
6135 6.290000
6136 6.290000
6137 2.390000
6138 2.690000
6139 4.990000
6140 4.990000
6141 4.190000
6142 4.190000
6143 4.190000
6144 4.190000
6145 12.990000
6146 12.990000
6147 1.750000
6148 1.750000
6149 1.790000
6150 1.090000
6151 0.440000
6152 0.440000
6153 0.440000
6154 0.440000
6155 0.440000
6156 0.440000
6157 0.440000
6158 0.440000
6159 0.440000
6160 0.440000
6161 0.440000
6162 0.440000
6163 0.440000
6164 0.440000
6165 0.440000
6166 0.440000
6167 0.440000
6168 0.440000
6169 0.440000
6170 0.440000
6171 0.440000
6172 0.440000
6173 0.440000
6174 0.440000
6175 0.440000
6176 0.440000
6177 0.440000
6178 0.440000
6179 0.440000
6180 0.440000
6181 0.440000
6182 0.440000
6183 0.440000
6184 0.440000
6185 0.440000
6186 0.440000
6187 0.750000
6188 0.440000
6189 0.440000
6190 0.440000
6191 0.440000
6192 1.690000
6193 1.990000
6194 1.990000
6195 1.890000
6196 1.890000
6197 1.990000
6198 4.390000
6199 1.390000
6200 0.750000
6201 0.750000
6202 2.590000
6203 0.750000
6204 3.190000
6205 0.390000
6206 0.390000
6207 0.390000
6208 0.390000
6209 0.390000
6210 0.390000
6211 0.390000
6212 0.390000
6213 0.390000
6214 1.790000
6215 0.440000
6216 0.440000
6217 2.090000
6218 2.950000
6219 2.990000
6220 2.590000
6221 2.950000
6222 2.950000
6223 4.790000
6224 3.990000
6225 3.690000
6226 1.690000
6227 0.990000
6228 1.790000
6229 1.590000
6230 2.090000
6231 2.090000
6232 2.090000
6233 2.990000
6234 2.690000
6235 2.990000
6236 1.990000
6237 1.990000
6238 2.290000
6239 1.890000
6240 3.590000
6241 2.790000
6242 4.690000
6243 3.390000
6244 2.290000
6245 1.790000
6246 2.490000
6247 2.490000
6248 2.490000
6249 2.490000
6250 4.590000
6251 4.590000
6252 4.590000
6253 2.790000
6254 0.650000
6255 0.650000
6256 0.650000
6257 0.650000
6258 0.650000
6259 0.650000
6260 0.650000
6261 0.650000
6262 0.650000
6263 0.650000
6264 0.650000
6265 0.650000
6266 0.650000
6267 0.650000
6268 1.190000
6269 5.490000
6270 1.050000
6271 1.050000
6272 1.050000
6273 1.050000
6274 1.050000
6275 1.050000
6276 0.650000
6277 1.490000
6278 2.290000
6279 2.290000
6280 1.390000
6281 1.390000
6282 2.390000
6283 2.390000
6284 2.390000
6285 2.390000
6286 2.390000
6287 2.390000
6288 2.390000
6289 1.890000
6290 1.890000
6291 1.890000
6292 1.890000
6293 1.890000
6294 12.990000
6295 12.990000
6296 3.890000
6297 3.890000
6298 3.890000
6299 3.890000
6300 11.690000
6301 1.290000
6302 2.290000
6303 2.290000
6304 2.290000
6305 1.990000
6306 3.590000
6307 3.590000
6308 3.590000
6309 1.790000
6310 1.090000
6311 1.090000
6312 1.790000
6313 1.590000
6314 3.790000
6315 4.990000
6316 2.890000
6317 2.890000
6318 2.890000
6319 2.890000
6320 2.890000
6321 2.890000
6322 1.690000
6323 2.890000
6324 2.890000
6325 5.390000
6326 2.890000
6327 2.890000
6328 2.990000
6329 2.890000
6330 2.990000
6331 2.990000
6332 2.290000
6333 2.990000
6334 2.390000
6335 2.890000
6336 2.890000
6337 2.890000
6338 2.890000
6339 2.990000
6340 2.490000
6341 3.390000
6342 2.290000
6343 2.090000
6344 2.890000
6345 5.290000
6346 2.990000
6347 2.990000
6348 2.990000
6349 2.490000
6350 7.990000
6351 11.490000
6352 3.190000
6353 3.190000
6354 3.190000
6355 2.490000
6356 2.390000
6357 3.190000
6358 5.490000
6359 4.190000
6360 4.190000
6361 2.550000
6362 5.490000
6363 8.990000
6364 2.090000
6365 2.090000
6366 2.090000
6367 3.190000
6368 2.790000
6369 2.390000
6370 4.190000
6371 4.190000
6372 6.990000
6373 11.990000
6374 9.990000
6375 10.990000
6376 10.990000
6377 0.720000
6378 1.440000
6379 1.440000
6380 0.720000
6381 0.990000
6382 2.990000
6383 1.790000
6384 1.790000
6385 2.190000
6386 1.790000
6387 1.990000
6388 1.990000
6389 1.990000
6390 1.990000
6391 1.790000
6392 2.790000
6393 3.590000
6394 1.190000
6395 3.790000
6396 3.190000
6397 2.490000
6398 3.490000
6399 1.190000
6400 3.790000
6401 3.790000
6402 3.690000
6403 2.190000
6404 6.190000
6405 4.890000
6406 6.190000
6407 4.890000
6408 1.990000
6409 2.690000
6410 2.190000
6411 3.290000
6412 6.950000
6413 6.950000
6414 7.990000
6415 4.890000
6416 6.790000
6417 6.950000
6418 2.190000
6419 6.950000
6420 2.150000
6421 1.890000
6422 2.690000
6423 2.690000
6424 3.990000
6425 2.690000
6426 2.690000
6427 3.990000
6428 2.690000
6429 2.690000
6430 3.990000
6431 2.690000
6432 1.590000
6433 1.590000
6434 3.290000
6435 2.990000
6436 2.990000
6437 3.490000
6438 3.290000
6439 2.990000
6440 7.190000
6441 3.290000
6442 2.990000
6443 2.390000
6444 2.390000
6445 2.390000
6446 3.890000
6447 2.990000
6448 2.390000
6449 5.590000
6450 7.190000
6451 2.150000
6452 2.990000
6453 2.990000
6454 1.080000
6455 2.390000
6456 2.390000
6457 5.790000
6458 5.790000
6459 5.790000
6460 5.490000
6461 5.490000
6462 5.490000
6463 2.990000
6464 2.990000
6465 5.790000
6466 5.790000
6467 2.490000
6468 3.790000
6469 3.790000
6470 3.790000
6471 3.490000
6472 3.490000
6473 3.290000
6474 3.290000
6475 3.490000
6476 3.490000
6477 2.490000
6478 3.490000
6479 3.490000
6480 3.490000
6481 2.490000
6482 2.490000
6483 2.490000
6484 2.990000
6485 3.490000
6486 3.490000
6487 2.990000
6488 2.990000
6489 3.490000
6490 3.490000
6491 2.490000
6492 2.490000
6493 2.690000
6494 2.990000
6495 2.490000
6496 2.490000
6497 14.990000
6498 13.990000
6499 7.190000
6500 7.190000
6501 14.590000
6502 5.590000
6503 2.900000
6504 2.150000
6505 3.790000
6506 8.890000
6507 2.150000
6508 3.490000
6509 3.490000
6510 5.490000
6511 5.490000
6512 5.490000
6513 3.490000
6514 3.490000
6515 3.490000
6516 3.490000
6517 3.490000
6518 3.490000
6519 3.490000
6520 4.990000
6521 5.990000
6522 8.950000
6523 5.990000
6524 5.990000
6525 4.990000
6526 4.990000
6527 4.990000
6528 4.990000
6529 4.990000
6530 4.990000
6531 4.990000
6532 5.990000
6533 4.990000
6534 4.990000
6535 4.990000
6536 4.990000
6537 5.990000
6538 5.990000
6539 4.990000
6540 4.990000
6541 3.500000
6542 3.500000
6543 4.950000
6544 4.990000
6545 5.950000
6546 2.750000
6547 1.490000
6548 2.990000
6549 4.990000
6550 9.950000
6551 9.950000
6552 5.990000
6553 7.990000
6554 3.990000
6555 4.990000
6556 4.990000
6557 7.990000
6558 9.950000
6559 1.500000
6560 1.500000
6561 1.500000
6562 1.500000
6563 1.500000
6564 1.500000
6565 1.500000
6566 1.500000
6567 2.690000
6568 2.390000
6569 2.190000
6570 2.590000
6571 2.690000
6572 2.690000
6573 2.690000
6574 2.690000
6575 2.390000
6576 2.990000
6577 2.690000
6578 2.690000
6579 1.990000
6580 2.490000
6581 2.690000
6582 1.990000
6583 2.590000
6584 2.490000
6585 1.990000
6586 2.690000
6587 1.990000
6588 2.390000
6589 2.390000
6590 2.390000
6591 2.590000
6592 2.690000
6593 1.990000
6594 1.990000
6595 2.290000
6596 2.390000
6597 1.890000
6598 2.290000
6599 2.390000
6600 2.190000
6601 2.190000
6602 3.990000
6603 2.490000
6604 2.390000
6605 2.390000
6606 2.490000
6607 1.790000
6608 2.790000
6609 2.490000
6610 2.390000
6611 4.990000
6612 3.190000
6613 3.190000
6614 3.190000
6615 1.790000
6616 1.790000
6617 1.790000
6618 2.990000
6619 1.790000
6620 1.790000
6621 4.690000
6622 3.190000
6623 1.790000
6624 1.790000
6625 2.690000
6626 2.690000
6627 2.690000
6628 2.690000
6629 2.490000
6630 2.990000
6631 2.590000
6632 2.590000
6633 2.590000
6634 2.590000
6635 2.990000
6636 1.990000
6637 2.690000
6638 2.290000
6639 3.190000
6640 2.290000
6641 2.590000
6642 2.590000
6643 2.290000
6644 2.290000
6645 2.290000
6646 3.190000
6647 1.790000
6648 1.790000
6649 1.790000
6650 1.790000
6651 1.790000
6652 2.590000
6653 2.590000
6654 2.690000
6655 2.590000
6656 2.990000
6657 2.590000
6658 2.990000
6659 2.990000
6660 4.990000
6661 2.590000
6662 2.990000
6663 1.990000
6664 2.690000
6665 1.990000
6666 4.990000
6667 2.590000
6668 2.290000
6669 3.990000
6670 1.790000
6671 2.490000
6672 1.790000
6673 2.490000
6674 1.790000
6675 2.590000
6676 2.490000
6677 2.590000
6678 2.690000
6679 1.990000
6680 2.990000
6681 1.790000
6682 1.990000
6683 1.990000
6684 1.990000
6685 2.590000
6686 1.990000
6687 2.590000
6688 2.590000
6689 1.990000
6690 2.990000
6691 2.590000
6692 1.990000
6693 4.690000
6694 2.190000
6695 4.990000
6696 2.590000
6697 6.990000
6698 2.690000
6699 2.690000
6700 1.790000
6701 2.590000
6702 2.590000
6703 0.990000
6704 2.590000
6705 4.690000
6706 4.690000
6707 2.590000
6708 2.290000
6709 2.690000
6710 2.690000
6711 2.590000
6712 2.590000
6713 2.590000
6714 2.290000
6715 2.590000
6716 5.590000
6717 2.990000
6718 0.990000
6719 0.990000
6720 0.990000
6721 0.990000
6722 0.990000
6723 2.690000
6724 2.690000
6725 3.990000
6726 3.990000
6727 0.050000
6728 1.790000
6729 1.890000
6730 1.890000
6731 1.790000
6732 1.790000
6733 0.990000
6734 10.990000
6735 12.990000
6736 23.990000
6737 14.990000
6738 5.990000
6739 4.190000
6740 3.390000
6741 1.590000
6742 3.990000
6743 1.990000
6744 2.890000
6745 8.990000
6746 10.490000
6747 4.490000
6748 4.490000
6749 9.990000
6750 10.990000
6751 8.990000
6752 9.990000
6753 4.790000
6754 4.590000
6755 4.890000
6756 4.890000
6757 4.790000
6758 0.690000
6759 0.850000
6760 0.850000
6761 1.250000
6762 2.690000
6763 2.690000
6764 2.690000
6765 2.690000
6766 2.690000
6767 1.790000
6768 1.890000
6769 2.690000
6770 1.890000
6771 1.890000
6772 1.890000
6773 1.890000
6774 2.390000
6775 2.390000
6776 2.390000
6777 2.390000
6778 2.390000
6779 2.390000
6780 2.390000
6781 2.390000
6782 2.390000
6783 1.890000
6784 1.990000
6785 3.990000
6786 3.890000
6787 3.890000
6788 3.890000
6789 3.890000
6790 2.590000
6791 9.990000
6792 9.990000
6793 2.590000
6794 1.990000
6795 1.990000
6796 2.590000
6797 2.590000
6798 9.950000
6799 9.950000
6800 9.950000
6801 13.950000
6802 6.990000
6803 1.790000
6804 1.790000
6805 2.190000
6806 2.190000
6807 2.190000
6808 1.500000
6809 1.500000
6810 2.190000
6811 2.390000
6812 2.190000
6813 2.190000
6814 2.190000
6815 2.190000
6816 2.190000
6817 2.190000
6818 2.390000
6819 3.990000
6820 3.990000
6821 3.990000
6822 3.990000
6823 2.990000
6824 3.990000
6825 3.490000
6826 2.090000
6827 3.490000
6828 2.190000
6829 2.490000
6830 3.990000
6831 3.990000
6832 3.990000
6833 2.690000
6834 2.690000
6835 2.690000
6836 3.990000
6837 3.990000
6838 3.990000
6839 3.990000
6840 3.990000
6841 4.990000
6842 4.990000
6843 2.690000
6844 2.690000
6845 2.690000
6846 2.690000
6847 2.690000
6848 4.990000
6849 4.990000
6850 0.540000
6851 0.540000
6852 0.550000
6853 0.550000
6854 0.550000
6855 0.540000
6856 0.890000
6857 0.890000
6858 0.890000
6859 0.890000
6860 0.890000
6861 0.890000
6862 0.500000
6863 0.500000
6864 0.500000
6865 0.500000
6866 0.500000
6867 0.500000
6868 0.500000
6869 0.500000
6870 0.500000
6871 0.500000
6872 0.500000
6873 0.500000
6874 0.500000
6875 0.500000
6876 0.500000
6877 0.500000
6878 0.500000
6879 0.500000
6880 0.500000
6881 0.500000
6882 0.500000
6883 0.500000
6884 0.500000
6885 0.500000
6886 0.500000
6887 0.500000
6888 0.500000
6889 0.500000
6890 0.500000
6891 0.500000
6892 0.500000
6893 0.500000
6894 0.500000
6895 0.500000
6896 0.500000
6897 0.500000
6898 0.500000
6899 0.500000
6900 0.500000
6901 1.590000
6902 1.690000
6903 1.650000
6904 1.390000
6905 1.390000
6906 1.690000
6907 1.690000
6908 1.190000
6909 1.190000
6910 1.190000
6911 1.190000
6912 1.190000
6913 1.190000
6914 1.190000
6915 1.190000
6916 1.190000
6917 1.190000
6918 1.190000
6919 1.550000
6920 1.550000
6921 1.550000
6922 1.550000
6923 2.750000
6924 2.750000
6925 2.090000
6926 2.090000
6927 2.090000
6928 2.090000
6929 2.090000
6930 2.390000
6931 1.690000
6932 1.690000
6933 1.690000
6934 1.990000
6935 1.890000
6936 1.890000
6937 0.590000
6938 0.545000
6939 0.690000
6940 0.690000
6941 0.690000
6942 0.690000
6943 0.690000
6944 0.690000
6945 0.690000
6946 0.690000
6947 0.690000
6948 0.690000
6949 0.850000
6950 0.850000
6951 0.850000
6952 0.850000
6953 0.850000
6954 0.850000
6955 1.050000
6956 1.050000
6957 1.050000
6958 0.650000
6959 0.650000
6960 0.890000
6961 0.750000
6962 0.750000
6963 0.750000
6964 0.750000
6965 2.690000
6966 2.690000
6967 2.590000
6968 2.090000
6969 2.090000
6970 0.500000
6971 0.500000
6972 2.090000
6973 2.090000
6974 2.090000
6975 2.090000
6976 2.090000
6977 2.090000
6978 2.090000
6979 0.550000
6980 0.550000
6981 0.540000
6982 0.540000
6983 0.550000
6984 0.540000
6985 0.540000
6986 0.550000
6987 0.540000
6988 0.540000
6989 3.790000
6990 1.990000
6991 2.190000
6992 3.390000
6993 2.590000
6994 3.390000
6995 2.000000
6996 2.990000
6997 2.590000
6998 0.750000
6999 0.750000
7000 0.750000
7001 0.750000
7002 0.750000
7003 0.750000
7004 0.750000
7005 0.750000
7006 0.750000
7007 0.750000
7008 0.750000
7009 0.750000
7010 0.750000
7011 0.750000
7012 0.750000
7013 0.750000
7014 0.750000
7015 0.750000
7016 0.750000
7017 0.750000
7018 0.750000
7019 0.750000
7020 0.750000
7021 0.750000
7022 0.750000
7023 0.750000
7024 0.750000
7025 0.750000
7026 0.750000
7027 2.690000
7028 2.690000
7029 2.690000
7030 1.990000
7031 1.990000
7032 0.445000
7033 0.445000
7034 0.445000
7035 0.445000
7036 0.440000
7037 0.450000
7038 0.445000
7039 0.450000
7040 0.445000
7041 0.445000
7042 0.440000
7043 2.190000
7044 2.190000
7045 2.190000
7046 2.190000
7047 4.790000
7048 4.390000
7049 4.390000
7050 4.390000
7051 11.390000
7052 2.790000
7053 1.290000
7054 1.590000
7055 1.590000
7056 1.390000
7057 2.290000
7058 2.290000
7059 3.490000
7060 4.490000
7061 3.890000
7062 3.790000
7063 3.890000
7064 2.690000
7065 4.590000
7066 5.390000
7067 4.500000
7068 4.590000
7069 7.590000
7070 6.390000
7071 3.490000
7072 1.990000
7073 4.290000
7074 2.490000
7075 3.690000
7076 4.990000
7077 4.990000
7078 7.990000
7079 5.290000
7080 4.790000
7081 12.690000
7082 13.590000
7083 4.990000
7084 6.390000
7085 4.390000
7086 3.690000
7087 3.790000
7088 3.690000
7089 3.790000
7090 1.850000
7091 3.690000
7092 5.390000
7093 5.390000
7094 5.390000
7095 5.390000
7096 3.790000
7097 3.790000
7098 3.790000
7099 3.500000
7100 2.950000
7101 4.950000
7102 4.950000
7103 3.500000
7104 4.500000
7105 2.850000
7106 2.850000
7107 4.950000
7108 3.250000
7109 4.990000
7110 2.450000
7111 3.850000
7112 2.450000
7113 4.990000
7114 1.500000
7115 1.500000
7116 1.500000
7117 1.500000
7118 1.500000
7119 1.500000
7120 1.500000
7121 1.500000
7122 1.500000
7123 1.500000
7124 1.500000
7125 3.850000
7126 2.990000
7127 2.990000
7128 2.990000
7129 5.490000
7130 4.490000
7131 6.490000
7132 2.450000
7133 2.850000
7134 1.990000
7135 1.750000
7136 1.750000
7137 2.950000
7138 4.950000
7139 4.950000
7140 4.950000
7141 4.950000
7142 9.950000
7143 3.950000
7144 3.950000
7145 3.950000
7146 3.950000
7147 3.950000
7148 3.950000
7149 3.950000
7150 6.950000
7151 6.950000
7152 4.950000
7153 7.950000
7154 7.950000
7155 2.990000
7156 2.990000
7157 4.950000
7158 1.990000
7159 5.990000
7160 5.990000
7161 2.990000
7162 2.990000
7163 1.590000
7164 1.590000
7165 3.350000
7166 19.950001
7167 3.350000
7168 6.950000
7169 4.500000
7170 4.500000
7171 5.950000
7172 1.950000
7173 1.750000
7174 3.500000
7175 2.850000
7176 3.990000
7177 2.890000
7178 2.290000
7179 5.990000
7180 4.990000
7181 4.990000
7182 5.990000
7183 3.990000
7184 7.990000
7185 7.990000
7186 4.990000
7187 2.480000
7188 1.950000
7189 5.950000
7190 5.950000
7191 5.950000
7192 1.750000
7193 1.750000
7194 2.450000
7195 3.850000
7196 2.850000
7197 1.790000
7198 4.990000
7199 6.000000
7200 5.950000
7201 5.990000
7202 4.990000
7203 7.990000
7204 1.590000
7205 8.990000
7206 5.990000
7207 6.950000
7208 7.950000
7209 6.950000
7210 4.950000
7211 2.950000
7212 7.950000
7213 6.950000
7214 2.950000
7215 2.950000
7216 3.500000
7217 1.990000
7218 0.500000
7219 1.590000
7220 1.990000
7221 2.190000
7222 1.490000
7223 1.490000
7224 1.490000
7225 1.490000
7226 1.890000
7227 1.490000
7228 1.490000
7229 1.490000
7230 1.490000
7231 1.490000
7232 1.490000
7233 1.490000
7234 1.490000
7235 1.490000
7236 1.490000
7237 1.490000
7238 1.490000
7239 1.490000
7240 1.490000
7241 1.490000
7242 1.490000
7243 1.490000
7244 1.490000
7245 1.490000
7246 1.490000
7247 1.490000
7248 1.490000
7249 1.490000
7250 1.490000
7251 1.490000
7252 1.490000
7253 1.490000
7254 1.490000
7255 1.490000
7256 1.490000
7257 1.790000
7258 0.900000
7259 6.990000
7260 11.490000
7261 2.490000
7262 2.390000
7263 1.890000
7264 2.490000
7265 1.890000
7266 1.890000
7267 1.790000
7268 3.590000
7269 1.890000
7270 2.490000
7271 2.390000
7272 2.450000
7273 2.490000
7274 2.390000
7275 2.990000
7276 2.990000
7277 2.990000
7278 2.990000
7279 2.990000
7280 2.990000
7281 2.490000
7282 2.490000
7283 1.890000
7284 1.890000
7285 11.290000
7286 0.750000
7287 2.090000
7288 5.190000
7289 1.990000
7290 3.290000
7291 0.950000
7292 0.790000
7293 1.490000
7294 1.490000
7295 0.790000
7296 1.490000
7297 2.990000
7298 2.990000
7299 2.990000
7300 2.650000
7301 2.990000
7302 2.990000
7303 2.990000
7304 1.790000
7305 1.790000
7306 1.790000
7307 2.390000
7308 1.890000
7309 2.390000
7310 1.490000
7311 3.990000
7312 12.890000
7313 3.990000
7314 3.190000
7315 3.190000
7316 2.290000
7317 1.190000
7318 4.990000
7319 4.990000
7320 4.990000
7321 4.990000
7322 2.490000
7323 2.490000
7324 2.190000
7325 8.990000
7326 3.890000
7327 1.990000
7328 1.990000
7329 1.090000
7330 2.590000
7331 1.990000
7332 1.990000
7333 6.990000
7334 6.990000
7335 1.090000
7336 1.090000
7337 1.090000
7338 2.390000
7339 2.390000
7340 2.290000
7341 2.290000
7342 1.690000
7343 1.690000
7344 1.690000
7345 1.690000
7346 1.690000
7347 1.690000
7348 1.690000
7349 1.690000
7350 2.000000
7351 1.690000
7352 1.690000
7353 1.690000
7354 0.790000
7355 0.790000
7356 2.390000
7357 2.390000
7358 2.390000
7359 3.590000
7360 3.590000
7361 2.390000
7362 3.590000
7363 3.090000
7364 3.090000
7365 2.990000
7366 3.090000
7367 2.990000
7368 2.390000
7369 2.990000
7370 4.790000
7371 2.000000
7372 1.990000
7373 1.990000
7374 2.690000
7375 2.490000
7376 2.490000
7377 2.390000
7378 2.690000
7379 3.590000
7380 1.200000
7381 2.690000
7382 2.390000
7383 2.390000
7384 2.390000
7385 2.390000
7386 1.150000
7387 2.390000
7388 2.390000
7389 1.990000
7390 1.790000
7391 1.790000
7392 3.090000
7393 1.190000
7394 3.590000
7395 2.390000
7396 2.390000
7397 3.090000
7398 3.090000
7399 1.990000
7400 2.190000
7401 2.190000
7402 2.190000
7403 1.690000
7404 2.990000
7405 3.090000
7406 1.990000
7407 4.790000
7408 2.390000
7409 3.090000
7410 3.090000
7411 3.090000
7412 3.090000
7413 3.090000
7414 2.000000
7415 3.090000
7416 2.390000
7417 2.390000
7418 2.390000
7419 2.390000
7420 3.590000
7421 2.390000
7422 3.090000
7423 2.190000
7424 0.890000
7425 0.430000
7426 0.990000
7427 0.990000
7428 0.990000
7429 0.990000
7430 2.190000
7431 2.190000
7432 2.190000
7433 2.190000
7434 2.190000
7435 2.190000
7436 1.990000
7437 1.990000
7438 1.990000
7439 1.990000
7440 2.690000
7441 1.990000
7442 1.990000
7443 1.990000
7444 3.090000
7445 1.990000
7446 1.990000
7447 1.990000
7448 1.990000
7449 2.690000
7450 2.390000
7451 2.390000
7452 3.090000
7453 3.090000
7454 4.790000
7455 2.990000
7456 2.990000
7457 2.390000
7458 1.990000
7459 1.990000
7460 1.990000
7461 1.990000
7462 1.990000
7463 3.090000
7464 1.790000
7465 1.990000
7466 3.090000
7467 1.990000
7468 2.390000
7469 2.390000
7470 3.090000
7471 3.290000
7472 2.390000
7473 1.990000
7474 1.990000
7475 2.390000
7476 2.390000
7477 2.390000
7478 2.390000
7479 2.390000
7480 2.390000
7481 3.090000
7482 2.390000
7483 2.390000
7484 2.390000
7485 2.390000
7486 2.390000
7487 1.990000
7488 2.590000
7489 1.990000
7490 1.990000
7491 1.990000
7492 1.990000
7493 2.890000
7494 3.990000
7495 2.890000
7496 2.390000
7497 2.690000
7498 1.350000
7499 3.090000
7500 2.690000
7501 1.790000
7502 1.790000
7503 1.790000
7504 1.790000
7505 1.790000
7506 1.790000
7507 1.790000
7508 1.790000
7509 0.800000
7510 1.790000
7511 1.790000
7512 1.790000
7513 1.790000
7514 1.790000
7515 1.790000
7516 3.090000
7517 1.790000
7518 1.790000
7519 1.690000
7520 3.590000
7521 3.090000
7522 2.390000
7523 2.390000
7524 2.390000
7525 1.990000
7526 2.390000
7527 1.890000
7528 3.090000
7529 1.990000
7530 2.390000
7531 4.790000
7532 1.690000
7533 3.090000
7534 2.990000
7535 3.090000
7536 1.990000
7537 1.990000
7538 1.990000
7539 1.990000
7540 1.990000
7541 1.990000
7542 1.990000
7543 1.990000
7544 1.990000
7545 1.990000
7546 1.990000
7547 3.090000
7548 2.390000
7549 2.390000
7550 3.290000
7551 2.390000
7552 0.990000
7553 2.390000
7554 0.990000
7555 0.990000
7556 2.390000
7557 2.390000
7558 2.390000
7559 2.490000
7560 3.090000
7561 3.090000
7562 3.090000
7563 1.450000
7564 2.990000
7565 4.790000
7566 2.990000
7567 4.790000
7568 2.990000
7569 2.490000
7570 2.490000
7571 2.390000
7572 2.990000
7573 4.790000
7574 1.800000
7575 3.990000
7576 1.900000
7577 3.990000
7578 3.990000
7579 3.890000
7580 3.890000
7581 5.290000
7582 3.990000
7583 4.890000
7584 3.890000
7585 3.290000
7586 3.290000
7587 3.290000
7588 3.190000
7589 3.990000
7590 3.090000
7591 3.990000
7592 3.290000
7593 3.890000
7594 3.690000
7595 4.990000
7596 4.790000
7597 3.990000
7598 4.690000
7599 3.590000
7600 4.790000
7601 3.590000
7602 5.390000
7603 4.490000
7604 3.990000
7605 3.990000
7606 3.690000
7607 3.890000
7608 4.990000
7609 3.990000
7610 3.890000
7611 3.890000
7612 4.090000
7613 1.950000
7614 0.990000
7615 3.990000
7616 3.890000
7617 3.890000
7618 4.890000
7619 3.890000
7620 4.890000
7621 3.890000
7622 4.890000
7623 4.490000
7624 3.890000
7625 3.790000
7626 2.390000
7627 3.990000
7628 2.990000
7629 2.990000
7630 2.990000
7631 3.990000
7632 4.890000
7633 1.800000
7634 3.990000
7635 3.990000
7636 3.990000
7637 3.090000
7638 3.990000
7639 2.390000
7640 2.550000
7641 1.950000
7642 1.950000
7643 1.950000
7644 2.000000
7645 2.250000
7646 2.250000
7647 2.250000
7648 2.250000
7649 2.250000
7650 2.250000
7651 2.250000
7652 2.350000
7653 2.350000
7654 2.350000
7655 2.350000
7656 2.350000
7657 2.350000
7658 2.450000
7659 2.450000
7660 2.450000
7661 2.450000
7662 2.450000
7663 2.450000
7664 2.450000
7665 2.450000
7666 2.450000
7667 2.500000
7668 2.500000
7669 2.650000
7670 2.650000
7671 2.650000
7672 2.650000
7673 2.650000
7674 2.650000
7675 2.650000
7676 2.650000
7677 2.650000
7678 2.750000
7679 2.750000
7680 2.750000
7681 2.750000
7682 2.750000
7683 2.950000
7684 2.950000
7685 2.950000
7686 2.950000
7687 2.950000
7688 3.250000
7689 3.250000
7690 3.250000
7691 3.250000
7692 3.350000
7693 3.500000
7694 3.500000
7695 3.650000
7696 3.950000
7697 1.950000
7698 1.950000
7699 2.350000
7700 2.750000
7701 3.350000
7702 2.450000
7703 1.950000
7704 2.250000
7705 2.450000
7706 2.650000
7707 2.750000
7708 3.950000
7709 3.790000
7710 3.790000
7711 3.790000
7712 9.990000
7713 4.790000
7714 6.590000
7715 13.190000
7716 3.690000
7717 4.990000
7718 2.590000
7719 8.990000
7720 4.990000
7721 3.590000
7722 4.990000
7723 4.990000
7724 4.990000
7725 4.990000
7726 4.990000
7727 4.990000
7728 5.990000
7729 5.990000
7730 8.290000
7731 6.000000
7732 5.990000
7733 5.890000
7734 7.290000
7735 5.190000
7736 8.790000
7737 6.990000
7738 5.990000
7739 8.290000
7740 5.990000
7741 9.990000
7742 9.990000
7743 9.990000
7744 5.990000
7745 5.890000
7746 8.990000
7747 6.990000
7748 5.000000
7749 12.490000
7750 3.690000
7751 4.990000
7752 8.290000
7753 6.000000
7754 8.290000
7755 4.990000
7756 8.990000
7757 16.790001
7758 4.990000
7759 4.990000
7760 4.990000
7761 4.990000
7762 7.590000
7763 9.290000
7764 6.390000
7765 6.390000
7766 4.990000
7767 4.990000
7768 4.990000
7769 5.990000
7770 4.000000
7771 8.290000
7772 4.090000
7773 3.590000
7774 2.290000
7775 2.290000
7776 1.250000
7777 2.990000
7778 2.990000
7779 1.490000
7780 1.490000
7781 1.490000
7782 3.690000
7783 5.990000
7784 2.990000
7785 3.990000
7786 3.930000
7787 3.990000
7788 1.390000
7789 3.990000
7790 1.590000
7791 2.390000
7792 2.390000
7793 3.990000
7794 3.990000
7795 3.990000
7796 3.990000
7797 2.390000
7798 2.390000
7799 1.590000
7800 1.590000
7801 1.590000
7802 1.590000
7803 1.590000
7804 1.490000
7805 1.490000
7806 1.490000
7807 1.490000
7808 3.990000
7809 3.690000
7810 3.690000
7811 3.690000
7812 3.690000
7813 4.500000
7814 4.500000
7815 4.990000
7816 2.390000
7817 1.990000
7818 2.290000
7819 4.990000
7820 2.290000
7821 2.290000
7822 1.290000
7823 4.990000
7824 2.390000
7825 2.290000
7826 0.750000
7827 1.590000
7828 0.990000
7829 1.690000
7830 1.690000
7831 5.290000
7832 3.990000
7833 4.990000
7834 1.890000
7835 1.690000
7836 2.390000
7837 2.390000
7838 4.990000
7839 1.190000
7840 1.750000
7841 2.290000
7842 5.290000
7843 1.690000
7844 3.090000
7845 2.290000
7846 5.290000
7847 4.990000
7848 4.990000
7849 1.690000
7850 6.990000
7851 4.990000
7852 2.290000
7853 5.290000
7854 2.290000
7855 5.290000
7856 4.990000
7857 4.990000
7858 1.690000
7859 2.390000
7860 4.990000
7861 2.490000
7862 4.490000
7863 2.290000
7864 4.990000
7865 4.990000
7866 2.090000
7867 5.290000
7868 4.390000
7869 2.290000
7870 3.990000
7871 3.990000
7872 3.990000
7873 2.690000
7874 2.690000
7875 2.690000
7876 2.690000
7877 1.990000
7878 2.690000
7879 4.990000
7880 2.690000
7881 4.990000
7882 2.690000
7883 4.990000
7884 1.990000
7885 1.990000
7886 1.990000
7887 11.990000
7888 5.990000
7889 6.990000
7890 2.490000
7891 1.980000
7892 1.190000
7893 5.290000
7894 1.990000
7895 2.390000
7896 1.290000
7897 2.690000
7898 1.890000
7899 1.150000
7900 2.090000
7901 1.790000
7902 0.690000
7903 0.790000
7904 1.190000
7905 1.290000
7906 1.150000
7907 1.490000
7908 1.490000
7909 1.490000
7910 1.290000
7911 2.490000
7912 0.790000
7913 1.390000
7914 1.290000
7915 0.990000
7916 0.690000
7917 1.590000
7918 0.890000
7919 1.990000
7920 0.790000
7921 7.490000
7922 7.490000
7923 7.490000
7924 7.490000
7925 5.990000
7926 10.990000
7927 1.990000
7928 1.890000
7929 8.290000
7930 15.990000
7931 4.890000
7932 3.890000
7933 3.890000
7934 3.890000
7935 1.690000
7936 2.990000
7937 0.850000
7938 1.690000
7939 4.190000
7940 7.690000
7941 12.990000
7942 5.890000
7943 1.990000
7944 2.890000
7945 2.890000
7946 4.890000
7947 0.600000
7948 4.890000
7949 4.390000
7950 11.890000
7951 19.990000
7952 2.400000
7953 9.990000
7954 10.890000
7955 4.390000
7956 7.890000
7957 11.890000
7958 3.990000
7959 6.890000
7960 3.990000
7961 7.990000
7962 5.690000
7963 9.990000
7964 10.990000
7965 4.490000
7966 10.590000
7967 9.990000
7968 7.990000
7969 2.890000
7970 2.890000
7971 16.950001
7972 3.090000
7973 12.790000
7974 2.890000
7975 2.890000
7976 4.990000
7977 4.790000
7978 9.990000
7979 4.790000
7980 15.790000
7981 1.590000
7982 7.390000
7983 4.190000
7984 3.990000
7985 4.190000
7986 1.590000
7987 4.190000
7988 7.190000
7989 10.890000
7990 5.890000
7991 19.889999
7992 1.190000
7993 7.190000
7994 4.890000
7995 9.190000
7996 5.890000
7997 19.889999
7998 4.590000
7999 13.590000
8000 6.990000
8001 5.990000
8002 3.590000
8003 2.490000
8004 2.990000
8005 7.990000
8006 6.490000
8007 4.190000
8008 7.190000
8009 1.390000
8010 1.990000
8011 1.190000
8012 1.190000
8013 10.290000
8014 10.890000
8015 10.890000
8016 4.890000
8017 0.600000
8018 1.190000
8019 1.990000
8020 1.190000
8021 1.190000
8022 1.890000
8023 4.890000
8024 8.290000
8025 4.190000
8026 4.590000
8027 7.890000
8028 5.890000
8029 19.889999
8030 16.990000
8031 1.890000
8032 4.890000
8033 15.990000
8034 5.890000
8035 19.889999
8036 28.590000
8037 2.090000
8038 6.890000
8039 2.090000
8040 0.450000
8041 1.390000
8042 1.390000
8043 2.490000
8044 1.390000
8045 0.990000
8046 1.990000
8047 1.390000
8048 1.390000
8049 3.190000
8050 3.190000
8051 1.990000
8052 3.190000
8053 1.390000
8054 3.190000
8055 1.990000
8056 1.990000
8057 1.990000
8058 1.990000
8059 1.990000
8060 1.990000
8061 1.390000
8062 1.390000
8063 1.390000
8064 2.990000
8065 2.490000
8066 2.490000
8067 1.490000
8068 2.490000
8069 2.490000
8070 2.490000
8071 2.490000
8072 1.890000
8073 2.490000
8074 2.490000
8075 2.490000
8076 2.490000
8077 3.090000
8078 3.090000
8079 3.090000
8080 3.090000
8081 3.390000
8082 1.690000
8083 1.690000
8084 1.690000
8085 1.690000
8086 1.690000
8087 1.690000
8088 3.290000
8089 3.290000
8090 3.290000
8091 1.990000
8092 1.890000
8093 1.990000
8094 1.990000
8095 1.990000
8096 1.990000
8097 2.190000
8098 2.190000
8099 1.990000
8100 1.990000
8101 2.490000
8102 2.490000
8103 2.190000
8104 1.990000
8105 2.490000
8106 7.490000
8107 1.990000
8108 2.490000
8109 1.990000
8110 2.490000
8111 1.990000
8112 1.990000
8113 1.790000
8114 2.500000
8115 8.690000
8116 2.500000
8117 2.500000
8118 2.500000
8119 2.500000
8120 2.500000
8121 2.500000
8122 2.500000
8123 8.690000
8124 2.500000
8125 2.500000
8126 2.500000
8127 2.500000
8128 2.490000
8129 2.490000
8130 2.490000
8131 2.490000
8132 2.550000
8133 2.550000
8134 2.550000
8135 2.550000
8136 1.690000
8137 1.690000
8138 1.690000
8139 1.690000
8140 1.690000
8141 1.090000
8142 1.690000
8143 1.090000
8144 1.090000
8145 1.090000
8146 1.090000
8147 1.790000
8148 1.790000
8149 1.790000
8150 1.790000
8151 1.790000
8152 1.790000
8153 1.790000
8154 1.790000
8155 1.790000
8156 1.790000
8157 1.790000
8158 2.890000
8159 0.990000
8160 2.390000
8161 2.390000
8162 2.390000
8163 1.690000
8164 1.690000
8165 1.690000
8166 1.690000
8167 1.690000
8168 1.690000
8169 1.690000
8170 1.690000
8171 1.690000
8172 1.790000
8173 1.790000
8174 1.690000
8175 1.690000
8176 2.390000
8177 2.390000
8178 0.990000
8179 2.390000
8180 2.390000
8181 0.990000
8182 3.690000
8183 2.990000
8184 1.890000
8185 2.390000
8186 3.390000
8187 3.390000
8188 3.390000
8189 3.690000
8190 3.390000
8191 3.690000
8192 2.490000
8193 2.490000
8194 2.390000
8195 3.290000
8196 3.290000
8197 3.290000
8198 3.390000
8199 3.390000
8200 3.390000
8201 3.290000
8202 3.290000
8203 1.290000
8204 1.290000
8205 1.290000
8206 1.290000
8207 1.290000
8208 2.290000
8209 5.190000
8210 3.490000
8211 3.990000
8212 1.990000
8213 5.190000
8214 2.290000
8215 4.690000
8216 3.990000
8217 3.290000
8218 1.990000
8219 1.490000
8220 1.790000
8221 5.190000
8222 5.190000
8223 7.590000
8224 9.590000
8225 9.590000
8226 4.890000
8227 7.590000
8228 5.190000
8229 5.190000
8230 8.790000
8231 8.790000
8232 7.590000
8233 5.390000
8234 5.790000
8235 5.390000
8236 5.390000
8237 5.390000
8238 7.090000
8239 4.890000
8240 7.190000
8241 5.790000
8242 7.590000
8243 15.790000
8244 9.590000
8245 14.990000
8246 14.590000
8247 6.390000
8248 10.990000
8249 10.190000
8250 15.790000
8251 9.590000
8252 14.990000
8253 14.590000
8254 14.990000
8255 7.690000
8256 14.490000
8257 8.690000
8258 14.990000
8259 14.490000
8260 2.190000
8261 4.090000
8262 2.290000
8263 2.290000
8264 2.490000
8265 7.490000
8266 1.290000
8267 2.390000
8268 15.590000
8269 4.690000
8270 5.390000
8271 6.190000
8272 0.333333
8273 0.333333
8274 0.330000
8275 0.333333
8276 0.330000
8277 0.333333
8278 2.490000
8279 2.590000
8280 2.590000
8281 2.390000
8282 3.990000
8283 3.990000
8284 2.000000
8285 3.990000
8286 3.990000
8287 1.990000
8288 1.890000
8289 1.990000
8290 2.490000
8291 0.790000
8292 1.990000
8293 3.290000
8294 3.690000
8295 5.990000
8296 7.990000
8297 10.690000
8298 3.990000
8299 3.990000
8300 5.490000
8301 3.690000
8302 3.290000
8303 4.390000
8304 4.390000
8305 4.390000
8306 3.890000
8307 4.590000
8308 4.590000
8309 1.390000
8310 4.590000
8311 3.290000
8312 3.290000
8313 5.790000
8314 5.790000
8315 5.790000
8316 3.290000
8317 1.990000
8318 1.990000
8319 2.690000
8320 2.690000
8321 0.790000
8322 0.590000
8323 0.950000
8324 0.950000
8325 0.590000
8326 0.590000
8327 0.950000
8328 0.950000
8329 0.950000
8330 0.950000
8331 0.950000
8332 0.950000
8333 0.950000
8334 1.790000
8335 0.690000
8336 0.690000
8337 1.990000
8338 2.000000
8339 1.790000
8340 1.790000
8341 2.990000
8342 2.190000
8343 2.190000
8344 0.490000
8345 0.500000
8346 1.590000
8347 1.990000
8348 1.590000
8349 1.590000
8350 1.590000
8351 1.590000
8352 1.790000
8353 1.590000
8354 1.590000
8355 1.990000
8356 1.990000
8357 1.990000
8358 2.000000
8359 2.000000
8360 2.000000
8361 1.990000
8362 3.690000
8363 3.690000
8364 1.590000
8365 1.590000
8366 1.590000
8367 1.590000
8368 1.590000
8369 2.000000
8370 2.000000
8371 2.000000
8372 1.590000
8373 1.490000
8374 13.790000
8375 13.790000
8376 9.390000
8377 16.690001
8378 29.990000
8379 5.390000
8380 9.790000
8381 16.990000
8382 7.590000
8383 13.790000
8384 7.590000
8385 13.790000
8386 25.990000
8387 2.990000
8388 7.590000
8389 13.790000
8390 2.990000
8391 9.390000
8392 16.690001
8393 29.990000
8394 7.590000
8395 13.790000
8396 9.390000
8397 16.690001
8398 29.990000
8399 9.390000
8400 16.690001
8401 29.990000
8402 7.590000
8403 13.790000
8404 9.390000
8405 16.690001
8406 9.390000
8407 16.690001
8408 7.590000
8409 13.790000
8410 5.790000
8411 2.790000
8412 5.790000
8413 2.790000
8414 2.790000
8415 2.790000
8416 2.790000
8417 9.790000
8418 17.690001
8419 7.590000
8420 13.790000
8421 2.990000
8422 7.590000
8423 13.790000
8424 7.590000
8425 13.790000
8426 1.090000
8427 1.090000
8428 1.090000
8429 1.090000
8430 0.670000
8431 0.330000
8432 1.090000
8433 0.666667
8434 0.666667
8435 0.495000
8436 0.665000
8437 0.490000
8438 0.670000
8439 0.250000
8440 0.665000
8441 0.500000
8442 0.670000
8443 0.495000
8444 0.495000
8445 0.665000
8446 0.495000
8447 0.495000
8448 0.492500
8449 0.493333
8450 0.670000
8451 3.690000
8452 3.690000
8453 3.990000
8454 8.290000
8455 8.290000
8456 6.990000
8457 8.990000
8458 8.890000
8459 7.490000
8460 9.390000
8461 9.390000
8462 7.490000
8463 9.390000
8464 9.390000
8465 7.490000
8466 9.390000
8467 1.790000
8468 1.990000
8469 4.490000
8470 3.590000
8471 3.790000
8472 4.500000
8473 3.790000
8474 3.790000
8475 3.790000
8476 5.390000
8477 6.990000
8478 5.490000
8479 5.690000
8480 5.390000
8481 7.690000
8482 10.890000
8483 5.590000
8484 7.690000
8485 5.590000
8486 6.990000
8487 5.390000
8488 6.990000
8489 5.390000
8490 5.390000
8491 6.490000
8492 6.490000
8493 5.390000
8494 5.390000
8495 6.490000
8496 3.790000
8497 6.490000
8498 6.490000
8499 6.490000
8500 4.990000
8501 4.990000
8502 6.290000
8503 9.990000
8504 6.990000
8505 5.390000
8506 5.390000
8507 4.990000
8508 6.490000
8509 6.490000
8510 6.490000
8511 5.390000
8512 6.490000
8513 9.390000
8514 6.490000
8515 2.690000
8516 5.890000
8517 1.690000
8518 1.900000
8519 2.490000
8520 5.290000
8521 5.990000
8522 2.490000
8523 5.190000
8524 4.890000
8525 4.590000
8526 2.490000
8527 4.590000
8528 5.750000
8529 4.590000
8530 2.590000
8531 2.590000
8532 2.990000
8533 2.590000
8534 2.990000
8535 4.590000
8536 4.590000
8537 2.990000
8538 2.990000
8539 5.590000
8540 3.250000
8541 4.590000
8542 2.350000
8543 2.990000
8544 5.750000
8545 1.950000
8546 1.700000
8547 3.000000
8548 2.590000
8549 2.880000
8550 2.590000
8551 2.390000
8552 1.950000
8553 2.390000
8554 2.990000
8555 2.990000
8556 8.990000
8557 3.190000
8558 3.390000
8559 4.590000
8560 3.490000
8561 3.390000
8562 3.390000
8563 4.390000
8564 4.190000
8565 3.990000
8566 2.990000
8567 4.990000
8568 5.990000
8569 4.490000
8570 4.490000
8571 3.690000
8572 4.290000
8573 2.090000
8574 2.990000
8575 3.190000
8576 4.290000
8577 4.290000
8578 3.690000
8579 3.690000
8580 3.690000
8581 3.690000
8582 3.690000
8583 3.690000
8584 4.490000
8585 4.490000
8586 3.490000
8587 2.790000
8588 1.890000
8589 1.890000
8590 1.890000
8591 2.490000
8592 2.490000
8593 2.490000
8594 6.290000
8595 6.290000
8596 4.990000
8597 4.990000
8598 6.290000
8599 6.290000
8600 6.290000
8601 4.990000
8602 4.990000
8603 4.290000
8604 4.290000
8605 7.490000
8606 4.690000
8607 2.690000
8608 1.500000
8609 1.500000
8610 1.500000
8611 8.990000
8612 2.990000
8613 2.990000
8614 2.990000
8615 3.290000
8616 2.990000
8617 2.990000
8618 2.990000
8619 2.990000
8620 2.990000
8621 3.290000
8622 3.290000
8623 1.390000
8624 3.490000
8625 1.890000
8626 1.890000
8627 1.890000
8628 1.890000
8629 1.890000
8630 1.890000
8631 1.890000
8632 1.890000
8633 1.890000
8634 0.950000
8635 2.490000
8636 0.850000
8637 1.290000
8638 1.090000
8639 1.590000
8640 0.950000
8641 0.950000
8642 0.990000
8643 0.950000
8644 0.550000
8645 0.990000
8646 0.950000
8647 1.490000
8648 1.090000
8649 1.490000
8650 0.990000
8651 0.850000
8652 1.090000
8653 0.750000
8654 0.950000
8655 0.950000
8656 0.950000
8657 0.990000
8658 1.290000
8659 2.490000
8660 1.790000
8661 1.890000
8662 3.490000
8663 1.890000
8664 3.790000
8665 3.790000
8666 2.590000
8667 2.590000
8668 2.590000
8669 3.790000
8670 3.790000
8671 3.790000
8672 1.890000
8673 1.890000
8674 2.390000
8675 2.390000
8676 3.490000
8677 3.490000
8678 3.490000
8679 3.490000
8680 3.490000
8681 2.390000
8682 2.490000
8683 1.890000
8684 1.890000
8685 6.990000
8686 6.990000
8687 6.990000
8688 6.990000
8689 6.990000
8690 6.990000
8691 1.890000
8692 1.790000
8693 1.890000
8694 1.790000
8695 1.490000
8696 3.790000
8697 3.790000
8698 3.790000
8699 3.790000
8700 3.790000
8701 2.990000
8702 4.790000
8703 0.890000
8704 0.890000
8705 0.890000
8706 0.790000
8707 2.290000
8708 2.290000
8709 2.290000
8710 3.690000
8711 2.490000
8712 2.390000
8713 2.390000
8714 2.390000
8715 2.390000
8716 1.990000
8717 1.000000
8718 1.990000
8719 1.990000
8720 1.490000
8721 1.490000
8722 2.290000
8723 1.890000
8724 2.950000
8725 2.490000
8726 2.500000
8727 1.990000
8728 2.990000
8729 6.290000
8730 8.290000
8731 8.290000
8732 6.390000
8733 2.590000
8734 8.690000
8735 9.990000
8736 9.990000
8737 9.990000
8738 2.690000
8739 2.690000
8740 2.690000
8741 2.690000
8742 23.990000
8743 23.990000
8744 23.990000
8745 23.990000
8746 14.990000
8747 29.990000
8748 0.790000
8749 2.790000
8750 2.990000
8751 2.990000
8752 1.490000
8753 1.490000
8754 1.490000
8755 1.490000
8756 3.990000
8757 2.490000
8758 2.490000
8759 2.490000
8760 2.490000
8761 2.490000
8762 2.790000
8763 1.690000
8764 2.790000
8765 2.690000
8766 2.690000
8767 2.990000
8768 4.990000
8769 2.990000
8770 4.990000
8771 2.990000
8772 3.290000
8773 3.790000
8774 3.790000
8775 3.790000
8776 3.790000
8777 2.790000
8778 3.790000
8779 3.790000
8780 2.990000
8781 4.990000
8782 2.990000
8783 4.990000
8784 2.690000
8785 2.690000
8786 2.690000
8787 11.990000
8788 0.990000
8789 0.990000
8790 0.990000
8791 0.990000
8792 0.990000
8793 3.190000
8794 2.490000
8795 3.190000
8796 3.190000
8797 3.190000
8798 3.190000
8799 3.190000
8800 1.350000
8801 1.350000
8802 1.350000
8803 1.890000
8804 0.990000
8805 0.990000
8806 4.750000
8807 4.750000
8808 0.990000
8809 0.990000
8810 0.250000
8811 0.990000
8812 0.990000
8813 0.990000
8814 0.990000
8815 0.990000
8816 0.990000
8817 0.990000
8818 0.250000
8819 0.990000
8820 0.990000
8821 4.490000
8822 0.500000
8823 2.490000
8824 10.990000
8825 8.990000
8826 4.990000
8827 4.990000
8828 4.990000
8829 4.990000
8830 0.990000
8831 0.990000
8832 0.990000
8833 0.990000
8834 4.990000
8835 4.990000
8836 4.990000
8837 1.890000
8838 8.990000
8839 4.990000
8840 6.880000
8841 0.645000
8842 3.290000
8843 1.890000
8844 10.990000
8845 1.290000
8846 1.290000
8847 1.290000
8848 1.290000
8849 1.290000
8850 1.290000
8851 1.290000
8852 1.290000
8853 1.290000
8854 1.390000
8855 1.390000
8856 1.390000
8857 1.890000
8858 1.890000
8859 1.890000
8860 1.890000
8861 1.890000
8862 4.990000
8863 1.990000
8864 10.990000
8865 0.990000
8866 1.490000
8867 1.490000
8868 1.490000
8869 1.490000
8870 2.490000
8871 2.490000
8872 2.490000
8873 2.490000
8874 2.490000
8875 5.990000
8876 1.990000
8877 1.890000
8878 5.990000
8879 5.990000
8880 5.990000
8881 5.990000
8882 5.990000
8883 5.990000
8884 5.990000
8885 6.490000
8886 6.490000
8887 6.490000
8888 6.490000
8889 6.490000
8890 6.490000
8891 6.490000
8892 6.490000
8893 7.490000
8894 7.490000
8895 7.490000
8896 7.490000
8897 7.490000
8898 7.490000
8899 7.490000
8900 7.490000
8901 8.990000
8902 8.990000
8903 5.490000
8904 5.490000
8905 4.990000
8906 4.990000
8907 4.690000
8908 4.990000
8909 4.990000
8910 4.990000
8911 3.990000
8912 1.170000
8913 6.880000
8914 6.880000
8915 4.990000
8916 4.990000
8917 3.990000
8918 4.990000
8919 4.990000
8920 4.990000
8921 3.990000
8922 10.990000
8923 10.990000
8924 10.990000
8925 10.990000
8926 6.880000
8927 10.990000
8928 10.990000
8929 10.990000
8930 10.990000
8931 10.990000
8932 10.990000
8933 10.990000
8934 10.990000
8935 5.990000
8936 4.950000
8937 4.950000
8938 1.290000
8939 1.290000
8940 1.790000
8941 1.890000
8942 1.790000
8943 1.590000
8944 2.290000
8945 0.490000
8946 0.490000
8947 2.290000
8948 2.290000
8949 2.890000
8950 0.490000
8951 2.290000
8952 2.890000
8953 2.890000
8954 2.890000
8955 2.890000
8956 2.890000
8957 2.890000
8958 2.890000
8959 2.990000
8960 2.990000
8961 2.990000
8962 3.290000
8963 2.990000
8964 2.990000
8965 2.990000
8966 2.990000
8967 2.990000
8968 2.990000
8969 2.990000
8970 3.990000
8971 3.990000
8972 3.990000
8973 2.890000
8974 2.890000
8975 2.890000
8976 1.290000
8977 1.290000
8978 1.290000
8979 2.290000
8980 2.290000
8981 2.290000
8982 1.290000
8983 1.290000
8984 1.390000
8985 0.790000
8986 0.790000
8987 0.790000
8988 0.790000
8989 0.790000
8990 0.790000
8991 0.790000
8992 0.790000
8993 0.790000
8994 0.790000
8995 0.790000
8996 0.790000
8997 0.790000
8998 0.790000
8999 2.090000
9000 2.690000
9001 2.690000
9002 0.790000
9003 0.790000
9004 0.790000
9005 0.790000
9006 2.990000
9007 2.990000
9008 11.990000
9009 2.990000
9010 2.990000
9011 2.990000
9012 2.990000
9013 2.890000
9014 3.990000
9015 4.690000
9016 3.890000
9017 2.690000
9018 3.890000
9019 3.890000
9020 11.890000
9021 2.290000
9022 2.290000
9023 3.690000
9024 2.290000
9025 3.690000
9026 3.690000
9027 3.690000
9028 3.690000
9029 3.290000
9030 2.690000
9031 3.990000
9032 4.990000
9033 3.390000
9034 2.290000
9035 3.290000
9036 3.990000
9037 2.290000
9038 2.990000
9039 1.990000
9040 2.190000
9041 1.990000
9042 2.390000
9043 2.390000
9044 2.290000
9045 2.390000
9046 2.290000
9047 2.990000
9048 2.290000
9049 2.290000
9050 2.290000
9051 2.290000
9052 2.290000
9053 1.390000
9054 1.390000
9055 1.390000
9056 1.390000
9057 2.090000
9058 2.090000
9059 2.290000
9060 2.290000
9061 2.290000
9062 4.290000
9063 4.690000
9064 1.500000
9065 4.590000
9066 2.090000
9067 3.990000
9068 4.690000
9069 3.390000
9070 3.390000
9071 2.190000
9072 2.990000
9073 3.390000
9074 2.090000
9075 4.890000
9076 3.990000
9077 3.990000
9078 2.290000
9079 3.890000
9080 3.190000
9081 3.190000
9082 3.190000
9083 3.990000
9084 3.990000
9085 3.990000
9086 3.890000
9087 2.990000
9088 2.990000
9089 3.690000
9090 2.990000
9091 3.190000
9092 4.590000
9093 3.890000
9094 5.090000
9095 2.990000
9096 2.990000
9097 5.990000
9098 5.990000
9099 5.990000
9100 5.990000
9101 5.990000
9102 2.690000
9103 3.390000
9104 2.990000
9105 2.990000
9106 2.990000
9107 2.290000
9108 3.690000
9109 3.690000
9110 3.890000
9111 3.690000
9112 3.690000
9113 2.990000
9114 2.990000
9115 2.990000
9116 2.990000
9117 2.990000
9118 2.990000
9119 2.990000
9120 2.990000
9121 2.990000
9122 1.990000
9123 2.090000
9124 3.590000
9125 3.790000
9126 1.990000
9127 3.590000
9128 1.390000
9129 0.990000
9130 2.990000
9131 2.990000
9132 2.990000
9133 2.990000
9134 2.990000
9135 2.990000
9136 2.990000
9137 2.990000
9138 2.990000
9139 2.990000
9140 2.990000
9141 2.990000
9142 1.690000
9143 2.990000
9144 2.990000
9145 2.990000
9146 3.990000
9147 2.990000
9148 2.990000
9149 2.990000
9150 1.690000
9151 2.990000
9152 2.990000
9153 2.990000
9154 2.990000
9155 2.990000
9156 2.990000
9157 1.090000
9158 1.890000
9159 2.090000
9160 2.390000
9161 2.390000
9162 2.990000
9163 3.790000
9164 4.990000
9165 5.390000
9166 1.390000
9167 1.890000
9168 2.990000
9169 4.990000
9170 2.990000
9171 3.990000
9172 3.990000
9173 7.990000
9174 1.490000
9175 2.190000
9176 2.190000
9177 1.590000
9178 2.190000
9179 1.590000
9180 1.590000
9181 1.590000
9182 2.190000
9183 4.990000
9184 1.190000
9185 0.990000
9186 1.690000
9187 1.190000
9188 0.990000
9189 2.990000
9190 1.190000
9191 2.990000
9192 2.990000
9193 2.990000
9194 2.990000
9195 2.690000
9196 2.690000
9197 2.190000
9198 2.690000
9199 2.690000
9200 1.790000
9201 0.890000
9202 2.690000
9203 1.890000
9204 2.690000
9205 2.690000
9206 2.190000
9207 0.990000
9208 0.990000
9209 2.990000
9210 2.990000
9211 2.990000
9212 2.990000
9213 2.990000
9214 2.990000
9215 3.290000
9216 3.390000
9217 6.990000
9218 2.690000
9219 1.190000
9220 1.590000
9221 1.590000
9222 1.590000
9223 1.590000
9224 1.590000
9225 1.590000
9226 5.990000
9227 1.590000
9228 1.590000
9229 1.590000
9230 1.590000
9231 1.590000
9232 1.590000
9233 2.990000
9234 2.990000
9235 2.990000
9236 0.990000
9237 3.490000
9238 4.490000
9239 4.490000
9240 3.290000
9241 2.990000
9242 2.990000
9243 2.990000
9244 1.590000
9245 3.390000
9246 3.390000
9247 3.990000
9248 3.990000
9249 2.890000
9250 7.490000
9251 3.490000
9252 3.490000
9253 3.490000
9254 2.890000
9255 2.890000
9256 3.990000
9257 3.490000
9258 3.990000
9259 3.990000
9260 3.490000
9261 3.490000
9262 1.450000
9263 3.990000
9264 2.890000
9265 3.990000
9266 3.990000
9267 3.990000
9268 1.450000
9269 2.890000
9270 3.990000
9271 3.990000
9272 3.990000
9273 0.990000
9274 0.666667
9275 1.790000
9276 0.990000
9277 6.790000
9278 0.690000
9279 1.190000
9280 1.190000
9281 1.190000
9282 2.890000
9283 1.990000
9284 1.890000
9285 1.990000
9286 2.290000
9287 0.990000
9288 2.090000
9289 1.990000
9290 1.990000
9291 2.890000
9292 2.790000
9293 2.690000
9294 4.190000
9295 5.590000
9296 1.990000
9297 4.990000
9298 2.990000
9299 1.150000
9300 2.290000
9301 2.290000
9302 2.290000
9303 6.990000
9304 2.890000
9305 2.590000
9306 2.590000
9307 1.790000
9308 1.790000
9309 6.790000
9310 2.890000
9311 2.690000
9312 2.990000
9313 4.790000
9314 4.090000
9315 1.990000
9316 1.590000
9317 1.590000
9318 2.990000
9319 1.390000
9320 2.390000
9321 3.490000
9322 3.590000
9323 1.590000
9324 5.990000
9325 2.990000
9326 5.990000
9327 2.990000
9328 6.190000
9329 2.990000
9330 14.990000
9331 5.990000
9332 12.490000
9333 6.990000
9334 3.990000
9335 2.990000
9336 2.990000
9337 2.990000
9338 2.990000
9339 2.690000
9340 2.690000
9341 2.690000
9342 5.990000
9343 5.990000
9344 5.990000
9345 5.990000
9346 5.990000
9347 6.490000
9348 6.490000
9349 6.490000
9350 5.990000
9351 3.190000
9352 3.190000
9353 2.990000
9354 3.190000
9355 3.190000
9356 3.190000
9357 0.490000
9358 0.490000
9359 0.490000
9360 0.490000
9361 0.490000
9362 0.490000
9363 0.490000
9364 0.490000
9365 0.490000
9366 0.850000
9367 0.690000
9368 0.690000
9369 0.690000
9370 0.690000
9371 0.690000
9372 0.450000
9373 0.690000
9374 2.190000
9375 0.990000
9376 2.890000
9377 2.190000
9378 2.190000
9379 4.190000
9380 2.990000
9381 4.190000
9382 3.690000
9383 3.390000
9384 3.290000
9385 3.390000
9386 3.290000
9387 3.390000
9388 3.390000
9389 3.290000
9390 3.290000
9391 3.390000
9392 3.390000
9393 2.890000
9394 1.290000
9395 1.290000
9396 1.290000
9397 1.390000
9398 1.190000
9399 1.490000
9400 2.990000
9401 2.790000
9402 4.950000
9403 3.950000
9404 1.790000
9405 1.790000
9406 1.790000
9407 1.790000
9408 1.790000
9409 3.490000
9410 3.490000
9411 2.990000
9412 2.990000
9413 2.990000
9414 3.990000
9415 2.990000
9416 2.990000
9417 2.990000
9418 2.990000
9419 3.490000
9420 3.490000
9421 0.950000
9422 0.950000
9423 0.950000
9424 0.250000
9425 0.250000
9426 0.250000
9427 0.250000
9428 0.250000
9429 0.990000
9430 0.990000
9431 0.990000
9432 1.490000
9433 1.490000
9434 0.890000
9435 0.890000
9436 0.890000
9437 0.950000
9438 0.950000
9439 0.950000
9440 0.950000
9441 0.950000
9442 0.950000
9443 0.890000
9444 0.890000
9445 0.890000
9446 0.890000
9447 0.890000
9448 0.890000
9449 0.990000
9450 0.990000
9451 0.990000
9452 0.990000
9453 0.990000
9454 0.990000
9455 0.990000
9456 1.790000
9457 1.790000
9458 1.790000
9459 1.790000
9460 1.790000
9461 1.500000
9462 1.500000
9463 1.690000
9464 1.690000
9465 1.990000
9466 2.990000
9467 2.990000
9468 2.990000
9469 1.500000
9470 2.190000
9471 1.500000
9472 2.190000
9473 3.590000
9474 5.290000
9475 5.490000
9476 2.990000
9477 1.790000
9478 7.690000
9479 5.790000
9480 0.890000
9481 0.990000
9482 0.990000
9483 1.190000
9484 0.240000
9485 1.990000
9486 0.890000
9487 6.990000
9488 4.290000
9489 4.590000
9490 6.990000
9491 2.790000
9492 2.790000
9493 2.790000
9494 3.190000
9495 4.290000
9496 3.190000
9497 3.390000
9498 2.190000
9499 2.490000
9500 2.490000
9501 2.090000
9502 2.090000
9503 2.090000
9504 2.090000
9505 2.090000
9506 2.090000
9507 2.090000
9508 2.790000
9509 2.790000
9510 2.790000
9511 2.790000
9512 2.790000
9513 2.790000
9514 3.690000
9515 3.690000
9516 2.490000
9517 2.090000
9518 2.090000
9519 2.090000
9520 2.090000
9521 2.090000
9522 2.090000
9523 2.790000
9524 2.790000
9525 2.090000
9526 2.090000
9527 2.790000
9528 2.790000
9529 2.790000
9530 2.790000
9531 2.790000
9532 2.790000
9533 2.790000
9534 2.790000
9535 2.790000
9536 2.790000
9537 2.790000
9538 2.790000
9539 2.790000
9540 2.790000
9541 2.790000
9542 2.790000
9543 2.790000
9544 2.790000
9545 2.790000
9546 2.790000
9547 2.790000
9548 2.790000
9549 2.790000
9550 2.790000
9551 2.790000
9552 2.790000
9553 1.990000
9554 1.990000
9555 2.790000
9556 2.790000
9557 2.790000
9558 2.790000
9559 2.790000
9560 2.490000
9561 2.190000
9562 2.590000
9563 4.990000
9564 3.390000
9565 3.390000
9566 4.990000
9567 1.190000
9568 2.590000
9569 1.190000
9570 4.990000
9571 1.850000
9572 2.290000
9573 3.590000
9574 3.590000
9575 2.990000
9576 3.390000
9577 1.450000
9578 3.390000
9579 3.490000
9580 3.390000
9581 3.390000
9582 3.290000
9583 3.290000
9584 3.290000
9585 3.290000
9586 3.390000
9587 3.390000
9588 4.990000
9589 4.990000
9590 3.390000
9591 5.990000
9592 4.990000
9593 2.890000
9594 2.890000
9595 2.890000
9596 2.890000
9597 2.890000
9598 2.890000
9599 2.890000
9600 2.890000
9601 3.390000
9602 1.190000
9603 1.190000
9604 1.190000
9605 1.190000
9606 1.190000
9607 1.190000
9608 1.190000
9609 1.190000
9610 1.190000
9611 1.190000
9612 1.190000
9613 1.190000
9614 1.190000
9615 1.190000
9616 1.990000
9617 1.990000
9618 1.990000
9619 1.990000
9620 1.190000
9621 1.190000
9622 1.190000
9623 1.190000
9624 1.190000
9625 1.190000
9626 1.190000
9627 1.190000
9628 1.190000
9629 1.190000
9630 1.190000
9631 1.190000
9632 1.190000
9633 1.190000
9634 1.190000
9635 1.190000
9636 1.190000
9637 1.190000
9638 1.190000
9639 1.190000
9640 1.190000
9641 1.190000
9642 1.190000
9643 3.490000
9644 3.490000
9645 3.490000
9646 3.490000
9647 3.290000
9648 3.290000
9649 4.690000
9650 3.290000
9651 3.790000
9652 3.790000
9653 3.790000
9654 3.790000
9655 3.790000
9656 3.790000
9657 3.790000
9658 3.790000
9659 3.290000
9660 3.990000
9661 3.290000
9662 2.990000
9663 2.990000
9664 2.990000
9665 3.990000
9666 3.990000
9667 3.990000
9668 3.990000
9669 3.990000
9670 3.990000
9671 3.990000
9672 3.990000
9673 3.290000
9674 3.290000
9675 3.290000
9676 3.290000
9677 3.290000
9678 3.290000
9679 4.790000
9680 2.990000
9681 2.990000
9682 2.990000
9683 8.990000
9684 10.990000
9685 7.990000
9686 3.690000
9687 2.990000
9688 2.590000
9689 4.990000
9690 4.590000
9691 1.990000
9692 1.990000
9693 3.090000
9694 3.490000
9695 2.190000
9696 3.090000
9697 3.090000
9698 3.090000
9699 3.090000
9700 3.090000
9701 3.090000
9702 3.090000
9703 3.090000
9704 1.990000
9705 3.090000
9706 3.090000
9707 2.590000
9708 2.590000
9709 2.590000
9710 2.590000
9711 2.590000
9712 2.590000
9713 5.490000
9714 4.790000
9715 4.790000
9716 6.990000
9717 6.490000
9718 4.790000
9719 4.790000
9720 4.790000
9721 4.790000
9722 4.790000
9723 4.790000
9724 3.500000
9725 4.790000
9726 3.500000
9727 4.790000
9728 6.990000
9729 6.990000
9730 7.990000
9731 9.990000
9732 7.990000
9733 3.990000
9734 7.290000
9735 8.290000
9736 7.190000
9737 3.990000
9738 3.990000
9739 3.990000
9740 3.990000
9741 3.990000
9742 3.990000
9743 3.990000
9744 3.990000
9745 3.990000
9746 11.190000
9747 3.990000
9748 6.290000
9749 5.490000
9750 7.290000
9751 1.590000
9752 2.190000
9753 7.290000
9754 8.290000
9755 7.290000
9756 7.990000
9757 1.990000
9758 2.190000
9759 7.290000
9760 7.990000
9761 18.290001
9762 7.290000
9763 5.490000
9764 7.290000
9765 7.990000
9766 16.590000
9767 2.190000
9768 8.090000
9769 7.290000
9770 18.290001
9771 7.290000
9772 8.090000
9773 7.290000
9774 7.990000
9775 19.290001
9776 7.290000
9777 7.990000
9778 7.290000
9779 7.990000
9780 7.790000
9781 7.990000
9782 8.790000
9783 7.790000
9784 4.990000
9785 4.990000
9786 8.990000
9787 3.290000
9788 3.990000
9789 3.990000
9790 2.590000
9791 2.500000
9792 2.500000
9793 2.500000
9794 2.500000
9795 2.500000
9796 2.500000
9797 2.790000
9798 3.590000
9799 5.190000
9800 2.500000
9801 2.500000
9802 3.590000
9803 3.590000
9804 5.190000
9805 2.500000
9806 2.500000
9807 5.590000
9808 5.590000
9809 5.590000
9810 5.590000
9811 5.590000
9812 5.590000
9813 5.590000
9814 5.590000
9815 4.990000
9816 4.990000
9817 2.790000
9818 2.790000
9819 3.590000
9820 3.590000
9821 5.190000
9822 5.190000
9823 2.500000
9824 2.500000
9825 5.190000
9826 5.190000
9827 5.190000
9828 5.190000
9829 5.190000
9830 8.190000
9831 8.190000
9832 8.190000
9833 8.190000
9834 8.190000
9835 4.590000
9836 8.190000
9837 8.190000
9838 8.190000
9839 8.190000
9840 8.190000
9841 8.190000
9842 8.190000
9843 6.290000
9844 6.290000
9845 6.290000
9846 6.290000
9847 6.290000
9848 6.290000
9849 8.190000
9850 4.590000
9851 8.190000
9852 8.190000
9853 8.190000
9854 8.190000
9855 8.190000
9856 8.190000
9857 8.190000
9858 8.190000
9859 8.190000
9860 6.190000
9861 6.190000
9862 6.190000
9863 6.190000
9864 6.190000
9865 6.190000
9866 6.190000
9867 6.190000
9868 6.190000
9869 6.190000
9870 6.190000
9871 5.590000
9872 5.590000
9873 5.590000
9874 5.590000
9875 5.590000
9876 5.590000
9877 8.190000
9878 8.190000
9879 8.190000
9880 8.190000
9881 8.190000
9882 8.190000
9883 8.190000
9884 8.190000
9885 8.190000
9886 8.190000
9887 8.190000
9888 8.190000
9889 8.190000
9890 8.190000
9891 8.190000
9892 6.290000
9893 6.290000
9894 6.290000
9895 6.290000
9896 6.290000
9897 6.290000
9898 6.290000
9899 6.290000
9900 6.290000
9901 6.290000
9902 8.190000
9903 8.190000
9904 8.190000
9905 6.190000
9906 6.190000
9907 6.190000
9908 6.190000
9909 6.190000
9910 6.190000
9911 6.190000
9912 6.190000
9913 5.590000
9914 2.790000
9915 2.790000
9916 4.590000
9917 4.990000
9918 8.190000
9919 8.190000
9920 8.190000
9921 8.190000
9922 8.190000
9923 8.190000
9924 4.990000
9925 4.990000
9926 5.590000
9927 5.190000
9928 5.190000
9929 5.190000
9930 5.190000
9931 5.190000
9932 5.190000
9933 5.190000
9934 5.190000
9935 5.190000
9936 5.190000
9937 5.190000
9938 6.990000
9939 2.500000
9940 2.500000
9941 6.990000
9942 6.990000
9943 5.990000
9944 5.990000
9945 5.990000
9946 3.990000
9947 5.490000
9948 5.490000
9949 5.490000
9950 5.490000
9951 5.490000
9952 5.490000
9953 5.490000
9954 5.490000
9955 5.490000
9956 5.490000
9957 5.490000
9958 5.490000
9959 5.490000
9960 5.490000
9961 5.490000
9962 5.490000
9963 5.490000
9964 5.490000
9965 5.490000
9966 5.490000
9967 5.490000
9968 5.490000
9969 5.490000
9970 4.990000
9971 4.990000
9972 4.990000
9973 2.790000
9974 2.790000
9975 2.790000
9976 4.590000
9977 2.500000
9978 6.190000
9979 5.190000
9980 2.590000
9981 8.190000
9982 8.190000
9983 2.890000
9984 5.990000
9985 5.990000
9986 5.990000
9987 5.990000
9988 5.990000
9989 5.990000
9990 5.990000
9991 5.990000
9992 5.990000
9993 5.990000
9994 5.990000
9995 5.990000
9996 2.890000
9997 2.790000
9998 2.890000
9999 2.790000
10000 6.220000
10001 5.490000
10002 5.490000
10003 2.500000
10004 2.500000
10005 2.500000
10006 9.990000
10007 9.990000
10008 9.990000
10009 9.990000
10010 9.990000
10011 9.990000
10012 9.990000
10013 9.990000
10014 9.990000
10015 9.990000
10016 9.990000
10017 9.990000
10018 9.990000
10019 9.990000
10020 9.990000
10021 9.990000
10022 9.990000
10023 9.990000
10024 9.990000
10025 9.990000
10026 9.990000
10027 9.990000
10028 9.990000
10029 9.990000
10030 9.990000
10031 9.990000
10032 5.990000
10033 5.990000
10034 5.990000
10035 6.190000
10036 3.590000
10037 5.190000
10038 5.190000
10039 2.500000
10040 2.500000
10041 3.590000
10042 2.790000
10043 2.790000
10044 2.790000
10045 5.490000
10046 5.990000
10047 2.500000
10048 2.500000
10049 4.990000
10050 5.190000
10051 2.500000
10052 3.240000
10053 5.190000
10054 8.190000
10055 8.190000
10056 8.190000
10057 5.190000
10058 5.190000
10059 6.290000
10060 5.190000
10061 5.190000
10062 8.190000
10063 2.500000
10064 8.190000
10065 8.190000
10066 2.500000
10067 8.190000
10068 2.500000
10069 8.190000
10070 8.190000
10071 8.190000
10072 8.190000
10073 2.500000
10074 2.500000
10075 8.790000
10076 5.990000
10077 5.990000
10078 5.990000
10079 2.500000
10080 2.500000
10081 2.500000
10082 2.500000
10083 2.500000
10084 2.500000
10085 2.500000
10086 4.990000
10087 8.190000
10088 8.190000
10089 8.190000
10090 8.190000
10091 8.190000
10092 8.190000
10093 8.190000
10094 2.500000
10095 8.190000
10096 8.190000
10097 8.190000
10098 8.190000
10099 8.190000
10100 8.190000
10101 8.190000
10102 8.190000
10103 8.190000
10104 8.190000
10105 6.190000
10106 6.190000
10107 6.190000
10108 2.790000
10109 2.790000
10110 2.790000
10111 2.790000
10112 5.590000
10113 5.590000
10114 2.500000
10115 5.590000
10116 5.590000
10117 8.190000
10118 5.190000
10119 5.590000
10120 5.590000
10121 5.590000
10122 5.590000
10123 5.590000
10124 5.590000
10125 5.590000
10126 5.590000
10127 2.500000
10128 2.500000
10129 2.890000
10130 2.890000
10131 2.890000
10132 5.990000
10133 5.990000
10134 5.990000
10135 4.590000
10136 4.590000
10137 4.590000
10138 4.590000
10139 5.190000
10140 5.190000
10141 5.190000
10142 5.190000
10143 5.190000
10144 5.190000
10145 2.500000
10146 2.500000
10147 2.500000
10148 2.500000
10149 5.190000
10150 2.500000
10151 2.500000
10152 5.190000
10153 4.390000
10154 6.990000
10155 6.990000
10156 6.990000
10157 2.500000
10158 5.990000
10159 4.590000
10160 6.290000
10161 4.590000
10162 4.590000
10163 4.590000
10164 4.590000
10165 4.590000
10166 4.190000
10167 5.990000
10168 3.990000
10169 4.590000
10170 6.990000
10171 5.590000
10172 5.590000
10173 5.590000
10174 5.590000
10175 5.590000
10176 5.590000
10177 5.590000
10178 5.590000
10179 5.590000
10180 5.590000
10181 5.590000
10182 5.590000
10183 5.590000
10184 5.590000
10185 5.590000
10186 5.590000
10187 5.990000
10188 5.990000
10189 5.990000
10190 2.790000
10191 2.790000
10192 2.790000
10193 2.790000
10194 2.790000
10195 2.790000
10196 2.790000
10197 2.790000
10198 2.790000
10199 2.790000
10200 2.790000
10201 2.790000
10202 2.790000
10203 2.790000
10204 2.790000
10205 5.990000
10206 5.990000
10207 5.990000
10208 5.190000
10209 5.590000
10210 5.590000
10211 5.190000
10212 5.190000
10213 5.190000
10214 3.590000
10215 3.590000
10216 3.590000
10217 3.590000
10218 3.590000
10219 3.590000
10220 3.590000
10221 3.590000
10222 3.590000
10223 2.500000
10224 3.990000
10225 2.990000
10226 4.990000
10227 4.990000
10228 4.990000
10229 4.990000
10230 4.990000
10231 3.590000
10232 3.590000
10233 3.590000
10234 3.590000
10235 5.490000
10236 2.890000
10237 5.590000
10238 5.590000
10239 5.590000
10240 5.590000
10241 2.790000
10242 5.190000
10243 5.590000
10244 5.590000
10245 5.590000
10246 5.590000
10247 5.590000
10248 5.590000
10249 3.590000
10250 3.590000
10251 3.590000
10252 5.590000
10253 5.590000
10254 6.990000
10255 6.990000
10256 5.990000
10257 4.990000
10258 4.990000
10259 4.990000
10260 4.990000
10261 4.990000
10262 4.990000
10263 7.990000
10264 2.490000
10265 4.400000
10266 4.150000
10267 4.150000
10268 4.400000
10269 7.250000
10270 6.150000
10271 4.800000
10272 4.800000
10273 4.800000
10274 4.400000
10275 4.800000
10276 4.700000
10277 7.250000
10278 3.150000
10279 2.600000
10280 4.150000
10281 8.950000
10282 0.750000
10283 0.950000
10284 2.200000
10285 2.950000
10286 2.950000
10287 1.750000
10288 2.500000
10289 2.950000
10290 4.500000
10291 4.500000
10292 5.450000
10293 4.800000
10294 7.250000
10295 5.450000
10296 23.000000
10297 1.950000
10298 4.500000
10299 3.950000
10300 3.950000
10301 3.500000
10302 3.950000
10303 2.750000
10304 4.950000
10305 4.550000
10306 4.990000
10307 2.890000
10308 0.650000
10309 0.345000
10310 0.650000
10311 0.650000
10312 0.650000
10313 1.150000
10314 0.345385
10315 0.650000
10316 0.345000
10317 0.650000
10318 0.650000
10319 0.650000
10320 0.350000
10321 0.650000
10322 0.345000
10323 10.990000
10324 5.590000
10325 0.350000
10326 0.340000
10327 0.340000
10328 0.345000
10329 0.343333
10330 0.340000
10331 0.345000
10332 0.350000
10333 0.650000
10334 0.345000
10335 0.650000
10336 0.650000
10337 0.590000
10338 0.590000
10339 0.590000
10340 0.590000
10341 0.590000
10342 0.590000
10343 0.590000
10344 0.790000
10345 0.790000
10346 0.790000
10347 0.790000
10348 0.790000
10349 0.790000
10350 0.345000
10351 0.343333
10352 0.345000
10353 0.345000
10354 2.990000
10355 0.590000
10356 0.650000
10357 9.990000
10358 0.750000
10359 9.990000
10360 9.990000
10361 1.150000
10362 0.650000
10363 0.750000
10364 9.990000
10365 9.990000
10366 9.990000
10367 0.345000
10368 0.750000
10369 0.345000
10370 3.990000
10371 3.990000
10372 1.150000
10373 1.150000
10374 5.990000
10375 0.750000
10376 0.650000
10377 0.750000
10378 9.990000
10379 9.990000
10380 0.650000
10381 0.650000
10382 3.990000
10383 3.990000
10384 11.890000
10385 4.850000
10386 16.990000
10387 9.990000
10388 4.990000
10389 9.990000
10390 1.490000
10391 3.990000
10392 11.890000
10393 3.990000
10394 2.890000
10395 3.990000
10396 1.990000
10397 1.490000
10398 0.990000
10399 1.990000
10400 2.990000
10401 1.290000
10402 2.990000
10403 2.790000
10404 2.790000
10405 3.790000
10406 3.990000
10407 11.990000
10408 11.990000
10409 11.990000
10410 2.790000
10411 2.490000
10412 2.490000
10413 2.490000
10414 1.590000
10415 1.790000
10416 1.790000
10417 1.790000
10418 2.650000
10419 2.650000
10420 2.650000
10421 9.890000
10422 5.790000
10423 3.490000
10424 1.990000
10425 3.990000
10426 3.450000
10427 3.990000
10428 0.990000
10429 3.450000
10430 3.990000
10431 3.990000
10432 3.450000
10433 3.990000
10434 3.990000
10435 3.990000
10436 3.990000
10437 3.990000
10438 3.990000
10439 3.990000
10440 3.990000
10441 3.990000
10442 1.500000
10443 1.500000
10444 1.500000
10445 4.990000
10446 4.990000
10447 2.990000
10448 2.990000
10449 6.990000
10450 0.980000
10451 4.290000
10452 4.190000
10453 5.990000
10454 4.990000
10455 2.890000
10456 6.990000
10457 4.590000
10458 4.590000
10459 4.590000
10460 6.890000
10461 6.890000
10462 4.590000
10463 4.590000
10464 4.590000
10465 4.590000
10466 4.590000
10467 9.990000
10468 9.990000
10469 9.990000
10470 4.590000
10471 4.590000
10472 4.590000
10473 6.890000
10474 4.590000
10475 4.590000
10476 6.890000
10477 4.990000
10478 4.990000
10479 4.990000
10480 4.990000
10481 9.990000
10482 10.990000
10483 0.950000
10484 0.950000
10485 1.590000
10486 0.550000
10487 0.550000
10488 0.650000
10489 1.090000
10490 1.090000
10491 1.090000
10492 2.390000
10493 1.550000
10494 2.290000
10495 3.490000
10496 3.490000
10497 3.490000
10498 3.490000
10499 0.550000
10500 1.390000
10501 1.390000
10502 1.890000
10503 1.890000
10504 1.390000
10505 1.390000
10506 1.390000
10507 1.290000
10508 2.750000
10509 1.390000
10510 1.390000
10511 2.390000
10512 2.390000
10513 1.690000
10514 1.390000
10515 1.990000
10516 1.090000
10517 1.390000
10518 0.650000
10519 0.550000
10520 1.090000
10521 0.450000
10522 0.550000
10523 0.550000
10524 0.550000
10525 1.250000
10526 0.550000
10527 0.550000
10528 0.550000
10529 0.590000
10530 2.390000
10531 2.390000
10532 0.850000
10533 0.850000
10534 1.390000
10535 1.390000
10536 0.990000
10537 1.090000
10538 1.090000
10539 1.090000
10540 1.090000
10541 1.890000
10542 1.090000
10543 1.090000
10544 1.090000
10545 1.390000
10546 1.500000
10547 1.500000
10548 1.500000
10549 1.500000
10550 1.090000
10551 1.090000
10552 0.850000
10553 0.850000
10554 1.190000
10555 0.890000
10556 1.500000
10557 2.390000
10558 2.390000
10559 0.990000
10560 0.990000
10561 0.950000
10562 1.390000
10563 1.390000
10564 1.390000
10565 1.390000
10566 1.390000
10567 1.190000
10568 2.750000
10569 2.750000
10570 2.250000
10571 1.350000
10572 2.750000
10573 2.750000
10574 2.750000
10575 2.750000
10576 1.090000
10577 1.500000
10578 2.750000
10579 2.750000
10580 0.590000
10581 1.190000
10582 0.590000
10583 2.750000
10584 2.250000
10585 0.990000
10586 0.990000
10587 0.990000
10588 0.990000
10589 0.950000
10590 0.950000
10591 0.990000
10592 0.990000
10593 0.950000
10594 0.990000
10595 0.990000
10596 0.990000
10597 0.990000
10598 0.990000
10599 0.990000
10600 0.990000
10601 0.990000
10602 0.990000
10603 0.990000
10604 0.990000
10605 0.950000
10606 0.990000
10607 0.990000
10608 0.990000
10609 0.990000
10610 1.590000
10611 1.590000
10612 1.500000
10613 1.500000
10614 1.500000
10615 1.500000
10616 1.500000
10617 1.500000
10618 1.500000
10619 1.500000
10620 1.500000
10621 1.500000
10622 1.500000
10623 1.500000
10624 1.500000
10625 1.500000
10626 1.190000
10627 1.390000
10628 1.090000
10629 1.090000
10630 1.090000
10631 2.190000
10632 0.790000
10633 0.790000
10634 0.790000
10635 1.090000
10636 1.090000
10637 0.590000
10638 0.590000
10639 6.000000
10640 7.500000
10641 1.500000
10642 2.000000
10643 2.500000
10644 3.000000
10645 4.000000
10646 8.000000
10647 2.000000
10648 2.000000
10649 4.000000
10650 5.000000
10651 5.000000
10652 14.990000
10653 14.990000
10654 14.990000
10655 14.990000
10656 14.990000
10657 14.990000
10658 14.990000
10659 14.990000
10660 14.990000
10661 14.990000
10662 14.990000
10663 14.990000
10664 14.990000
10665 14.990000
10666 8.000000
10667 8.000000
10668 9.990000
10669 3.000000
10670 3.000000
10671 2.490000
10672 2.490000
10673 3.990000
10674 3.990000
10675 5.990000
10676 2.490000
10677 2.490000
10678 2.490000
10679 15.990000
10680 3.590000
10681 2.490000
10682 2.490000
10683 2.890000
10684 2.890000
10685 2.790000
10686 3.590000
10687 2.890000
10688 3.590000
10689 2.990000
10690 0.500000
10691 3.590000
10692 2.990000
10693 4.990000
10694 3.590000
10695 2.890000
10696 2.890000
10697 3.590000
10698 2.890000
10699 2.490000
10700 2.490000
10701 2.490000
10702 2.190000
10703 2.190000
10704 2.190000
10705 2.190000
10706 0.500000
10707 2.890000
10708 3.890000
10709 3.890000
10710 3.890000
10711 3.890000
10712 2.590000
10713 2.990000
10714 1.990000
10715 1.790000
10716 1.790000
10717 1.790000
10718 1.790000
10719 2.090000
10720 2.690000
10721 2.290000
10722 2.490000
10723 2.490000
10724 2.650000
10725 2.190000
10726 4.990000
10727 4.990000
10728 4.990000
10729 2.190000
10730 1.290000
10731 4.990000
10732 4.990000
10733 4.990000
10734 8.690000
10735 4.990000
10736 4.990000
10737 8.690000
10738 4.990000
10739 8.690000
10740 4.990000
10741 3.190000
10742 4.890000
10743 12.990000
10744 3.790000
10745 6.590000
10746 1.790000
10747 1.990000
10748 2.250000
10749 1.990000
10750 2.990000
10751 2.990000
10752 1.350000
10753 1.350000
10754 1.990000
10755 1.590000
10756 1.990000
10757 1.590000
10758 1.590000
10759 1.590000
10760 1.590000
10761 1.590000
10762 1.590000
10763 1.590000
10764 1.990000
10765 1.990000
10766 1.590000
10767 1.590000
10768 1.590000
10769 1.590000
10770 1.090000
10771 1.290000
10772 1.090000
10773 1.190000
10774 1.190000
10775 1.090000
10776 1.190000
10777 1.190000
10778 0.990000
10779 1.190000
10780 1.290000
10781 0.990000
10782 1.190000
10783 1.390000
10784 1.190000
10785 1.090000
10786 1.290000
10787 1.190000
10788 1.190000
10789 1.290000
10790 1.090000
10791 1.190000
10792 1.090000
10793 1.090000
10794 1.190000
10795 1.090000
10796 1.090000
10797 1.190000
10798 0.990000
10799 1.190000
10800 0.990000
10801 1.190000
10802 1.190000
10803 1.090000
10804 1.190000
10805 1.190000
10806 1.490000
10807 1.290000
10808 1.190000
10809 1.490000
10810 1.490000
10811 1.590000
10812 1.590000
10813 1.190000
10814 1.190000
10815 1.090000
10816 1.190000
10817 1.590000
10818 1.190000
10819 1.490000
10820 1.190000
10821 1.490000
10822 1.590000
10823 1.090000
10824 1.190000
10825 1.590000
10826 1.490000
10827 2.990000
10828 2.990000
10829 2.990000
10830 2.990000
10831 2.990000
10832 2.990000
10833 2.990000
10834 2.990000
10835 2.990000
10836 0.250000
10837 0.250000
10838 0.250000
10839 0.250000
10840 3.000000
10841 0.500000
10842 0.500000
10843 0.500000
10844 0.250000
10845 0.250000
10846 0.250000
10847 0.250000
10848 0.250000
10849 0.250000
10850 0.250000
10851 0.250000
10852 0.250000
10853 0.250000
10854 0.250000
10855 0.350000
10856 0.500000
10857 0.350000
10858 0.350000
10859 0.500000
10860 0.500000
10861 0.330000
10862 0.350000
10863 0.330000
10864 0.350000
10865 0.500000
10866 0.500000
10867 0.500000
10868 0.500000
10869 0.500000
10870 2.490000
10871 1.190000
10872 1.890000
10873 1.890000
10874 3.990000
10875 3.990000
10876 4.990000
10877 3.990000
10878 16.950001
10879 9.950000
10880 6.950000
10881 9.950000
10882 6.990000
10883 9.950000
10884 6.990000
10885 3.500000
10886 1.490000
10887 1.090000
10888 2.090000
10889 0.650000
10890 0.650000
10891 1.190000
10892 1.390000
10893 2.790000
10894 1.690000
10895 5.990000
10896 3.650000
10897 5.290000
10898 1.790000
10899 2.590000
10900 3.790000
10901 1.790000
10902 4.990000
10903 4.990000
10904 4.990000
10905 4.990000
10906 5.990000
10907 1.190000
10908 1.190000
10909 4.190000
10910 4.190000
10911 4.190000
10912 4.190000
10913 5.000000
10914 3.390000
10915 3.390000
10916 3.390000
10917 3.390000
10918 2.290000
10919 0.800000
10920 3.990000
10921 4.790000
10922 3.890000
10923 3.990000
10924 3.590000
10925 4.790000
10926 2.290000
10927 2.290000
10928 2.290000
10929 1.190000
10930 1.190000
10931 1.190000
10932 1.190000
10933 3.290000
10934 3.290000
10935 3.290000
10936 3.290000
10937 3.290000
10938 3.290000
10939 3.290000
10940 3.290000
10941 3.290000
10942 3.290000
10943 3.690000
10944 3.690000
10945 2.190000
10946 3.690000
10947 3.690000
10948 3.690000
10949 1.190000
10950 1.190000
10951 1.190000
10952 1.190000
10953 1.190000
10954 1.250000
10955 2.490000
10956 2.490000
10957 1.590000
10958 1.590000
10959 1.590000
10960 1.590000
10961 1.590000
10962 2.490000
10963 1.590000
10964 1.250000
10965 1.790000
10966 1.250000
10967 1.250000
10968 1.250000
10969 1.250000
10970 1.250000
10971 3.390000
10972 1.990000
10973 6.690000
10974 6.690000
10975 5.890000
10976 5.890000
10977 3.390000
10978 3.390000
10979 5.890000
10980 1.990000
10981 1.990000
10982 3.790000
10983 5.890000
10984 3.390000
10985 3.390000
10986 3.390000
10987 3.390000
10988 3.390000
10989 3.390000
10990 3.390000
10991 3.890000
10992 3.790000
10993 1.590000
10994 1.590000
10995 3.390000
10996 1.090000
10997 3.990000
10998 3.990000
10999 1.390000
11000 1.390000
11001 3.290000
11002 3.290000
11003 3.290000
11004 3.290000
11005 3.290000
11006 3.290000
11007 3.290000
11008 3.290000
11009 3.290000
11010 1.190000
11011 14.990000
11012 4.990000
11013 4.990000
11014 3.990000
11015 2.890000
11016 2.890000
11017 2.890000
11018 2.890000
11019 2.890000
11020 2.790000
11021 2.890000
11022 6.990000
11023 29.990000
11024 29.990000
11025 2.190000
11026 4.390000
11027 8.290000
11028 2.690000
11029 6.290000
11030 3.990000
11031 3.990000
11032 1.950000
11033 3.990000
11034 0.890000
11035 0.890000
11036 0.890000
11037 0.890000
11038 0.890000
11039 0.890000
11040 1.190000
11041 1.990000
11042 0.690000
11043 3.490000
11044 1.190000
11045 1.990000
11046 0.690000
11047 3.490000
11048 1.990000
11049 3.490000
11050 1.490000
11051 1.190000
11052 1.490000
11053 1.990000
11054 1.290000
11055 1.290000
11056 1.090000
11057 1.990000
11058 2.490000
11059 1.190000
11060 1.890000
11061 2.990000
11062 1.790000
11063 2.190000
11064 2.190000
11065 2.190000
11066 3.390000
11067 2.490000
11068 2.490000
11069 2.490000
11070 2.490000
11071 2.490000
11072 1.790000
11073 1.790000
11074 4.490000
11075 4.490000
11076 4.490000
11077 4.490000
11078 4.490000
11079 4.490000
11080 4.490000
11081 3.490000
11082 3.490000
11083 3.490000
11084 3.490000
11085 3.490000
11086 3.490000
11087 3.490000
11088 3.490000
11089 3.490000
11090 3.490000
11091 3.490000
11092 2.990000
11093 2.990000
11094 2.990000
11095 3.290000
11096 7.990000
11097 1.990000
11098 3.490000
11099 4.790000
11100 2.390000
11101 5.990000
11102 5.390000
11103 2.390000
11104 5.990000
11105 3.990000
11106 3.990000
11107 3.990000
11108 3.990000
11109 3.990000
11110 2.290000
11111 5.590000
11112 6.990000
11113 6.990000
11114 2.390000
11115 5.990000
11116 2.190000
11117 4.390000
11118 4.390000
11119 4.390000
11120 4.390000
11121 4.390000
11122 4.390000
11123 4.390000
11124 4.390000
11125 4.390000
11126 5.990000
11127 3.490000
11128 3.390000
11129 3.490000
11130 7.990000
11131 2.090000
11132 3.790000
11133 2.390000
11134 2.390000
11135 5.990000
11136 2.390000
11137 3.990000
11138 4.190000
11139 7.490000
11140 2.390000
11141 5.990000
11142 3.590000
11143 3.590000
11144 4.490000
11145 4.390000
11146 2.950000
11147 2.950000
11148 4.490000
11149 4.490000
11150 2.950000
11151 2.950000
11152 1.990000
11153 3.490000
11154 2.950000
11155 2.390000
11156 3.990000
11157 3.490000
11158 2.890000
11159 2.890000
11160 2.950000
11161 2.950000
11162 2.950000
11163 2.990000
11164 2.950000
11165 2.950000
11166 2.390000
11167 2.390000
11168 3.590000
11169 3.590000
11170 3.590000
11171 3.390000
11172 3.390000
11173 3.390000
11174 2.890000
11175 5.990000
11176 5.990000
11177 5.990000
11178 5.990000
11179 3.390000
11180 3.390000
11181 2.690000
11182 2.950000
11183 2.950000
11184 2.950000
11185 2.950000
11186 1.490000
11187 4.990000
11188 1.990000
11189 1.990000
11190 1.990000
11191 2.490000
11192 0.990000
11193 2.590000
11194 2.590000
11195 2.290000
11196 2.590000
11197 2.590000
11198 2.590000
11199 2.290000
11200 2.290000
11201 2.590000
11202 2.590000
11203 2.590000
11204 2.590000
11205 2.590000
11206 2.590000
11207 2.590000
11208 2.590000
11209 2.590000
11210 2.590000
11211 2.590000
11212 2.290000
11213 2.290000
11214 2.290000
11215 2.590000
11216 2.590000
11217 3.490000
11218 3.490000
11219 24.990000
11220 1.890000
11221 1.390000
11222 2.390000
11223 1.790000
11224 1.990000
11225 1.990000
11226 1.890000
11227 1.790000
11228 1.790000
11229 1.690000
11230 1.690000
11231 1.690000
11232 1.990000
11233 3.490000
11234 1.690000
11235 1.790000
11236 1.790000
11237 14.990000
11238 14.990000
11239 2.990000
11240 3.390000
11241 1.990000
11242 2.990000
11243 2.990000
11244 3.990000
11245 1.390000
11246 2.290000
11247 1.690000
11248 1.790000
11249 1.690000
11250 1.090000
11251 2.290000
11252 1.890000
11253 1.390000
11254 2.090000
11255 2.990000
11256 2.990000
11257 2.490000
11258 2.490000
11259 2.490000
11260 1.490000
11261 3.390000
11262 3.390000
11263 3.390000
11264 3.790000
11265 30.990000
11266 3.790000
11267 30.990000
11268 3.790000
11269 3.790000
11270 3.790000
11271 30.990000
11272 3.790000
11273 30.990000
11274 3.790000
11275 30.990000
11276 3.790000
11277 30.990000
11278 3.790000
11279 30.990000
11280 3.790000
11281 30.990000
11282 3.790000
11283 30.990000
11284 3.790000
11285 30.990000
11286 3.790000
11287 30.990000
11288 3.790000
11289 30.990000
11290 3.790000
11291 30.990000
11292 3.790000
11293 30.990000
11294 3.790000
11295 3.790000
11296 30.990000
11297 3.390000
11298 3.390000
11299 3.390000
11300 3.390000
11301 3.390000
11302 28.990000
11303 28.990000
11304 30.990000
11305 28.990000
11306 28.990000
11307 28.990000
11308 28.990000
11309 0.990000
11310 2.390000
11311 4.490000
11312 2.390000
11313 4.190000
11314 4.190000
11315 2.690000
11316 0.990000
11317 0.990000
11318 4.190000
11319 5.390000
11320 3.290000
11321 6.390000
11322 1.990000
11323 9.990000
11324 0.590000
11325 1.990000
11326 0.990000
11327 1.990000
11328 0.730000
11329 1.450000
11330 2.990000
11331 3.990000
11332 3.990000
11333 2.990000
11334 1.990000
11335 1.990000
11336 1.190000
11337 1.990000
11338 3.690000
11339 0.890000
11340 1.990000
11341 0.890000
11342 1.190000
11343 1.990000
11344 1.090000
11345 1.090000
11346 1.450000
11347 1.190000
11348 1.990000
11349 0.990000
11350 1.390000
11351 1.390000
11352 1.390000
11353 2.090000
11354 1.290000
11355 1.290000
11356 1.290000
11357 1.390000
11358 0.990000
11359 1.690000
11360 1.690000
11361 0.850000
11362 1.390000
11363 0.850000
11364 0.850000
11365 1.390000
11366 1.290000
11367 0.850000
11368 1.090000
11369 1.290000
11370 1.490000
11371 1.790000
11372 1.790000
11373 1.490000
11374 1.490000
11375 3.590000
11376 3.590000
11377 2.290000
11378 1.890000
11379 1.690000
11380 2.990000
11381 2.990000
11382 2.990000
11383 1.890000
11384 1.690000
11385 1.490000
11386 5.190000
11387 3.690000
11388 6.390000
11389 2.990000
11390 2.990000
11391 2.990000
11392 2.990000
11393 2.990000
11394 4.490000
11395 2.500000
11396 1.090000
11397 1.090000
11398 1.090000
11399 1.090000
11400 1.790000
11401 1.490000
11402 1.090000
11403 1.090000
11404 1.590000
11405 1.090000
11406 2.790000
11407 1.490000
11408 1.990000
11409 1.490000
11410 1.490000
11411 0.590000
11412 1.190000
11413 0.590000
11414 0.790000
11415 0.490000
11416 0.490000
11417 0.790000
11418 0.600000
11419 0.490000
11420 0.490000
11421 1.190000
11422 1.190000
11423 1.190000
11424 1.190000
11425 1.190000
11426 1.590000
11427 1.590000
11428 1.590000
11429 1.590000
11430 1.590000
11431 1.590000
11432 1.590000
11433 1.590000
11434 1.590000
11435 1.590000
11436 3.990000
11437 3.990000
11438 3.990000
11439 2.990000
11440 2.990000
11441 2.990000
11442 2.990000
11443 1.390000
11444 1.390000
11445 1.390000
11446 1.390000
11447 1.390000
11448 2.490000
11449 2.490000
11450 1.390000
11451 1.390000
11452 2.490000
11453 1.790000
11454 2.790000
11455 1.790000
11456 3.990000
11457 2.190000
11458 2.790000
11459 2.990000
11460 2.990000
11461 2.990000
11462 2.990000
11463 2.990000
11464 4.990000
11465 2.990000
11466 2.990000
11467 2.990000
11468 5.990000
11469 2.990000
11470 2.990000
11471 4.990000
11472 5.990000
11473 2.990000
11474 2.990000
11475 2.990000
11476 5.990000
11477 4.290000
11478 2.990000
11479 2.990000
11480 2.590000
11481 2.590000
11482 1.590000
11483 3.290000
11484 2.590000
11485 2.590000
11486 2.590000
11487 2.590000
11488 2.990000
11489 18.990000
11490 4.950000
11491 5.950000
11492 4.950000
11493 3.990000
11494 5.950000
11495 3.950000
11496 2.990000
11497 3.990000
11498 5.950000
11499 3.990000
11500 4.950000
11501 4.950000
11502 3.990000
11503 3.990000
11504 4.500000
11505 3.500000
11506 3.990000
11507 1.790000
11508 3.990000
11509 3.990000
11510 4.500000
11511 4.500000
11512 4.500000
11513 4.500000
11514 4.990000
11515 4.500000
11516 3.950000
11517 3.990000
11518 3.990000
11519 2.990000
11520 2.990000
11521 3.590000
11522 6.950000
11523 6.950000
11524 4.500000
11525 3.500000
11526 7.950000
11527 7.950000
11528 4.950000
11529 5.950000
11530 5.950000
11531 9.950000
11532 5.950000
11533 8.950000
11534 3.500000
11535 3.790000
11536 3.790000
11537 3.790000
11538 2.690000
11539 2.690000
11540 3.790000
11541 3.790000
11542 3.790000
11543 3.790000
11544 3.790000
11545 3.790000
11546 3.790000
11547 3.790000
11548 3.790000
11549 3.790000
11550 3.790000
11551 3.790000
11552 3.790000
11553 3.790000
11554 3.790000
11555 3.790000
11556 1.290000
11557 8.190000
11558 3.790000
11559 3.790000
11560 1.790000
11561 14.390000
11562 2.490000
11563 3.790000
11564 3.790000
11565 2.690000
11566 3.790000
11567 3.790000
11568 2.590000
11569 2.590000
11570 2.590000
11571 2.590000
11572 2.590000
11573 2.590000
11574 30.990000
11575 30.990000
11576 30.990000
11577 30.990000
11578 30.990000
11579 30.990000
11580 30.990000
11581 30.990000
11582 30.990000
11583 30.990000
11584 30.990000
11585 30.990000
11586 30.990000
11587 30.990000
11588 30.990000
11589 30.990000
11590 30.990000
11591 23.990000
11592 23.990000
11593 23.990000
11594 23.990000
11595 23.990000
11596 23.990000
11597 23.990000
11598 23.990000
11599 23.990000
11600 30.990000
11601 30.990000
11602 30.990000
11603 15.500000
11604 15.500000
11605 2.190000
11606 6.290000
11607 8.390000
11608 2.990000
11609 3.990000
11610 7.290000
11611 8.990000
11612 10.990000
11613 9.990000
11614 4.290000
11615 5.990000
11616 8.390000
11617 3.290000
11618 2.190000
11619 3.990000
11620 3.290000
11621 3.490000
11622 3.490000
11623 3.490000
11624 3.490000
11625 3.490000
11626 3.490000
11627 3.490000
11628 3.490000
11629 3.990000
11630 1.390000
11631 1.990000
11632 2.890000
11633 5.090000
11634 0.990000
11635 1.390000
11636 1.590000
11637 2.890000
11638 1.390000
11639 1.390000
11640 0.990000
11641 2.890000
11642 2.890000
11643 1.390000
11644 1.950000
11645 1.950000
11646 1.950000
11647 4.990000
11648 2.990000
11649 2.990000
11650 4.790000
11651 2.490000
11652 2.490000
11653 2.490000
11654 2.490000
11655 2.490000
11656 2.490000
11657 2.990000
11658 2.990000
11659 2.490000
11660 2.790000
11661 2.790000
11662 2.790000
11663 2.790000
11664 2.790000
11665 2.790000
11666 2.990000
11667 2.490000
11668 2.490000
11669 2.490000
11670 2.490000
11671 2.490000
11672 2.490000
11673 2.490000
11674 2.490000
11675 2.490000
11676 2.490000
11677 2.990000
11678 2.690000
11679 2.490000
11680 2.490000
11681 2.290000
11682 2.990000
11683 2.790000
11684 2.790000
11685 2.790000
11686 2.490000
11687 2.990000
11688 2.790000
11689 2.790000
11690 6.950000
11691 8.990000
11692 9.950000
11693 8.990000
11694 6.990000
11695 8.990000
11696 8.990000
11697 9.950000
11698 12.950000
11699 19.990000
11700 3.790000
11701 3.790000
11702 3.790000
11703 3.790000
11704 3.790000
11705 3.590000
11706 3.790000
11707 3.790000
11708 3.790000
11709 3.790000
11710 3.990000
11711 3.990000
11712 4.990000
11713 4.990000
11714 4.990000
11715 4.990000
11716 5.490000
11717 4.990000
11718 4.990000
11719 4.990000
11720 4.990000
11721 4.990000
11722 6.590000
11723 6.590000
11724 6.590000
11725 8.290000
11726 8.290000
11727 6.990000
11728 7.990000
11729 2.990000
11730 2.990000
11731 2.990000
11732 2.790000
11733 2.790000
11734 2.790000
11735 2.790000
11736 2.990000
11737 2.990000
11738 2.990000
11739 2.990000
11740 2.790000
11741 2.790000
11742 2.790000
11743 2.790000
11744 2.990000
11745 2.990000
11746 4.990000
11747 2.500000
11748 2.990000
11749 2.990000
11750 2.790000
11751 4.950000
11752 2.190000
11753 7.990000
11754 6.990000
11755 7.490000
11756 1.990000
11757 0.890000
11758 3.290000
11759 3.390000
11760 4.790000
11761 2.690000
11762 1.890000
11763 0.500000
11764 0.250000
11765 0.450000
11766 0.500000
11767 0.450000
11768 0.500000
11769 2.990000
11770 2.990000
11771 2.990000
11772 2.990000
11773 2.990000
11774 2.790000
11775 2.790000
11776 2.790000
11777 2.790000
11778 2.790000
11779 0.500000
11780 0.500000
11781 2.990000
11782 0.750000
11783 0.500000
11784 2.790000
11785 2.090000
11786 2.090000
11787 2.090000
11788 2.090000
11789 2.090000
11790 1.000000
11791 1.490000
11792 1.000000
11793 1.000000
11794 1.490000
11795 0.790000
11796 2.990000
11797 2.990000
11798 1.990000
11799 2.190000
11800 4.490000
11801 2.990000
11802 2.490000
11803 3.690000
11804 3.390000
11805 2.490000
11806 2.590000
11807 2.690000
11808 2.590000
11809 3.390000
11810 2.390000
11811 2.990000
11812 3.490000
11813 3.590000
11814 3.690000
11815 2.290000
11816 1.450000
11817 2.990000
11818 2.990000
11819 0.990000
11820 0.990000
11821 3.290000
11822 3.490000
11823 3.490000
11824 0.500000
11825 0.990000
11826 3.490000
11827 0.350000
11828 0.790000
11829 2.990000
11830 3.490000
11831 3.590000
11832 0.500000
11833 2.790000
11834 2.490000
11835 2.990000
11836 2.990000
11837 2.790000
11838 2.790000
11839 2.790000
11840 2.990000
11841 2.990000
11842 3.490000
11843 2.990000
11844 0.500000
11845 2.390000
11846 2.390000
11847 2.390000
11848 2.390000
11849 4.690000
11850 2.390000
11851 2.390000
11852 2.390000
11853 1.190000
11854 2.590000
11855 3.790000
11856 2.590000
11857 1.690000
11858 1.690000
11859 1.990000
11860 1.190000
11861 3.490000
11862 2.500000
11863 1.990000
11864 1.190000
11865 3.590000
11866 0.890000
11867 5.990000
11868 6.490000
11869 1.990000
11870 3.790000
11871 5.590000
11872 6.990000
11873 5.990000
11874 3.790000
11875 4.290000
11876 4.290000
11877 4.190000
11878 6.990000
11879 3.490000
11880 3.890000
11881 3.890000
11882 1.290000
11883 3.490000
11884 2.990000
11885 3.090000
11886 2.990000
11887 3.090000
11888 3.090000
11889 1.990000
11890 1.990000
11891 3.890000
11892 2.090000
11893 2.790000
11894 2.790000
11895 2.990000
11896 2.090000
11897 2.990000
11898 3.590000
11899 2.590000
11900 0.990000
11901 1.890000
11902 3.790000
11903 0.790000
11904 1.790000
11905 2.390000
11906 1.190000
11907 2.990000
11908 2.590000
11909 2.590000
11910 3.490000
11911 2.090000
11912 3.590000
11913 1.990000
11914 3.790000
11915 3.590000
11916 3.590000
11917 1.990000
11918 3.590000
11919 2.590000
11920 3.790000
11921 2.990000
11922 2.890000
11923 3.590000
11924 3.290000
11925 3.490000
11926 3.490000
11927 3.790000
11928 3.790000
11929 3.790000
11930 7.690000
11931 7.990000
11932 1.390000
11933 1.390000
11934 1.790000
11935 3.290000
11936 3.290000
11937 1.790000
11938 1.790000
11939 1.790000
11940 1.790000
11941 1.790000
11942 1.790000
11943 3.790000
11944 3.790000
11945 3.790000
11946 3.790000
11947 3.790000
11948 3.790000
11949 3.790000
11950 3.790000
11951 3.390000
11952 3.390000
11953 3.390000
11954 3.390000
11955 3.790000
11956 3.790000
11957 3.790000
11958 3.790000
11959 3.790000
11960 3.790000
11961 3.790000
11962 3.790000
11963 3.790000
11964 3.790000
11965 3.790000
11966 3.790000
11967 3.790000
11968 3.790000
11969 3.790000
11970 3.790000
11971 3.790000
11972 3.790000
11973 3.790000
11974 3.790000
11975 3.790000
11976 3.790000
11977 3.790000
11978 3.790000
11979 3.790000
11980 3.790000
11981 3.790000
11982 3.790000
11983 3.790000
11984 3.790000
11985 3.790000
11986 3.790000
11987 3.790000
11988 3.390000
11989 3.390000
11990 3.390000
11991 3.390000
11992 3.790000
11993 3.390000
11994 3.390000
11995 3.390000
11996 3.790000
11997 3.790000
11998 3.390000
11999 3.390000
12000 3.390000
12001 3.390000
12002 3.390000
12003 3.390000
12004 3.390000
12005 3.390000
12006 3.390000
12007 3.390000
12008 3.390000
12009 3.390000
12010 3.390000
12011 3.790000
12012 3.790000
12013 3.790000
12014 3.790000
12015 3.790000
12016 3.790000
12017 3.790000
12018 3.790000
12019 3.390000
12020 3.790000
12021 3.790000
12022 3.790000
12023 3.790000
12024 3.790000
12025 3.790000
12026 3.790000
12027 3.790000
12028 3.790000
12029 3.790000
12030 3.790000
12031 3.790000
12032 3.790000
12033 3.790000
12034 3.790000
12035 3.790000
12036 3.790000
12037 3.390000
12038 29.990000
12039 30.990000
12040 30.990000
12041 30.990000
12042 29.990000
12043 29.990000
12044 29.990000
12045 29.990000
12046 15.990000
12047 28.990000
12048 30.990000
12049 30.990000
12050 29.990000
12051 30.990000
12052 30.990000
12053 30.990000
12054 29.990000
12055 29.990000
12056 29.990000
12057 29.990000
12058 29.990000
12059 29.990000
12060 29.990000
12061 30.990000
12062 30.990000
12063 30.990000
12064 30.990000
12065 28.990000
12066 28.990000
12067 30.990000
12068 30.990000
12069 30.990000
12070 30.990000
12071 30.990000
12072 30.990000
12073 30.990000
12074 29.990000
12075 28.990000
12076 28.990000
12077 29.990000
12078 29.990000
12079 29.990000
12080 29.990000
12081 29.990000
12082 29.990000
12083 29.990000
12084 29.990000
12085 29.990000
12086 29.990000
12087 30.990000
12088 30.990000
12089 29.990000
12090 29.990000
12091 29.990000
12092 29.990000
12093 29.990000
12094 29.990000
12095 29.990000
12096 30.990000
12097 30.990000
12098 30.990000
12099 29.990000
12100 29.990000
12101 29.990000
12102 30.990000
12103 29.990000
12104 29.990000
12105 29.990000
12106 29.990000
12107 29.990000
12108 28.990000
12109 28.990000
12110 28.990000
12111 28.990000
12112 28.990000
12113 28.990000
12114 28.990000
12115 28.990000
12116 28.990000
12117 28.990000
12118 28.990000
12119 28.990000
12120 28.990000
12121 28.990000
12122 28.990000
12123 28.990000
12124 3.790000
12125 3.790000
12126 3.790000
12127 3.790000
12128 3.790000
12129 3.790000
12130 11.370000
12131 11.370000
12132 11.370000
12133 11.370000
12134 3.790000
12135 3.790000
12136 2.690000
12137 2.690000
12138 2.690000
12139 2.690000
12140 3.590000
12141 3.590000
12142 0.490000
12143 1.150000
12144 2.390000
12145 2.390000
12146 2.390000
12147 0.500000
12148 0.750000
12149 1.590000
12150 1.590000
12151 0.500000
12152 1.590000
12153 1.590000
12154 0.500000
12155 2.390000
12156 0.990000
12157 0.990000
12158 0.990000
12159 2.390000
12160 2.290000
12161 0.500000
12162 0.500000
12163 0.500000
12164 0.500000
12165 0.500000
12166 3.290000
12167 1.490000
12168 0.750000
12169 1.990000
12170 1.290000
12171 0.750000
12172 0.750000
12173 0.990000
12174 0.990000
12175 3.490000
12176 3.290000
12177 3.990000
12178 1.790000
12179 0.990000
12180 2.490000
12181 0.750000
12182 1.590000
12183 0.990000
12184 0.990000
12185 0.500000
12186 0.990000
12187 2.390000
12188 0.990000
12189 1.490000
12190 1.990000
12191 1.990000
12192 1.290000
12193 0.990000
12194 0.990000
12195 0.990000
12196 2.290000
12197 0.990000
12198 1.290000
12199 1.290000
12200 0.990000
12201 0.990000
12202 1.490000
12203 1.990000
12204 2.790000
12205 2.790000
12206 2.990000
12207 2.790000
12208 1.790000
12209 1.790000
12210 0.300000
12211 0.990000
12212 3.290000
12213 0.990000
12214 2.290000
12215 2.290000
12216 2.290000
12217 2.990000
12218 2.990000
12219 2.990000
12220 7.990000
12221 3.290000
12222 2.990000
12223 3.290000
12224 3.290000
12225 3.290000
12226 3.290000
12227 3.990000
12228 3.990000
12229 3.990000
12230 3.990000
12231 3.990000
12232 0.990000
12233 0.990000
12234 2.290000
12235 0.990000
12236 0.990000
12237 0.990000
12238 0.990000
12239 0.990000
12240 0.990000
12241 0.990000
12242 2.990000
12243 2.290000
12244 2.290000
12245 2.290000
12246 2.990000
12247 3.290000
12248 4.490000
12249 3.290000
12250 0.990000
12251 0.990000
12252 0.990000
12253 3.290000
12254 3.290000
12255 3.290000
12256 3.290000
12257 1.590000
12258 0.990000
12259 3.390000
12260 2.990000
12261 2.990000
12262 2.990000
12263 3.290000
12264 2.990000
12265 2.990000
12266 2.990000
12267 3.290000
12268 3.190000
12269 3.190000
12270 1.990000
12271 4.290000
12272 1.990000
12273 1.990000
12274 1.990000
12275 1.290000
12276 1.290000
12277 2.990000
12278 2.590000
12279 2.590000
12280 2.590000
12281 0.990000
12282 0.990000
12283 1.990000
12284 2.290000
12285 3.290000
12286 1.990000
12287 1.990000
12288 1.990000
12289 1.990000
12290 0.990000
12291 0.990000
12292 3.290000
12293 1.990000
12294 4.290000
12295 4.990000
12296 0.500000
12297 3.490000
12298 3.490000
12299 0.500000
12300 0.990000
12301 0.990000
12302 2.590000
12303 0.990000
12304 2.590000
12305 0.990000
12306 2.590000
12307 0.990000
12308 2.590000
12309 3.490000
12310 2.590000
12311 1.990000
12312 3.190000
12313 2.790000
12314 2.590000
12315 0.300000
12316 1.990000
12317 1.990000
12318 2.590000
12319 2.590000
12320 1.990000
12321 4.490000
12322 0.990000
12323 0.990000
12324 2.590000
12325 0.300000
12326 0.990000
12327 3.290000
12328 3.990000
12329 3.190000
12330 0.990000
12331 0.990000
12332 0.990000
12333 3.190000
12334 1.490000
12335 1.490000
12336 1.490000
12337 1.490000
12338 3.290000
12339 3.290000
12340 3.290000
12341 0.500000
12342 1.990000
12343 1.590000
12344 0.990000
12345 1.990000
12346 0.500000
12347 2.290000
12348 0.300000
12349 0.990000
12350 3.290000
12351 3.290000
12352 4.290000
12353 4.290000
12354 4.290000
12355 1.990000
12356 1.990000
12357 1.990000
12358 1.990000
12359 1.990000
12360 1.990000
12361 2.590000
12362 5.990000
12363 5.990000
12364 5.990000
12365 5.990000
12366 1.590000
12367 3.490000
12368 3.390000
12369 3.390000
12370 3.390000
12371 3.390000
12372 4.490000
12373 3.290000
12374 3.890000
12375 3.890000
12376 3.390000
12377 3.390000
12378 4.290000
12379 2.490000
12380 0.990000
12381 0.200000
12382 0.750000
12383 0.500000
12384 2.290000
12385 2.190000
12386 2.290000
12387 2.290000
12388 2.690000
12389 1.590000
12390 3.390000
12391 0.250000
12392 0.250000
12393 0.250000
12394 0.250000
12395 0.250000
12396 0.250000
12397 0.250000
12398 0.300000
12399 0.300000
12400 0.300000
12401 0.300000
12402 0.300000
12403 0.300000
12404 0.750000
12405 0.300000
12406 1.990000
12407 1.990000
12408 1.990000
12409 1.990000
12410 1.990000
12411 1.990000
12412 1.990000
12413 2.690000
12414 2.690000
12415 2.390000
12416 2.490000
12417 1.290000
12418 2.990000
12419 2.190000
12420 2.590000
12421 4.490000
12422 2.990000
12423 1.490000
12424 2.990000
12425 2.990000
12426 2.490000
12427 1.990000
12428 1.990000
12429 2.990000
12430 2.990000
12431 2.990000
12432 2.990000
12433 2.990000
12434 2.990000
12435 2.990000
12436 2.990000
12437 2.990000
12438 2.990000
12439 2.990000
12440 2.990000
12441 6.390000
12442 2.990000
12443 2.990000
12444 2.090000
12445 2.990000
12446 31.990000
12447 1.490000
12448 3.690000
12449 3.790000
12450 3.990000
12451 3.990000
12452 3.990000
12453 3.490000
12454 3.490000
12455 2.790000
12456 2.290000
12457 2.690000
12458 1.690000
12459 1.190000
12460 0.690000
12461 0.790000
12462 0.690000
12463 1.890000
12464 1.890000
12465 1.890000
12466 1.890000
12467 0.790000
12468 1.890000
12469 1.490000
12470 1.490000
12471 4.690000
12472 4.690000
12473 1.490000
12474 1.490000
12475 1.490000
12476 5.990000
12477 0.990000
12478 2.990000
12479 3.790000
12480 2.990000
12481 2.390000
12482 2.390000
12483 3.190000
12484 6.590000
12485 2.990000
12486 3.790000
12487 3.790000
12488 1.690000
12489 4.190000
12490 4.690000
12491 4.690000
12492 4.690000
12493 4.690000
12494 5.990000
12495 2.490000
12496 2.490000
12497 6.590000
12498 3.790000
12499 2.990000
12500 4.990000
12501 2.390000
12502 2.390000
12503 5.990000
12504 2.390000
12505 2.990000
12506 1.890000
12507 2.990000
12508 1.390000
12509 1.390000
12510 1.500000
12511 1.500000
12512 1.590000
12513 1.590000
12514 1.590000
12515 5.990000
12516 11.990000
12517 5.990000
12518 7.890000
12519 32.990002
12520 6.390000
12521 0.340000
12522 0.340000
12523 0.340000
12524 0.340000
12525 0.340000
12526 0.340000
12527 0.340000
12528 0.340000
12529 0.990000
12530 0.390000
12531 0.990000
12532 2.190000
12533 2.190000
12534 0.990000
12535 0.990000
12536 3.990000
12537 4.500000
12538 4.990000
12539 5.500000
12540 5.990000
12541 1.390000
12542 0.500000
12543 1.390000
12544 3.990000
12545 6.990000
12546 2.990000
12547 0.990000
12548 0.690000
12549 1.390000
12550 3.990000
12551 6.990000
12552 0.990000
12553 0.690000
12554 1.390000
12555 3.990000
12556 0.990000
12557 1.390000
12558 3.690000
12559 1.290000
12560 3.690000
12561 1.290000
12562 3.690000
12563 1.290000
12564 2.190000
12565 2.290000
12566 2.190000
12567 2.490000
12568 7.190000
12569 22.590000
12570 13.990000
12571 4.590000
12572 2.990000
12573 1.390000
12574 1.390000
12575 1.390000
12576 11.290000
12577 16.590000
12578 3.990000
12579 0.600000
12580 0.600000
12581 0.600000
12582 0.600000
12583 1.290000
12584 1.290000
12585 1.290000
12586 2.590000
12587 3.990000
12588 2.590000
12589 3.990000
12590 3.990000
12591 3.990000
12592 3.990000
12593 3.990000
12594 3.990000
12595 3.990000
12596 3.990000
12597 4.090000
12598 3.990000
12599 3.990000
12600 3.990000
12601 3.790000
12602 3.690000
12603 3.690000
12604 2.490000
12605 3.490000
12606 1.490000
12607 1.490000
12608 2.390000
12609 2.790000
12610 1.690000
12611 2.390000
12612 3.090000
12613 3.090000
12614 2.190000
12615 3.090000
12616 3.090000
12617 3.090000
12618 2.190000
12619 3.090000
12620 1.290000
12621 3.090000
12622 1.190000
12623 2.190000
12624 4.990000
12625 3.790000
12626 3.790000
12627 3.790000
12628 3.090000
12629 3.690000
12630 3.990000
12631 3.990000
12632 4.290000
12633 3.690000
12634 4.290000
12635 4.290000
12636 3.690000
12637 3.690000
12638 3.690000
12639 3.690000
12640 3.590000
12641 3.590000
12642 3.690000
12643 4.490000
12644 3.690000
12645 3.590000
12646 3.590000
12647 3.590000
12648 3.590000
12649 3.590000
12650 1.390000
12651 3.590000
12652 3.590000
12653 3.090000
12654 3.090000
12655 3.090000
12656 3.490000
12657 3.490000
12658 3.490000
12659 1.290000
12660 1.290000
12661 4.890000
12662 7.890000
12663 10.990000
12664 18.490000
12665 2.090000
12666 4.890000
12667 10.990000
12668 4.890000
12669 10.990000
12670 4.890000
12671 3.090000
12672 3.090000
12673 3.090000
12674 3.090000
12675 3.090000
12676 3.590000
12677 2.490000
12678 2.490000
12679 2.490000
12680 2.490000
12681 2.490000
12682 2.490000
12683 2.490000
12684 1.990000
12685 1.990000
12686 1.990000
12687 1.990000
12688 1.990000
12689 2.490000
12690 2.490000
12691 1.990000
12692 2.490000
12693 2.490000
12694 3.390000
12695 3.390000
12696 3.990000
12697 3.990000
12698 1.450000
12699 3.990000
12700 3.990000
12701 3.990000
12702 3.990000
12703 3.990000
12704 3.990000
12705 3.990000
12706 1.690000
12707 1.690000
12708 3.990000
12709 3.990000
12710 3.990000
12711 3.990000
12712 1.990000
12713 1.990000
12714 1.990000
12715 1.990000
12716 1.990000
12717 1.990000
12718 1.990000
12719 1.990000
12720 1.990000
12721 1.990000
12722 2.490000
12723 2.490000
12724 3.790000
12725 2.490000
12726 2.990000
12727 2.990000
12728 3.490000
12729 3.490000
12730 3.490000
12731 2.890000
12732 2.890000
12733 3.490000
12734 3.390000
12735 3.790000
12736 3.490000
12737 3.590000
12738 3.490000
12739 3.590000
12740 2.990000
12741 3.590000
12742 2.890000
12743 3.390000
12744 3.390000
12745 3.390000
12746 4.990000
12747 2.990000
12748 2.990000
12749 0.990000
12750 2.790000
12751 1.990000
12752 1.990000
12753 3.390000
12754 0.500000
12755 3.390000
12756 2.890000
12757 2.890000
12758 2.890000
12759 0.500000
12760 2.990000
12761 1.990000
12762 3.590000
12763 2.890000
12764 2.890000
12765 2.890000
12766 2.890000
12767 3.290000
12768 3.790000
12769 1.990000
12770 1.990000
12771 1.990000
12772 1.990000
12773 1.990000
12774 3.790000
12775 3.590000
12776 2.890000
12777 2.890000
12778 2.890000
12779 2.890000
12780 3.790000
12781 2.890000
12782 2.890000
12783 2.890000
12784 0.500000
12785 3.390000
12786 3.390000
12787 0.500000
12788 3.390000
12789 3.390000
12790 3.390000
12791 1.990000
12792 1.990000
12793 1.990000
12794 1.890000
12795 1.890000
12796 1.990000
12797 1.990000
12798 2.990000
12799 2.890000
12800 3.090000
12801 0.500000
12802 2.890000
12803 3.690000
12804 2.490000
12805 2.490000
12806 2.890000
12807 2.890000
12808 2.890000
12809 0.500000
12810 0.500000
12811 0.500000
12812 2.490000
12813 2.890000
12814 2.890000
12815 2.890000
12816 2.890000
12817 2.890000
12818 2.890000
12819 3.390000
12820 2.990000
12821 2.990000
12822 2.990000
12823 2.990000
12824 2.990000
12825 3.290000
12826 3.290000
12827 3.490000
12828 2.390000
12829 3.390000
12830 2.390000
12831 2.390000
12832 2.390000
12833 2.990000
12834 0.500000
12835 2.890000
12836 2.990000
12837 2.990000
12838 2.990000
12839 2.990000
12840 2.990000
12841 2.990000
12842 2.790000
12843 2.990000
12844 3.590000
12845 3.290000
12846 1.650000
12847 8.990000
12848 6.990000
12849 4.990000
12850 2.790000
12851 0.990000
12852 0.990000
12853 0.990000
12854 2.390000
12855 2.990000
12856 3.980000
12857 1.990000
12858 1.190000
12859 1.490000
12860 1.390000
12861 2.790000
12862 3.890000
12863 1.590000
12864 6.990000
12865 6.290000
12866 2.590000
12867 6.990000
12868 1.250000
12869 1.250000
12870 1.250000
12871 1.250000
12872 2.000000
12873 2.000000
12874 3.890000
12875 2.000000
12876 2.000000
12877 1.390000
12878 2.490000
12879 0.990000
12880 2.990000
12881 7.500000
12882 14.990000
12883 6.990000
12884 0.590000
12885 0.300000
12886 1.990000
12887 1.190000
12888 5.990000
12889 4.190000
12890 12.990000
12891 4.590000
12892 14.990000
12893 16.990000
12894 5.090000
12895 5.490000
12896 4.490000
12897 4.190000
12898 7.090000
12899 5.690000
12900 3.990000
12901 5.390000
12902 4.990000
12903 4.290000
12904 6.590000
12905 7.190000
12906 4.490000
12907 4.290000
12908 3.990000
12909 6.990000
12910 5.990000
12911 9.990000
12912 3.490000
12913 4.290000
12914 7.990000
12915 3.990000
12916 3.490000
12917 4.990000
12918 4.990000
12919 2.990000
12920 3.390000
12921 2.990000
12922 8.990000
12923 5.990000
12924 2.490000
12925 2.490000
12926 3.590000
12927 5.990000
12928 14.590000
12929 13.990000
12930 5.290000
12931 4.590000
12932 4.590000
12933 4.990000
12934 7.190000
12935 6.990000
12936 4.990000
12937 8.590000
12938 6.190000
12939 5.990000
12940 4.990000
12941 18.690001
12942 6.990000
12943 5.490000
12944 8.990000
12945 9.790000
12946 8.990000
12947 6.990000
12948 7.990000
12949 7.990000
12950 11.390000
12951 29.990000
12952 6.690000
12953 16.990000
12954 5.990000
12955 4.690000
12956 9.990000
12957 4.590000
12958 5.990000
12959 18.490000
12960 9.490000
12961 10.990000
12962 0.990000
12963 0.990000
12964 7.990000
12965 9.190000
12966 12.990000
12967 25.490000
12968 6.990000
12969 6.990000
12970 17.990000
12971 7.990000
12972 10.990000
12973 17.990000
12974 25.990000
12975 25.990000
12976 17.990000
12977 9.990000
12978 15.990000
12979 28.990000
12980 35.990002
12981 5.990000
12982 10.990000
12983 12.590000
12984 11.990000
12985 19.990000
12986 25.990000
12987 18.990000
12988 18.990000
12989 19.990000
12990 4.990000
12991 25.990000
12992 18.990000
12993 15.990000
12994 6.590000
12995 8.190000
12996 8.590000
12997 8.190000
12998 18.990000
12999 4.990000
13000 12.990000
13001 3.790000
13002 8.490000
13003 9.990000
13004 8.490000
13005 10.990000
13006 4.990000
13007 4.190000
13008 4.790000
13009 8.590000
13010 6.590000
13011 2.000000
13012 0.330000
13013 0.240000
13014 0.240000
13015 0.240000
13016 0.060000
13017 0.310000
13018 3.090000
13019 3.090000
13020 3.090000
13021 3.090000
13022 3.090000
13023 3.090000
13024 1.390000
13025 1.390000
13026 1.390000
13027 1.390000
13028 0.890000
13029 0.890000
13030 0.890000
13031 3.790000
13032 3.790000
13033 3.790000
13034 3.790000
13035 3.790000
13036 6.990000
13037 6.990000
13038 1.790000
13039 1.790000
13040 1.790000
13041 1.790000
13042 1.790000
13043 1.790000
13044 1.790000
13045 1.790000
13046 1.790000
13047 1.790000
13048 1.790000
13049 1.790000
13050 2.790000
13051 2.790000
13052 2.790000
13053 3.490000
13054 3.490000
13055 3.490000
13056 3.490000
13057 3.490000
13058 3.490000
13059 3.490000
13060 3.490000
13061 5.690000
13062 1.790000
13063 1.790000
13064 2.190000
13065 2.190000
13066 2.190000
13067 2.190000
13068 1.100000
13069 2.190000
13070 5.490000
13071 2.490000
13072 2.590000
13073 2.490000
13074 2.490000
13075 1.890000
13076 1.890000
13077 1.890000
13078 1.890000
13079 1.890000
13080 1.000000
13081 1.000000
13082 1.000000
13083 2.990000
13084 1.000000
13085 1.000000
13086 1.000000
13087 1.000000
13088 1.000000
13089 1.000000
13090 1.000000
13091 1.490000
13092 1.490000
13093 3.690000
13094 3.990000
13095 7.990000
13096 3.690000
13097 3.990000
13098 7.990000
13099 3.990000
13100 7.990000
13101 3.990000
13102 3.990000
13103 3.490000
13104 3.990000
13105 3.490000
13106 3.990000
13107 3.490000
13108 3.990000
13109 3.990000
13110 3.990000
13111 3.490000
13112 3.990000
13113 1.500000
13114 1.500000
13115 3.990000
13116 3.690000
13117 3.690000
13118 3.690000
13119 6.990000
13120 4.590000
13121 4.590000
13122 4.590000
13123 4.590000
13124 4.590000
13125 4.590000
13126 3.990000
13127 1.990000
13128 2.290000
13129 13.690000
13130 17.190001
13131 5.290000
13132 2.290000
13133 2.290000
13134 2.290000
13135 3.890000
13136 0.790000
13137 0.790000
13138 1.350000
13139 4.990000
13140 4.990000
13141 1.890000
13142 1.890000
13143 2.490000
13144 1.500000
13145 1.500000
13146 2.490000
13147 2.490000
13148 2.490000
13149 3.190000
13150 2.890000
13151 3.190000
13152 3.190000
13153 3.090000
13154 2.490000
13155 2.000000
13156 2.490000
13157 2.990000
13158 3.500000
13159 3.890000
13160 3.890000
13161 3.890000
13162 2.090000
13163 2.090000
13164 2.990000
13165 2.990000
13166 2.500000
13167 3.490000
13168 4.290000
13169 4.490000
13170 4.990000
13171 10.990000
13172 3.490000
13173 4.290000
13174 4.490000
13175 3.990000
13176 3.990000
13177 4.490000
13178 4.490000
13179 6.490000
13180 4.490000
13181 3.690000
13182 4.990000
13183 4.690000
13184 4.690000
13185 4.690000
13186 4.690000
13187 4.290000
13188 4.290000
13189 3.990000
13190 0.990000
13191 2.990000
13192 2.990000
13193 2.990000
13194 2.990000
13195 3.990000
13196 3.990000
13197 3.990000
13198 11.990000
13199 11.990000
13200 11.990000
13201 19.990000
13202 7.590000
13203 5.990000
13204 7.290000
13205 12.190000
13206 10.490000
13207 8.290000
13208 9.990000
13209 6.590000
13210 7.990000
13211 9.390000
13212 13.990000
13213 14.890000
13214 9.990000
13215 6.990000
13216 3.990000
13217 5.990000
13218 5.990000
13219 4.990000
13220 6.190000
13221 4.990000
13222 4.990000
13223 6.990000
13224 7.690000
13225 5.990000
13226 6.990000
13227 4.490000
13228 4.490000
13229 8.490000
13230 5.990000
13231 6.990000
13232 9.990000
13233 4.490000
13234 10.590000
13235 9.990000
13236 5.490000
13237 14.290000
13238 7.990000
13239 4.990000
13240 8.790000
13241 9.990000
13242 13.990000
13243 8.990000
13244 5.990000
13245 7.690000
13246 6.990000
13247 14.790000
13248 7.190000
13249 7.290000
13250 3.490000
13251 2.250000
13252 8.990000
13253 8.090000
13254 6.090000
13255 4.890000
13256 7.990000
13257 24.889999
13258 9.590000
13259 19.990000
13260 13.490000
13261 10.990000
13262 13.990000
13263 7.990000
13264 7.990000
13265 12.190000
13266 5.990000
13267 9.990000
13268 7.990000
13269 9.990000
13270 9.990000
13271 5.990000
13272 17.790001
13273 10.290000
13274 9.990000
13275 7.990000
13276 7.890000
13277 6.990000
13278 9.990000
13279 9.990000
13280 6.190000
13281 12.890000
13282 10.490000
13283 10.490000
13284 10.490000
13285 10.490000
13286 11.790000
13287 18.990000
13288 10.490000
13289 10.490000
13290 14.990000
13291 17.190001
13292 6.690000
13293 4.990000
13294 4.990000
13295 4.990000
13296 4.990000
13297 6.990000
13298 10.990000
13299 19.990000
13300 2.990000
13301 2.990000
13302 2.990000
13303 2.990000
13304 6.990000
13305 6.990000
13306 6.990000
13307 9.990000
13308 9.990000
13309 6.890000
13310 9.990000
13311 9.990000
13312 9.990000
13313 7.990000
13314 6.890000
13315 6.890000
13316 6.890000
13317 6.890000
13318 5.390000
13319 5.390000
13320 5.390000
13321 7.990000
13322 14.190000
13323 6.990000
13324 5.390000
13325 6.990000
13326 5.390000
13327 5.390000
13328 9.190000
13329 7.990000
13330 6.290000
13331 6.290000
13332 4.990000
13333 4.990000
13334 4.990000
13335 1.990000
13336 1.990000
13337 1.990000
13338 6.990000
13339 9.190000
13340 6.890000
13341 7.990000
13342 9.990000
13343 1.990000
13344 5.390000
13345 6.990000
13346 5.390000
13347 1.990000
13348 6.890000
13349 7.990000
13350 6.290000
13351 13.990000
13352 6.990000
13353 6.990000
13354 9.990000
13355 3.890000
13356 3.890000
13357 5.990000
13358 5.990000
13359 3.890000
13360 2.590000
13361 2.590000
13362 2.590000
13363 6.990000
13364 6.990000
13365 6.990000
13366 6.990000
13367 6.990000
13368 6.990000
13369 6.990000
13370 6.990000
13371 5.390000
13372 1.990000
13373 1.990000
13374 1.990000
13375 22.990000
13376 14.990000
13377 1.990000
13378 1.490000
13379 2.090000
13380 3.590000
13381 5.990000
13382 2.190000
13383 2.190000
13384 2.190000
13385 1.990000
13386 2.790000
13387 2.790000
13388 2.790000
13389 2.790000
13390 2.790000
13391 2.790000
13392 2.790000
13393 2.790000
13394 2.790000
13395 2.690000
13396 2.690000
13397 2.690000
13398 2.690000
13399 2.590000
13400 3.530000
13401 2.750000
13402 3.090000
13403 2.750000
13404 3.090000
13405 3.090000
13406 3.090000
13407 3.090000
13408 3.090000
13409 3.190000
13410 4.990000
13411 3.950000
13412 3.500000
13413 3.950000
13414 3.950000
13415 3.890000
13416 3.890000
13417 4.890000
13418 3.990000
13419 3.890000
13420 2.690000
13421 2.990000
13422 5.990000
13423 6.500000
13424 6.990000
13425 4.790000
13426 4.190000
13427 4.190000
13428 4.190000
13429 4.190000
13430 4.090000
13431 4.390000
13432 4.390000
13433 2.890000
13434 7.990000
13435 7.990000
13436 3.790000
13437 4.890000
13438 4.890000
13439 3.890000
13440 3.890000
13441 2.500000
13442 3.890000
13443 3.890000
13444 4.990000
13445 4.890000
13446 4.890000
13447 4.890000
13448 4.890000
13449 3.950000
13450 3.500000
13451 0.790000
13452 0.790000
13453 0.790000
13454 0.790000
13455 0.790000
13456 0.790000
13457 0.790000
13458 0.790000
13459 0.790000
13460 6.990000
13461 15.990000
13462 1.990000
13463 14.990000
13464 9.990000
13465 5.990000
13466 5.990000
13467 1.990000
13468 2.990000
13469 3.990000
13470 9.990000
13471 4.290000
13472 2.990000
13473 2.590000
13474 3.690000
13475 2.990000
13476 2.990000
13477 2.990000
13478 1.990000
13479 2.990000
13480 2.990000
13481 2.990000
13482 2.990000
13483 2.990000
13484 2.990000
13485 2.890000
13486 4.990000
13487 2.490000
13488 2.490000
13489 4.690000
13490 3.990000
13491 3.890000
13492 2.090000
13493 2.290000
13494 3.290000
13495 5.190000
13496 2.190000
13497 3.590000
13498 3.590000
13499 3.290000
13500 2.290000
13501 3.990000
13502 3.190000
13503 2.000000
13504 3.290000
13505 2.890000
13506 8.490000
13507 1.890000
13508 3.690000
13509 2.290000
13510 2.290000
13511 2.290000
13512 6.890000
13513 5.990000
13514 4.890000
13515 4.890000
13516 4.490000
13517 3.690000
13518 6.490000
13519 3.990000
13520 3.690000
13521 3.690000
13522 4.190000
13523 4.490000
13524 3.990000
13525 3.690000
13526 6.790000
13527 6.790000
13528 8.990000
13529 4.090000
13530 5.490000
13531 5.490000
13532 4.390000
13533 2.890000
13534 1.500000
13535 5.590000
13536 4.890000
13537 4.890000
13538 6.790000
13539 8.490000
13540 8.990000
13541 8.990000
13542 2.890000
13543 6.990000
13544 7.990000
13545 7.990000
13546 11.990000
13547 9.990000
13548 9.990000
13549 4.890000
13550 5.490000
13551 9.990000
13552 12.990000
13553 5.990000
13554 8.590000
13555 4.890000
13556 6.390000
13557 5.990000
13558 14.990000
13559 8.990000
13560 8.990000
13561 8.990000
13562 8.990000
13563 1.190000
13564 24.990000
13565 4.790000
13566 8.990000
13567 8.990000
13568 5.090000
13569 4.890000
13570 4.290000
13571 0.490000
13572 2.390000
13573 3.390000
13574 3.990000
13575 3.490000
13576 3.990000
13577 4.490000
13578 3.490000
13579 4.990000
13580 4.990000
13581 3.490000
13582 5.990000
13583 7.490000
13584 4.490000
13585 2.290000
13586 3.970000
13587 3.970000
13588 3.970000
13589 3.970000
13590 3.970000
13591 3.390000
13592 3.590000
13593 3.970000
13594 4.290000
13595 17.889999
13596 7.190000
13597 7.190000
13598 4.390000
13599 4.390000
13600 7.190000
13601 7.190000
13602 4.390000
13603 4.390000
13604 7.190000
13605 4.390000
13606 4.390000
13607 4.390000
13608 7.190000
13609 6.090000
13610 6.090000
13611 6.090000
13612 7.190000
13613 7.190000
13614 4.390000
13615 4.390000
13616 1.390000
13617 1.390000
13618 1.390000
13619 1.390000
13620 1.390000
13621 1.390000
13622 1.390000
13623 1.390000
13624 1.490000
13625 0.690000
13626 0.390000
13627 0.390000
13628 1.290000
13629 0.790000
13630 7.690000
13631 7.690000
13632 7.990000
13633 9.790000
13634 9.190000
13635 1.990000
13636 2.150000
13637 1.990000
13638 3.990000
13639 1.990000
13640 1.990000
13641 6.090000
13642 6.090000
13643 1.190000
13644 5.090000
13645 5.090000
13646 5.090000
13647 1.790000
13648 1.790000
13649 1.790000
13650 1.790000
13651 2.790000
13652 2.790000
13653 2.490000
13654 2.490000
13655 3.390000
13656 3.390000
13657 3.990000
13658 3.990000
13659 3.990000
13660 2.490000
13661 2.490000
13662 2.590000
13663 2.590000
13664 2.590000
13665 2.590000
13666 2.590000
13667 2.590000
13668 2.590000
13669 2.590000
13670 2.590000
13671 2.590000
13672 2.590000
13673 2.490000
13674 1.890000
13675 1.890000
13676 1.890000
13677 1.890000
13678 2.490000
13679 10.990000
13680 13.990000
13681 19.990000
13682 6.990000
13683 3.990000
13684 6.990000
13685 6.990000
13686 6.990000
13687 2.990000
13688 2.990000
13689 1.990000
13690 2.990000
13691 2.490000
13692 1.990000
13693 2.990000
13694 2.990000
13695 2.990000
13696 2.990000
13697 2.990000
13698 2.990000
13699 2.990000
13700 3.990000
13701 3.990000
13702 3.990000
13703 3.990000
13704 6.990000
13705 6.990000
13706 6.990000
13707 6.990000
13708 2.990000
13709 1.990000
13710 2.990000
13711 0.990000
13712 2.990000
13713 5.990000
13714 3.990000
13715 2.990000
13716 3.990000
13717 5.990000
13718 3.990000
13719 2.990000
13720 2.990000
13721 2.990000
13722 1.990000
13723 2.990000
13724 2.990000
13725 0.990000
13726 1.990000
13727 2.490000
13728 3.990000
13729 6.990000
13730 2.490000
13731 2.490000
13732 2.490000
13733 2.490000
13734 3.490000
13735 6.990000
13736 1.890000
13737 2.490000
13738 2.990000
13739 2.990000
13740 2.990000
13741 0.690000
13742 0.990000
13743 0.990000
13744 2.490000
13745 1.790000
13746 0.990000
13747 3.490000
13748 2.990000
13749 2.490000
13750 0.690000
13751 1.190000
13752 2.990000
13753 2.990000
13754 0.690000
13755 1.590000
13756 2.490000
13757 1.990000
13758 1.890000
13759 2.990000
13760 0.890000
13761 0.890000
13762 0.690000
13763 0.500000
13764 0.890000
13765 4.990000
13766 13.990000
13767 9.990000
13768 15.990000
13769 9.990000
13770 4.990000
13771 5.990000
13772 11.990000
13773 9.990000
13774 5.990000
13775 4.990000
13776 9.990000
13777 4.990000
13778 9.990000
13779 4.990000
13780 8.990000
13781 5.990000
13782 3.990000
13783 4.990000
13784 4.990000
13785 12.990000
13786 31.990000
13787 32.990002
13788 21.990000
13789 22.990000
13790 29.990000
13791 4.990000
13792 9.990000
13793 6.990000
13794 3.990000
13795 6.990000
13796 19.990000
13797 9.990000
13798 5.990000
13799 4.990000
13800 4.990000
13801 9.990000
13802 9.990000
13803 9.990000
13804 6.990000
13805 12.990000
13806 11.990000
13807 17.790001
13808 1.990000
13809 2.990000
13810 3.990000
13811 1.590000
13812 2.390000
13813 2.390000
13814 2.890000
13815 2.890000
13816 2.890000
13817 2.890000
13818 2.890000
13819 2.890000
13820 2.890000
13821 2.890000
13822 2.890000
13823 1.690000
13824 4.290000
13825 11.990000
13826 11.990000
13827 1.490000
13828 1.990000
13829 1.790000
13830 1.290000
13831 2.690000
13832 2.290000
13833 1.990000
13834 1.990000
13835 6.890000
13836 2.990000
13837 6.890000
13838 1.790000
13839 3.790000
13840 3.790000
13841 3.790000
13842 3.790000
13843 3.790000
13844 3.790000
13845 3.790000
13846 2.990000
13847 3.990000
13848 2.990000
13849 3.990000
13850 2.990000
13851 0.500000
13852 3.490000
13853 1.390000
13854 0.500000
13855 0.500000
13856 0.950000
13857 0.990000
13858 2.390000
13859 0.500000
13860 0.500000
13861 0.500000
13862 2.190000
13863 0.950000
13864 0.890000
13865 0.890000
13866 0.890000
13867 0.890000
13868 0.500000
13869 0.500000
13870 0.500000
13871 0.500000
13872 0.500000
13873 0.500000
13874 0.500000
13875 2.190000
13876 2.190000
13877 2.190000
13878 0.500000
13879 0.500000
13880 0.500000
13881 2.290000
13882 2.290000
13883 0.500000
13884 0.990000
13885 2.090000
13886 0.500000
13887 0.890000
13888 1.390000
13889 2.090000
13890 0.500000
13891 2.090000
13892 2.290000
13893 2.090000
13894 2.090000
13895 2.090000
13896 2.090000
13897 0.500000
13898 0.950000
13899 0.500000
13900 0.950000
13901 0.950000
13902 0.950000
13903 0.990000
13904 1.990000
13905 0.950000
13906 1.990000
13907 1.990000
13908 0.790000
13909 0.950000
13910 0.990000
13911 2.090000
13912 2.190000
13913 0.500000
13914 0.500000
13915 0.990000
13916 1.500000
13917 5.990000
13918 2.790000
13919 1.500000
13920 4.990000
13921 1.490000
13922 8.950000
13923 5.950000
13924 7.950000
13925 7.950000
13926 8.950000
13927 3.190000
13928 3.190000
13929 3.190000
13930 3.190000
13931 3.190000
13932 3.990000
13933 2.990000
13934 2.990000
13935 2.990000
13936 3.190000
13937 3.190000
13938 3.190000
13939 3.190000
13940 3.190000
13941 3.190000
13942 3.190000
13943 3.190000
13944 3.190000
13945 0.740000
13946 2.690000
13947 2.990000
13948 5.950000
13949 3.190000
13950 3.190000
13951 2.290000
13952 2.290000
13953 2.290000
13954 2.690000
13955 1.390000
13956 2.690000
13957 3.190000
13958 3.190000
13959 0.450000
13960 2.990000
13961 0.750000
13962 0.500000
13963 2.990000
13964 1.390000
13965 2.990000
13966 3.190000
13967 2.990000
13968 1.390000
13969 1.490000
13970 3.190000
13971 3.190000
13972 3.190000
13973 2.990000
13974 5.990000
13975 1.990000
13976 1.990000
13977 3.190000
13978 3.190000
13979 3.190000
13980 3.190000
13981 3.190000
13982 3.190000
13983 2.290000
13984 2.290000
13985 5.790000
13986 5.790000
13987 2.690000
13988 2.690000
13989 2.390000
13990 2.390000
13991 2.390000
13992 2.390000
13993 2.450000
13994 2.390000
13995 2.390000
13996 2.390000
13997 1.090000
13998 1.090000
13999 3.190000
14000 5.790000
14001 2.990000
14002 3.190000
14003 1.790000
14004 1.790000
14005 1.790000
14006 1.790000
14007 1.790000
14008 1.790000
14009 1.790000
14010 3.190000
14011 3.190000
14012 3.190000
14013 2.690000
14014 5.790000
14015 2.290000
14016 3.990000
14017 2.500000
14018 2.490000
14019 1.790000
14020 1.790000
14021 1.790000
14022 1.790000
14023 1.790000
14024 1.790000
14025 1.790000
14026 3.690000
14027 1.790000
14028 1.790000
14029 2.990000
14030 2.500000
14031 2.500000
14032 2.990000
14033 2.990000
14034 2.990000
14035 2.990000
14036 1.190000
14037 1.190000
14038 2.290000
14039 2.290000
14040 3.190000
14041 3.190000
14042 3.190000
14043 3.490000
14044 2.290000
14045 2.990000
14046 1.390000
14047 3.990000
14048 1.990000
14049 1.990000
14050 5.790000
14051 5.790000
14052 2.990000
14053 3.190000
14054 3.190000
14055 3.190000
14056 2.690000
14057 2.290000
14058 1.500000
14059 2.290000
14060 2.500000
14061 2.290000
14062 3.190000
14063 3.190000
14064 3.190000
14065 1.250000
14066 1.250000
14067 1.250000
14068 1.250000
14069 1.250000
14070 1.690000
14071 1.690000
14072 1.690000
14073 1.690000
14074 1.500000
14075 1.690000
14076 1.490000
14077 1.690000
14078 2.390000
14079 2.390000
14080 2.990000
14081 2.990000
14082 2.990000
14083 1.790000
14084 1.790000
14085 1.190000
14086 2.290000
14087 2.290000
14088 2.290000
14089 2.990000
14090 1.690000
14091 2.990000
14092 1.690000
14093 3.250000
14094 1.790000
14095 0.990000
14096 0.990000
14097 3.490000
14098 3.490000
14099 3.490000
14100 3.490000
14101 3.490000
14102 3.490000
14103 3.490000
14104 12.880000
14105 1.490000
14106 3.290000
14107 1.490000
14108 5.190000
14109 1.290000
14110 3.290000
14111 8.690000
14112 13.990000
14113 4.090000
14114 7.390000
14115 13.990000
14116 6.990000
14117 10.490000
14118 6.090000
14119 3.690000
14120 12.390000
14121 17.990000
14122 9.190000
14123 5.190000
14124 9.390000
14125 10.490000
14126 6.090000
14127 4.590000
14128 12.390000
14129 17.990000
14130 9.190000
14131 5.190000
14132 9.390000
14133 9.190000
14134 4.290000
14135 7.090000
14136 4.290000
14137 6.990000
14138 2.890000
14139 2.590000
14140 2.590000
14141 2.990000
14142 2.990000
14143 2.990000
14144 2.990000
14145 2.990000
14146 2.990000
14147 1.890000
14148 1.490000
14149 4.090000
14150 4.090000
14151 1.490000
14152 4.090000
14153 2.490000
14154 2.490000
14155 0.590000
14156 0.890000
14157 1.390000
14158 1.790000
14159 1.890000
14160 0.890000
14161 1.690000
14162 3.990000
14163 3.990000
14164 3.990000
14165 3.590000
14166 3.590000
14167 2.590000
14168 2.590000
14169 3.690000
14170 3.690000
14171 2.090000
14172 1.290000
14173 2.190000
14174 2.190000
14175 2.090000
14176 1.290000
14177 1.290000
14178 2.090000
14179 0.690000
14180 0.690000
14181 0.690000
14182 0.690000
14183 0.690000
14184 0.690000
14185 0.690000
14186 0.690000
14187 0.690000
14188 3.350000
14189 0.990000
14190 0.990000
14191 0.990000
14192 2.090000
14193 6.890000
14194 2.090000
14195 3.590000
14196 0.500000
14197 2.250000
14198 0.990000
14199 0.990000
14200 0.990000
14201 1.090000
14202 0.890000
14203 3.290000
14204 0.790000
14205 0.890000
14206 0.990000
14207 0.690000
14208 2.990000
14209 2.990000
14210 2.990000
14211 3.590000
14212 3.590000
14213 3.590000
14214 2.490000
14215 2.090000
14216 0.790000
14217 3.490000
14218 4.990000
14219 2.990000
14220 4.990000
14221 1.290000
14222 2.890000
14223 2.890000
14224 0.790000
14225 1.390000
14226 3.490000
14227 2.790000
14228 2.790000
14229 2.690000
14230 1.690000
14231 1.690000
14232 0.990000
14233 3.190000
14234 2.090000
14235 2.190000
14236 3.790000
14237 2.190000
14238 3.790000
14239 3.790000
14240 2.190000
14241 2.190000
14242 3.790000
14243 6.990000
14244 3.990000
14245 3.990000
14246 2.590000
14247 2.690000
14248 3.890000
14249 3.890000
14250 1.690000
14251 1.390000
14252 2.890000
14253 2.890000
14254 2.890000
14255 2.890000
14256 2.890000
14257 2.890000
14258 2.890000
14259 3.890000
14260 3.890000
14261 2.890000
14262 3.790000
14263 4.990000
14264 1.390000
14265 1.390000
14266 2.190000
14267 2.990000
14268 3.190000
14269 3.190000
14270 4.990000
14271 4.990000
14272 1.590000
14273 1.590000
14274 2.790000
14275 3.190000
14276 3.190000
14277 3.190000
14278 3.190000
14279 2.790000
14280 1.790000
14281 3.190000
14282 2.990000
14283 3.190000
14284 2.990000
14285 3.190000
14286 3.190000
14287 3.190000
14288 2.790000
14289 3.490000
14290 3.490000
14291 3.490000
14292 3.490000
14293 15.990000
14294 9.990000
14295 15.990000
14296 5.990000
14297 3.490000
14298 3.490000
14299 3.190000
14300 2.990000
14301 2.990000
14302 3.490000
14303 2.990000
14304 2.990000
14305 3.490000
14306 2.990000
14307 2.990000
14308 3.490000
14309 3.490000
14310 3.490000
14311 2.990000
14312 2.990000
14313 2.990000
14314 3.190000
14315 3.190000
14316 2.990000
14317 2.990000
14318 2.990000
14319 2.990000
14320 2.790000
14321 3.490000
14322 2.990000
14323 1.390000
14324 1.390000
14325 1.390000
14326 1.390000
14327 1.390000
14328 1.390000
14329 1.390000
14330 2.790000
14331 2.790000
14332 11.990000
14333 11.990000
14334 11.990000
14335 1.590000
14336 0.890000
14337 1.690000
14338 1.490000
14339 1.490000
14340 1.290000
14341 1.290000
14342 1.290000
14343 1.290000
14344 1.290000
14345 1.290000
14346 1.290000
14347 1.290000
14348 8.990000
14349 0.930000
14350 3.740000
14351 1.990000
14352 3.890000
14353 2.890000
14354 15.190000
14355 9.990000
14356 5.950000
14357 3.590000
14358 3.590000
14359 3.790000
14360 4.490000
14361 4.490000
14362 4.490000
14363 4.490000
14364 4.490000
14365 3.290000
14366 3.290000
14367 3.290000
14368 3.290000
14369 3.290000
14370 3.290000
14371 3.290000
14372 3.290000
14373 3.490000
14374 3.490000
14375 3.490000
14376 3.490000
14377 3.490000
14378 3.290000
14379 2.290000
14380 1.890000
14381 1.890000
14382 2.190000
14383 2.190000
14384 2.190000
14385 2.190000
14386 2.190000
14387 2.190000
14388 2.290000
14389 2.990000
14390 1.890000
14391 2.590000
14392 2.590000
14393 2.590000
14394 2.590000
14395 2.590000
14396 2.590000
14397 2.990000
14398 0.790000
14399 0.990000
14400 9.990000
14401 2.990000
14402 2.990000
14403 5.990000
14404 5.990000
14405 2.990000
14406 5.990000
14407 2.990000
14408 5.990000
14409 2.990000
14410 1.090000
14411 2.990000
14412 2.990000
14413 2.990000
14414 2.990000
14415 5.980000
14416 1.090000
14417 2.990000
14418 2.990000
14419 2.990000
14420 5.990000
14421 2.990000
14422 2.990000
14423 5.990000
14424 5.990000
14425 5.990000
14426 2.990000
14427 5.980000
14428 5.980000
14429 2.990000
14430 2.990000
14431 2.990000
14432 2.990000
14433 2.990000
14434 2.990000
14435 2.990000
14436 5.990000
14437 2.990000
14438 5.990000
14439 2.990000
14440 5.990000
14441 5.990000
14442 5.980000
14443 5.980000
14444 12.990000
14445 6.890000
14446 12.990000
14447 12.990000
14448 19.990000
14449 19.990000
14450 19.990000
14451 6.890000
14452 6.890000
14453 6.890000
14454 6.890000
14455 3.990000
14456 6.890000
14457 6.890000
14458 6.890000
14459 3.990000
14460 6.890000
14461 6.890000
14462 6.890000
14463 6.990000
14464 6.990000
14465 3.500000
14466 6.990000
14467 12.990000
14468 12.990000
14469 12.990000
14470 12.990000
14471 12.990000
14472 6.990000
14473 12.990000
14474 19.990000
14475 19.990000
14476 19.990000
14477 19.990000
14478 19.990000
14479 19.990000
14480 9.990000
14481 9.990000
14482 9.990000
14483 9.990000
14484 3.990000
14485 3.990000
14486 3.990000
14487 3.990000
14488 1.690000
14489 4.790000
14490 11.990000
14491 1.290000
14492 11.990000
14493 11.990000
14494 11.990000
14495 11.990000
14496 1.990000
14497 11.990000
14498 1.990000
14499 11.990000
14500 11.990000
14501 11.990000
14502 2.990000
14503 3.490000
14504 1.390000
14505 5.490000
14506 5.490000
14507 5.490000
14508 5.490000
14509 11.990000
14510 11.990000
14511 11.990000
14512 11.990000
14513 11.990000
14514 13.990000
14515 11.990000
14516 1.690000
14517 2.190000
14518 4.390000
14519 3.790000
14520 3.790000
14521 6.790000
14522 3.790000
14523 1.990000
14524 2.290000
14525 2.290000
14526 1.690000
14527 1.690000
14528 1.690000
14529 2.290000
14530 2.290000
14531 1.690000
14532 1.690000
14533 1.690000
14534 1.690000
14535 1.690000
14536 1.490000
14537 1.690000
14538 1.690000
14539 1.690000
14540 2.290000
14541 2.290000
14542 2.190000
14543 1.890000
14544 1.990000
14545 12.990000
14546 12.990000
14547 12.990000
14548 12.990000
14549 22.990000
14550 22.990000
14551 22.990000
14552 19.990000
14553 19.990000
14554 19.990000
14555 19.990000
14556 19.990000
14557 19.990000
14558 12.990000
14559 12.990000
14560 12.990000
14561 12.990000
14562 12.990000
14563 12.990000
14564 12.990000
14565 19.990000
14566 12.990000
14567 19.990000
14568 19.990000
14569 19.990000
14570 19.990000
14571 12.990000
14572 12.990000
14573 12.990000
14574 12.990000
14575 12.990000
14576 12.990000
14577 19.990000
14578 22.990000
14579 22.990000
14580 22.990000
14581 4.090000
14582 2.990000
14583 4.090000
14584 6.990000
14585 4.090000
14586 7.990000
14587 1.990000
14588 2.190000
14589 3.790000
14590 1.790000
14591 1.990000
14592 6.290000
14593 4.190000
14594 3.490000
14595 4.950000
14596 3.750000
14597 3.290000
14598 4.390000
14599 4.050000
14600 2.190000
14601 2.990000
14602 2.990000
14603 4.990000
14604 1.890000
14605 1.790000
14606 1.190000
14607 1.390000
14608 1.890000
14609 2.090000
14610 1.990000
14611 3.790000
14612 3.290000
14613 1.890000
14614 1.890000
14615 1.890000
14616 2.890000
14617 0.850000
14618 0.850000
14619 2.190000
14620 2.390000
14621 1.990000
14622 2.490000
14623 1.490000
14624 1.490000
14625 2.290000
14626 2.290000
14627 2.290000
14628 2.290000
14629 2.290000
14630 2.990000
14631 2.990000
14632 2.290000
14633 2.290000
14634 2.290000
14635 2.290000
14636 2.290000
14637 2.290000
14638 2.290000
14639 2.290000
14640 2.290000
14641 2.290000
14642 2.290000
14643 2.990000
14644 2.990000
14645 2.990000
14646 2.990000
14647 2.990000
14648 2.990000
14649 2.990000
14650 2.290000
14651 2.290000
14652 2.290000
14653 2.290000
14654 2.990000
14655 1.090000
14656 1.550000
14657 1.550000
14658 3.390000
14659 3.290000
14660 2.290000
14661 2.290000
14662 2.290000
14663 2.290000
14664 2.290000
14665 2.290000
14666 2.290000
14667 2.290000
14668 2.990000
14669 1.990000
14670 3.690000
14671 3.690000
14672 3.690000
14673 1.590000
14674 1.790000
14675 1.990000
14676 1.790000
14677 1.190000
14678 1.190000
14679 1.190000
14680 4.990000
14681 3.490000
14682 3.490000
14683 3.490000
14684 3.490000
14685 3.490000
14686 3.490000
14687 2.990000
14688 2.990000
14689 2.990000
14690 2.990000
14691 2.990000
14692 2.990000
14693 2.990000
14694 2.990000
14695 2.990000
14696 2.990000
14697 4.990000
14698 8.990000
14699 2.990000
14700 2.990000
14701 2.990000
14702 2.990000
14703 2.990000
14704 2.990000
14705 1.290000
14706 1.290000
14707 1.490000
14708 2.890000
14709 2.890000
14710 3.990000
14711 1.390000
14712 1.790000
14713 2.390000
14714 1.490000
14715 1.490000
14716 0.890000
14717 0.890000
14718 0.890000
14719 0.890000
14720 0.890000
14721 0.890000
14722 0.890000
14723 0.890000
14724 0.890000
14725 0.890000
14726 0.890000
14727 0.890000
14728 0.890000
14729 0.890000
14730 0.890000
14731 1.490000
14732 2.590000
14733 2.590000
14734 1.490000
14735 2.590000
14736 2.590000
14737 2.590000
14738 2.590000
14739 2.790000
14740 2.790000
14741 2.790000
14742 2.790000
14743 2.790000
14744 2.790000
14745 2.790000
14746 2.790000
14747 2.790000
14748 2.790000
14749 2.790000
14750 2.790000
14751 0.890000
14752 0.890000
14753 0.890000
14754 0.890000
14755 0.890000
14756 0.890000
14757 0.890000
14758 0.890000
14759 0.890000
14760 0.890000
14761 0.890000
14762 0.890000
14763 0.890000
14764 0.890000
14765 0.890000
14766 0.890000
14767 2.000000
14768 2.000000
14769 2.000000
14770 2.000000
14771 2.000000
14772 2.290000
14773 2.190000
14774 2.190000
14775 2.190000
14776 2.190000
14777 5.990000
14778 0.950000
14779 1.490000
14780 1.500000
14781 1.500000
14782 1.500000
14783 1.500000
14784 1.890000
14785 3.390000
14786 1.590000
14787 2.290000
14788 3.190000
14789 5.490000
14790 4.390000
14791 2.290000
14792 5.990000
14793 2.990000
14794 2.990000
14795 4.290000
14796 4.290000
14797 2.190000
14798 3.190000
14799 3.190000
14800 1.600000
14801 3.490000
14802 2.190000
14803 3.490000
14804 2.190000
14805 3.690000
14806 3.690000
14807 3.690000
14808 1.750000
14809 3.490000
14810 3.890000
14811 3.890000
14812 3.890000
14813 3.190000
14814 3.190000
14815 2.390000
14816 2.190000
14817 3.490000
14818 2.390000
14819 5.390000
14820 2.390000
14821 3.590000
14822 2.390000
14823 3.590000
14824 4.990000
14825 4.990000
14826 1.790000
14827 1.790000
14828 2.390000
14829 1.790000
14830 1.790000
14831 2.390000
14832 3.190000
14833 2.990000
14834 3.790000
14835 0.990000
14836 0.690000
14837 0.990000
14838 3.990000
14839 1.590000
14840 2.890000
14841 1.290000
14842 1.290000
14843 2.490000
14844 1.490000
14845 1.590000
14846 2.890000
14847 2.190000
14848 2.190000
14849 2.190000
14850 13.990000
14851 6.190000
14852 7.490000
14853 1.990000
14854 3.190000
14855 2.590000
14856 2.290000
14857 4.750000
14858 7.990000
14859 7.990000
14860 1.990000
14861 5.990000
14862 3.190000
14863 3.190000
14864 5.990000
14865 5.990000
14866 21.990000
14867 21.990000
14868 15.990000
14869 2.290000
14870 3.190000
14871 5.990000
14872 3.190000
14873 5.990000
14874 5.990000
14875 5.990000
14876 4.890000
14877 3.790000
14878 3.190000
14879 11.990000
14880 2.250000
14881 11.890000
14882 11.890000
14883 12.990000
14884 2.990000
14885 2.990000
14886 2.690000
14887 2.690000
14888 2.990000
14889 10.990000
14890 10.990000
14891 7.990000
14892 7.990000
14893 2.190000
14894 2.190000
14895 7.990000
14896 4.290000
14897 3.190000
14898 3.190000
14899 11.990000
14900 14.990000
14901 8.790000
14902 11.890000
14903 5.990000
14904 2.990000
14905 2.990000
14906 2.990000
14907 2.990000
14908 5.990000
14909 4.390000
14910 2.990000
14911 3.890000
14912 3.890000
14913 4.390000
14914 4.390000
14915 5.990000
14916 5.990000
14917 2.290000
14918 2.990000
14919 5.590000
14920 2.290000
14921 2.290000
14922 1.590000
14923 4.790000
14924 8.990000
14925 1.380000
14926 2.990000
14927 2.990000
14928 2.990000
14929 2.990000
14930 4.390000
14931 4.390000
14932 4.390000
14933 4.390000
14934 4.390000
14935 4.290000
14936 4.290000
14937 4.290000
14938 4.290000
14939 4.990000
14940 6.990000
14941 2.190000
14942 3.490000
14943 1.500000
14944 21.990000
14945 6.590000
14946 0.590000
14947 0.590000
14948 0.590000
14949 1.190000
14950 2.190000
14951 2.190000
14952 4.390000
14953 4.390000
14954 4.290000
14955 3.990000
14956 8.490000
14957 0.490000
14958 3.890000
14959 4.390000
14960 6.990000
14961 6.990000
14962 6.990000
14963 6.990000
14964 6.990000
14965 6.990000
14966 4.500000
14967 6.990000
14968 6.990000
14969 6.990000
14970 3.500000
14971 2.990000
14972 5.590000
14973 3.890000
14974 6.990000
14975 6.990000
14976 9.750000
14977 10.890000
14978 3.190000
14979 3.190000
14980 7.990000
14981 4.490000
14982 2.250000
14983 11.890000
14984 4.590000
14985 2.890000
14986 4.750000
14987 11.990000
14988 3.790000
14989 5.990000
14990 2.690000
14991 6.990000
14992 3.990000
14993 3.990000
14994 3.990000
14995 6.990000
14996 6.990000
14997 6.990000
14998 8.990000
14999 2.490000
15000 6.990000
15001 6.990000
15002 3.290000
15003 2.990000
15004 2.990000
15005 3.190000
15006 3.790000
15007 5.890000
15008 5.890000
15009 4.200000
15010 8.390000
15011 3.790000
15012 3.190000
15013 4.290000
15014 4.290000
15015 11.990000
15016 5.990000
15017 5.990000
15018 3.890000
15019 2.890000
15020 6.990000
15021 6.990000
15022 6.990000
15023 6.990000
15024 3.590000
15025 3.890000
15026 1.450000
15027 14.990000
15028 14.990000
15029 14.990000
15030 14.990000
15031 13.990000
15032 2.890000
15033 0.590000
15034 3.790000
15035 2.090000
15036 2.090000
15037 8.690000
15038 3.990000
15039 3.990000
15040 3.990000
15041 3.990000
15042 3.590000
15043 3.590000
15044 3.590000
15045 3.590000
15046 3.590000
15047 3.590000
15048 3.590000
15049 3.590000
15050 3.590000
15051 1.800000
15052 2.990000
15053 4.290000
15054 2.000000
15055 1.500000
15056 2.290000
15057 2.290000
15058 4.990000
15059 6.690000
15060 11.390000
15061 5.250000
15062 2.990000
15063 2.990000
15064 2.990000
15065 4.390000
15066 4.390000
15067 4.390000
15068 2.990000
15069 3.190000
15070 1.790000
15071 7.590000
15072 6.590000
15073 4.790000
15074 4.790000
15075 4.790000
15076 4.790000
15077 4.790000
15078 4.790000
15079 4.790000
15080 6.390000
15081 3.990000
15082 6.390000
15083 17.990000
15084 8.990000
15085 2.890000
15086 4.750000
15087 2.890000
15088 4.750000
15089 12.990000
15090 12.790000
15091 4.390000
15092 4.390000
15093 4.390000
15094 6.990000
15095 6.990000
15096 6.990000
15097 5.990000
15098 2.990000
15099 5.990000
15100 3.990000
15101 6.990000
15102 3.990000
15103 6.990000
15104 1.390000
15105 4.490000
15106 3.190000
15107 8.990000
15108 9.990000
15109 6.990000
15110 6.990000
15111 6.990000
15112 6.990000
15113 4.490000
15114 7.490000
15115 1.990000
15116 10.990000
15117 10.990000
15118 10.990000
15119 10.990000
15120 10.990000
15121 10.990000
15122 2.990000
15123 12.990000
15124 12.990000
15125 12.990000
15126 12.990000
15127 12.990000
15128 12.990000
15129 12.990000
15130 19.990000
15131 19.990000
15132 19.990000
15133 19.990000
15134 19.990000
15135 23.990000
15136 23.990000
15137 23.990000
15138 12.990000
15139 12.990000
15140 12.990000
15141 12.990000
15142 12.990000
15143 19.990000
15144 19.990000
15145 19.990000
15146 12.000000
15147 12.000000
15148 12.000000
15149 6.500000
15150 12.990000
15151 12.990000
15152 8.390000
15153 11.990000
15154 1.790000
15155 3.190000
15156 0.990000
15157 0.990000
15158 2.990000
15159 6.990000
15160 5.590000
15161 5.590000
15162 5.590000
15163 1.290000
15164 3.790000
15165 1.890000
15166 2.990000
15167 4.790000
15168 12.990000
15169 12.990000
15170 2.590000
15171 5.990000
15172 2.290000
15173 4.390000
15174 4.290000
15175 2.490000
15176 2.890000
15177 2.690000
15178 13.790000
15179 6.900000
15180 2.290000
15181 4.390000
15182 4.290000
15183 2.290000
15184 4.390000
15185 4.290000
15186 3.790000
15187 7.990000
15188 7.990000
15189 7.990000
15190 7.990000
15191 7.990000
15192 8.290000
15193 8.290000
15194 8.290000
15195 10.890000
15196 6.790000
15197 6.790000
15198 2.890000
15199 2.890000
15200 1.390000
15201 4.990000
15202 4.990000
15203 6.990000
15204 4.750000
15205 4.750000
15206 3.990000
15207 3.990000
15208 4.990000
15209 4.750000
15210 9.990000
15211 19.990000
15212 19.990000
15213 4.990000
15214 6.990000
15215 6.290000
15216 4.990000
15217 2.890000
15218 5.190000
15219 2.890000
15220 5.190000
15221 2.490000
15222 2.390000
15223 8.390000
15224 2.990000
15225 3.190000
15226 4.290000
15227 39.990002
15228 5.990000
15229 4.390000
15230 4.390000
15231 2.290000
15232 4.390000
15233 4.290000
15234 4.790000
15235 4.790000
15236 6.990000
15237 6.990000
15238 6.990000
15239 4.390000
15240 4.390000
15241 2.890000
15242 5.190000
15243 4.490000
15244 7.490000
15245 2.990000
15246 3.190000
15247 1.500000
15248 2.690000
15249 3.990000
15250 3.990000
15251 4.750000
15252 4.750000
15253 4.790000
15254 3.790000
15255 4.790000
15256 4.790000
15257 4.790000
15258 4.790000
15259 1.190000
15260 8.390000
15261 4.590000
15262 1.500000
15263 1.500000
15264 1.500000
15265 1.500000
15266 1.500000
15267 1.500000
15268 1.500000
15269 1.500000
15270 1.500000
15271 1.500000
15272 2.690000
15273 2.690000
15274 2.690000
15275 4.790000
15276 6.990000
15277 6.990000
15278 1.190000
15279 1.990000
15280 4.290000
15281 3.990000
15282 2.490000
15283 4.290000
15284 4.290000
15285 2.490000
15286 2.490000
15287 4.490000
15288 3.190000
15289 3.190000
15290 3.190000
15291 2.190000
15292 2.190000
15293 4.390000
15294 4.390000
15295 3.490000
15296 3.490000
15297 3.490000
15298 2.990000
15299 3.190000
15300 3.790000
15301 12.990000
15302 19.990000
15303 12.990000
15304 6.990000
15305 6.390000
15306 6.390000
15307 11.890000
15308 3.490000
15309 1.490000
15310 3.390000
15311 1.990000
15312 1.990000
15313 3.390000
15314 2.090000
15315 2.090000
15316 1.790000
15317 5.390000
15318 2.390000
15319 3.190000
15320 1.790000
15321 1.690000
15322 1.690000
15323 1.690000
15324 1.690000
15325 1.690000
15326 1.690000
15327 1.890000
15328 2.490000
15329 2.490000
15330 2.490000
15331 7.890000
15332 7.890000
15333 1.500000
15334 1.500000
15335 1.500000
15336 1.500000
15337 1.500000
15338 2.390000
15339 2.390000
15340 4.990000
15341 1.790000
15342 2.390000
15343 2.290000
15344 2.290000
15345 2.090000
15346 1.590000
15347 4.990000
15348 1.190000
15349 1.790000
15350 1.790000
15351 1.790000
15352 1.790000
15353 3.290000
15354 8.390000
15355 3.190000
15356 3.790000
15357 2.990000
15358 7.990000
15359 7.990000
15360 6.290000
15361 6.290000
15362 6.290000
15363 4.290000
15364 1.990000
15365 1.990000
15366 2.990000
15367 2.990000
15368 2.990000
15369 2.990000
15370 1.990000
15371 1.990000
15372 1.990000
15373 1.990000
15374 1.990000
15375 2.990000
15376 2.990000
15377 2.990000
15378 4.290000
15379 4.290000
15380 2.690000
15381 2.690000
15382 4.990000
15383 2.690000
15384 4.990000
15385 1.790000
15386 2.690000
15387 1.790000
15388 2.690000
15389 2.690000
15390 4.290000
15391 4.490000
15392 3.790000
15393 3.190000
15394 3.690000
15395 3.990000
15396 10.390000
15397 8.490000
15398 7.490000
15399 13.790000
15400 3.190000
15401 8.490000
15402 10.390000
15403 8.490000
15404 10.390000
15405 13.790000
15406 8.690000
15407 4.490000
15408 4.490000
15409 8.690000
15410 13.790000
15411 8.490000
15412 6.900000
15413 1.990000
15414 2.590000
15415 2.590000
15416 4.690000
15417 4.590000
15418 4.590000
15419 4.590000
15420 6.590000
15421 3.190000
15422 6.290000
15423 7.990000
15424 4.690000
15425 3.190000
15426 7.990000
15427 6.590000
15428 6.590000
15429 5.190000
15430 5.190000
15431 10.790000
15432 7.990000
15433 15.990000
15434 11.890000
15435 15.990000
15436 11.890000
15437 7.990000
15438 7.990000
15439 8.290000
15440 8.290000
15441 8.290000
15442 7.990000
15443 4.750000
15444 2.890000
15445 7.990000
15446 2.890000
15447 6.590000
15448 1.390000
15449 1.390000
15450 3.490000
15451 1.690000
15452 3.190000
15453 2.990000
15454 2.990000
15455 2.990000
15456 2.990000
15457 1.790000
15458 1.790000
15459 6.990000
15460 7.990000
15461 3.590000
15462 3.590000
15463 2.450000
15464 2.190000
15465 3.190000
15466 2.490000
15467 2.290000
15468 2.290000
15469 2.290000
15470 2.290000
15471 1.790000
15472 3.390000
15473 3.390000
15474 2.290000
15475 2.290000
15476 1.790000
15477 2.590000
15478 2.990000
15479 4.990000
15480 0.990000
15481 1.790000
15482 3.390000
15483 3.390000
15484 1.790000
15485 1.790000
15486 2.890000
15487 4.290000
15488 4.290000
15489 4.290000
15490 2.250000
15491 2.250000
15492 2.250000
15493 2.250000
15494 2.250000
15495 2.250000
15496 2.290000
15497 2.290000
15498 2.250000
15499 2.290000
15500 2.290000
15501 2.250000
15502 2.250000
15503 2.250000
15504 1.790000
15505 0.490000
15506 1.990000
15507 1.990000
15508 2.190000
15509 10.090000
15510 1.190000
15511 1.790000
15512 1.990000
15513 3.990000
15514 1.190000
15515 2.190000
15516 2.490000
15517 1.190000
15518 2.490000
15519 4.390000
15520 1.690000
15521 1.190000
15522 2.990000
15523 3.190000
15524 1.190000
15525 2.990000
15526 2.690000
15527 2.990000
15528 1.590000
15529 2.990000
15530 2.990000
15531 4.590000
15532 6.990000
15533 1.390000
15534 2.090000
15535 2.990000
15536 2.090000
15537 2.990000
15538 2.490000
15539 1.990000
15540 1.190000
15541 3.490000
15542 2.190000
15543 2.390000
15544 1.190000
15545 2.890000
15546 1.590000
15547 1.690000
15548 1.690000
15549 1.190000
15550 1.590000
15551 3.490000
15552 2.190000
15553 1.990000
15554 4.690000
15555 5.990000
15556 2.490000
15557 6.990000
15558 1.190000
15559 1.790000
15560 2.490000
15561 3.090000
15562 2.190000
15563 2.990000
15564 1.190000
15565 2.990000
15566 6.990000
15567 1.690000
15568 2.990000
15569 3.190000
15570 6.990000
15571 1.990000
15572 1.190000
15573 6.990000
15574 1.190000
15575 1.990000
15576 2.990000
15577 8.490000
15578 4.490000
15579 6.990000
15580 2.990000
15581 3.890000
15582 1.390000
15583 2.490000
15584 2.990000
15585 11.990000
15586 3.990000
15587 2.190000
15588 1.690000
15589 3.490000
15590 1.190000
15591 1.990000
15592 3.990000
15593 2.090000
15594 2.490000
15595 6.990000
15596 1.390000
15597 6.990000
15598 2.990000
15599 4.490000
15600 1.990000
15601 2.490000
15602 8.790000
15603 2.950000
15604 2.950000
15605 2.500000
15606 1.990000
15607 1.990000
15608 3.500000
15609 1.990000
15610 2.890000
15611 2.890000
15612 4.790000
15613 2.890000
15614 7.990000
15615 17.190001
15616 5.190000
15617 5.190000
15618 6.490000
15619 2.990000
15620 2.190000
15621 2.190000
15622 0.990000
15623 0.990000
15624 0.990000
15625 0.990000
15626 0.990000
15627 0.990000
15628 2.790000
15629 2.890000
15630 2.790000
15631 0.990000
15632 2.090000
15633 0.590000
15634 1.390000
15635 2.190000
15636 2.490000
15637 2.990000
15638 1.190000
15639 1.190000
15640 1.190000
15641 1.190000
15642 1.190000
15643 1.190000
15644 4.990000
15645 3.000000
15646 4.490000
15647 5.490000
15648 4.790000
15649 4.490000
15650 3.990000
15651 3.990000
15652 2.890000
15653 3.090000
15654 3.390000
15655 3.390000
15656 3.390000
15657 2.990000
15658 2.690000
15659 3.390000
15660 3.990000
15661 2.990000
15662 2.990000
15663 3.190000
15664 4.590000
15665 3.990000
15666 2.990000
15667 2.990000
15668 3.690000
15669 3.990000
15670 3.690000
15671 4.290000
15672 3.390000
15673 3.690000
15674 4.290000
15675 3.590000
15676 3.690000
15677 3.990000
15678 4.590000
15679 3.890000
15680 5.090000
15681 3.190000
15682 3.690000
15683 4.090000
15684 4.190000
15685 3.190000
15686 3.790000
15687 3.690000
15688 4.090000
15689 4.990000
15690 3.790000
15691 3.390000
15692 4.790000
15693 3.690000
15694 3.890000
15695 2.990000
15696 3.890000
15697 3.990000
15698 3.990000
15699 3.590000
15700 2.390000
15701 4.090000
15702 3.990000
15703 3.490000
15704 3.490000
15705 3.490000
15706 2.890000
15707 3.990000
15708 3.990000
15709 3.490000
15710 3.490000
15711 3.390000
15712 4.190000
15713 2.790000
15714 4.990000
15715 2.790000
15716 2.350000
15717 2.990000
15718 2.350000
15719 2.350000
15720 2.350000
15721 2.990000
15722 2.350000
15723 2.990000
15724 2.350000
15725 2.350000
15726 2.990000
15727 2.350000
15728 2.350000
15729 2.350000
15730 2.990000
15731 2.350000
15732 2.990000
15733 2.350000
15734 2.990000
15735 2.350000
15736 2.990000
15737 2.350000
15738 1.490000
15739 2.290000
15740 3.490000
15741 3.490000
15742 3.490000
15743 3.590000
15744 3.590000
15745 3.590000
15746 3.590000
15747 3.590000
15748 3.590000
15749 2.490000
15750 3.190000
15751 2.490000
15752 3.190000
15753 2.490000
15754 2.490000
15755 2.490000
15756 2.490000
15757 2.590000
15758 2.590000
15759 2.490000
15760 3.190000
15761 2.490000
15762 2.490000
15763 2.990000
15764 3.490000
15765 1.990000
15766 1.990000
15767 3.890000
15768 2.890000
15769 2.890000
15770 2.890000
15771 2.790000
15772 2.350000
15773 2.350000
15774 2.350000
15775 3.590000
15776 2.350000
15777 3.490000
15778 3.190000
15779 2.990000
15780 3.890000
15781 3.890000
15782 2.790000
15783 3.190000
15784 2.990000
15785 4.990000
15786 2.350000
15787 0.500000
15788 1.990000
15789 1.990000
15790 2.990000
15791 3.790000
15792 3.690000
15793 2.500000
15794 2.500000
15795 2.990000
15796 3.790000
15797 3.690000
15798 3.690000
15799 3.690000
15800 2.790000
15801 3.390000
15802 0.950000
15803 1.590000
15804 4.890000
15805 5.290000
15806 4.590000
15807 4.590000
15808 3.390000
15809 3.490000
15810 3.490000
15811 3.490000
15812 3.490000
15813 3.490000
15814 3.490000
15815 1.250000
15816 4.490000
15817 5.790000
15818 4.190000
15819 4.490000
15820 4.890000
15821 3.990000
15822 3.990000
15823 3.990000
15824 6.990000
15825 6.990000
15826 4.190000
15827 3.590000
15828 2.190000
15829 4.290000
15830 3.990000
15831 5.490000
15832 5.490000
15833 2.500000
15834 2.500000
15835 2.500000
15836 2.500000
15837 2.500000
15838 2.500000
15839 2.500000
15840 2.500000
15841 2.500000
15842 2.500000
15843 2.190000
15844 24.990000
15845 2.290000
15846 2.290000
15847 2.490000
15848 3.990000
15849 2.290000
15850 0.690000
15851 0.990000
15852 0.690000
15853 0.990000
15854 0.790000
15855 7.290000
15856 4.190000
15857 4.190000
15858 4.190000
15859 4.190000
15860 4.190000
15861 4.190000
15862 4.190000
15863 4.190000
15864 4.190000
15865 4.190000
15866 4.190000
15867 4.190000
15868 4.190000
15869 4.190000
15870 4.190000
15871 4.190000
15872 3.390000
15873 3.390000
15874 3.390000
15875 4.190000
15876 4.190000
15877 3.390000
15878 3.390000
15879 0.790000
15880 1.590000
15881 2.750000
15882 1.190000
15883 0.790000
15884 1.590000
15885 1.590000
15886 0.790000
15887 0.790000
15888 1.590000
15889 0.790000
15890 2.690000
15891 2.690000
15892 2.750000
15893 2.750000
15894 2.750000
15895 2.750000
15896 2.750000
15897 2.750000
15898 1.250000
15899 2.750000
15900 3.690000
15901 3.690000
15902 3.690000
15903 3.690000
15904 1.390000
15905 0.890000
15906 2.990000
15907 1.690000
15908 1.690000
15909 2.990000
15910 3.990000
15911 1.090000
15912 1.690000
15913 0.790000
15914 0.790000
15915 2.790000
15916 2.790000
15917 2.790000
15918 2.790000
15919 2.790000
15920 5.790000
15921 3.090000
15922 3.090000
15923 3.090000
15924 7.590000
15925 2.390000
15926 2.390000
15927 3.690000
15928 3.690000
15929 3.690000
15930 3.690000
15931 5.590000
15932 3.190000
15933 2.590000
15934 1.990000
15935 1.690000
15936 1.690000
15937 1.290000
15938 1.690000
15939 3.950000
15940 7.990000
15941 2.790000
15942 3.990000
15943 5.990000
15944 6.990000
15945 1.090000
15946 5.090000
15947 2.390000
15948 3.190000
15949 5.690000
15950 2.390000
15951 0.690000
15952 0.690000
15953 0.690000
15954 0.690000
15955 0.990000
15956 1.690000
15957 0.990000
15958 1.690000
15959 0.990000
15960 1.690000
15961 2.790000
15962 4.590000
15963 0.990000
15964 1.690000
15965 0.790000
15966 1.150000
15967 0.790000
15968 0.790000
15969 0.790000
15970 0.790000
15971 1.150000
15972 2.490000
15973 2.490000
15974 0.790000
15975 0.690000
15976 0.690000
15977 0.790000
15978 1.090000
15979 1.090000
15980 0.990000
15981 1.690000
15982 0.990000
15983 1.690000
15984 0.990000
15985 1.690000
15986 0.990000
15987 1.690000
15988 1.290000
15989 1.990000
15990 2.790000
15991 2.790000
15992 2.490000
15993 1.990000
15994 2.490000
15995 4.490000
15996 11.590000
15997 1.690000
15998 1.990000
15999 1.690000
16000 4.190000
16001 3.990000
16002 3.990000
16003 1.690000
16004 4.990000
16005 1.990000
16006 3.990000
16007 6.790000
16008 2.690000
16009 7.490000
16010 7.490000
16011 2.490000
16012 7.990000
16013 4.390000
16014 7.990000
16015 4.390000
16016 9.290000
16017 5.590000
16018 9.290000
16019 5.590000
16020 7.990000
16021 4.390000
16022 4.290000
16023 7.490000
16024 6.790000
16025 6.790000
16026 6.790000
16027 2.490000
16028 10.490000
16029 6.290000
16030 2.290000
16031 7.490000
16032 6.290000
16033 4.190000
16034 7.490000
16035 13.390000
16036 4.790000
16037 6.790000
16038 6.990000
16039 6.990000
16040 1.690000
16041 4.190000
16042 10.290000
16043 3.990000
16044 3.990000
16045 3.990000
16046 4.190000
16047 2.790000
16048 2.790000
16049 2.790000
16050 1.330000
16051 1.190000
16052 1.190000
16053 1.330000
16054 0.290000
16055 1.190000
16056 1.190000
16057 2.390000
16058 2.790000
16059 3.790000
16060 2.790000
16061 2.890000
16062 3.490000
16063 2.490000
16064 2.390000
16065 4.090000
16066 2.790000
16067 2.490000
16068 2.290000
16069 2.390000
16070 3.390000
16071 3.490000
16072 3.490000
16073 3.490000
16074 4.990000
16075 3.490000
16076 3.290000
16077 4.290000
16078 2.590000
16079 3.590000
16080 2.390000
16081 2.390000
16082 2.390000
16083 6.190000
16084 2.490000
16085 2.790000
16086 2.690000
16087 2.390000
16088 6.790000
16089 1.690000
16090 2.990000
16091 3.090000
16092 3.290000
16093 3.990000
16094 3.690000
16095 3.890000
16096 4.190000
16097 3.490000
16098 4.090000
16099 2.990000
16100 2.990000
16101 2.990000
16102 2.990000
16103 2.990000
16104 2.290000
16105 3.490000
16106 3.490000
16107 2.090000
16108 4.090000
16109 4.090000
16110 4.090000
16111 4.090000
16112 2.690000
16113 6.690000
16114 4.590000
16115 3.990000
16116 4.290000
16117 3.990000
16118 0.500000
16119 0.500000
16120 0.500000
16121 0.590000
16122 0.500000
16123 0.500000
16124 0.500000
16125 0.250000
16126 0.250000
16127 0.890000
16128 0.500000
16129 0.500000
16130 0.250000
16131 0.500000
16132 0.500000
16133 0.500000
16134 1.990000
16135 0.990000
16136 0.250000
16137 0.500000
16138 0.250000
16139 0.250000
16140 0.500000
16141 1.490000
16142 0.990000
16143 0.500000
16144 0.250000
16145 0.500000
16146 0.890000
16147 1.500000
16148 2.490000
16149 1.500000
16150 0.990000
16151 0.890000
16152 0.890000
16153 0.500000
16154 0.890000
16155 0.890000
16156 0.890000
16157 0.890000
16158 0.500000
16159 0.890000
16160 0.500000
16161 1.990000
16162 0.990000
16163 1.500000
16164 0.500000
16165 1.990000
16166 1.990000
16167 1.490000
16168 1.290000
16169 2.990000
16170 2.890000
16171 1.490000
16172 1.490000
16173 1.490000
16174 1.990000
16175 1.990000
16176 1.490000
16177 1.390000
16178 1.390000
16179 2.990000
16180 2.990000
16181 2.990000
16182 2.990000
16183 2.990000
16184 2.990000
16185 9.990000
16186 5.990000
16187 2.890000
16188 2.890000
16189 2.290000
16190 2.990000
16191 2.990000
16192 2.990000
16193 2.990000
16194 2.990000
16195 1.130000
16196 2.990000
16197 1.500000
16198 2.990000
16199 1.890000
16200 2.590000
16201 2.590000
16202 2.590000
16203 3.590000
16204 3.590000
16205 3.590000
16206 3.290000
16207 4.390000
16208 4.390000
16209 2.190000
16210 2.990000
16211 2.990000
16212 2.990000
16213 2.990000
16214 2.990000
16215 2.990000
16216 2.990000
16217 2.990000
16218 2.990000
16219 1.550000
16220 1.550000
16221 1.550000
16222 1.550000
16223 1.550000
16224 1.790000
16225 2.990000
16226 2.990000
16227 2.990000
16228 2.990000
16229 2.990000
16230 1.000000
16231 3.990000
16232 2.490000
16233 5.990000
16234 1.890000
16235 2.690000
16236 2.990000
16237 2.990000
16238 2.990000
16239 1.890000
16240 2.290000
16241 2.090000
16242 0.740000
16243 2.990000
16244 6.990000
16245 1.890000
16246 2.190000
16247 2.990000
16248 2.990000
16249 3.990000
16250 1.500000
16251 1.790000
16252 2.990000
16253 2.990000
16254 2.990000
16255 2.990000
16256 2.990000
16257 8.990000
16258 3.290000
16259 3.290000
16260 3.990000
16261 3.890000
16262 3.990000
16263 1.890000
16264 1.890000
16265 2.890000
16266 2.890000
16267 2.890000
16268 2.990000
16269 2.990000
16270 1.790000
16271 2.990000
16272 2.990000
16273 2.990000
16274 2.990000
16275 2.990000
16276 5.990000
16277 3.990000
16278 2.990000
16279 2.990000
16280 2.990000
16281 3.390000
16282 3.390000
16283 1.990000
16284 7.490000
16285 1.990000
16286 7.490000
16287 1.890000
16288 1.890000
16289 1.890000
16290 1.890000
16291 4.590000
16292 1.790000
16293 1.790000
16294 1.790000
16295 1.790000
16296 1.790000
16297 1.790000
16298 1.790000
16299 1.790000
16300 1.790000
16301 4.990000
16302 1.790000
16303 4.990000
16304 1.890000
16305 1.890000
16306 1.190000
16307 3.790000
16308 2.890000
16309 2.890000
16310 2.990000
16311 2.990000
16312 2.890000
16313 2.890000
16314 3.190000
16315 2.890000
16316 2.990000
16317 2.890000
16318 2.890000
16319 2.990000
16320 2.590000
16321 4.690000
16322 2.890000
16323 2.990000
16324 3.890000
16325 2.590000
16326 4.190000
16327 2.890000
16328 2.590000
16329 1.250000
16330 1.450000
16331 1.190000
16332 1.590000
16333 1.590000
16334 1.290000
16335 1.590000
16336 1.590000
16337 1.590000
16338 1.590000
16339 3.190000
16340 1.590000
16341 2.890000
16342 2.890000
16343 2.890000
16344 2.890000
16345 1.590000
16346 2.890000
16347 2.890000
16348 3.090000
16349 2.890000
16350 1.590000
16351 2.890000
16352 2.890000
16353 2.890000
16354 2.890000
16355 2.890000
16356 3.990000
16357 1.590000
16358 3.490000
16359 2.690000
16360 6.990000
16361 2.690000
16362 2.690000
16363 1.390000
16364 3.990000
16365 3.990000
16366 2.890000
16367 1.290000
16368 1.190000
16369 1.190000
16370 1.190000
16371 1.190000
16372 2.890000
16373 2.890000
16374 2.890000
16375 2.890000
16376 1.590000
16377 1.590000
16378 2.990000
16379 2.990000
16380 2.990000
16381 2.990000
16382 2.990000
16383 1.490000
16384 1.490000
16385 1.490000
16386 1.490000
16387 1.490000
16388 1.490000
16389 1.490000
16390 1.490000
16391 1.490000
16392 1.490000
16393 1.490000
16394 1.490000
16395 1.490000
16396 1.490000
16397 1.490000
16398 1.490000
16399 1.490000
16400 1.490000
16401 1.490000
16402 1.490000
16403 1.490000
16404 1.490000
16405 1.490000
16406 1.490000
16407 1.490000
16408 1.490000
16409 1.490000
16410 7.490000
16411 4.000000
16412 2.890000
16413 2.890000
16414 2.890000
16415 2.690000
16416 2.690000
16417 2.690000
16418 2.690000
16419 3.190000
16420 3.990000
16421 3.690000
16422 9.990000
16423 9.990000
16424 9.990000
16425 7.490000
16426 7.490000
16427 9.990000
16428 1.990000
16429 9.990000
16430 6.590000
16431 11.990000
16432 11.990000
16433 1.990000
16434 7.890000
16435 9.990000
16436 4.490000
16437 9.990000
16438 4.890000
16439 9.290000
16440 10.290000
16441 9.990000
16442 6.890000
16443 6.890000
16444 9.990000
16445 1.500000
16446 1.770000
16447 5.790000
16448 1.990000
16449 6.590000
16450 5.990000
16451 0.340000
16452 0.500000
16453 0.990000
16454 2.990000
16455 2.990000
16456 2.990000
16457 2.990000
16458 2.990000
16459 2.990000
16460 19.590000
16461 11.590000
16462 3.590000
16463 3.290000
16464 3.590000
16465 1.990000
16466 2.390000
16467 19.590000
16468 19.590000
16469 7.990000
16470 1.990000
16471 2.190000
16472 13.090000
16473 1.890000
16474 1.490000
16475 3.290000
16476 1.690000
16477 2.490000
16478 1.990000
16479 3.490000
16480 3.990000
16481 2.490000
16482 2.290000
16483 2.490000
16484 2.690000
16485 2.690000
16486 0.990000
16487 0.990000
16488 0.990000
16489 1.790000
16490 1.990000
16491 2.890000
16492 2.690000
16493 3.690000
16494 3.690000
16495 3.690000
16496 3.690000
16497 2.690000
16498 2.490000
16499 2.490000
16500 2.490000
16501 2.490000
16502 3.090000
16503 3.490000
16504 3.490000
16505 2.890000
16506 2.890000
16507 2.590000
16508 2.590000
16509 2.590000
16510 2.590000
16511 2.590000
16512 2.290000
16513 2.290000
16514 2.290000
16515 2.290000
16516 2.590000
16517 2.290000
16518 2.590000
16519 2.590000
16520 2.590000
16521 2.590000
16522 3.590000
16523 3.590000
16524 3.590000
16525 1.290000
16526 1.290000
16527 1.290000
16528 1.390000
16529 2.290000
16530 1.290000
16531 1.290000
16532 1.290000
16533 1.290000
16534 1.290000
16535 2.590000
16536 1.090000
16537 0.990000
16538 0.990000
16539 0.950000
16540 1.390000
16541 1.090000
16542 1.290000
16543 1.390000
16544 0.990000
16545 0.990000
16546 0.990000
16547 0.990000
16548 0.990000
16549 0.590000
16550 0.590000
16551 0.590000
16552 0.590000
16553 0.590000
16554 4.490000
16555 4.490000
16556 4.490000
16557 4.490000
16558 4.490000
16559 4.490000
16560 1.990000
16561 1.990000
16562 1.990000
16563 2.490000
16564 2.590000
16565 2.590000
16566 1.490000
16567 1.290000
16568 1.390000
16569 2.490000
16570 2.490000
16571 1.390000
16572 1.690000
16573 1.890000
16574 2.190000
16575 2.590000
16576 2.590000
16577 2.590000
16578 4.190000
16579 1.690000
16580 1.890000
16581 4.990000
16582 4.990000
16583 2.990000
16584 2.990000
16585 3.990000
16586 3.990000
16587 2.990000
16588 2.990000
16589 3.490000
16590 6.090000
16591 6.090000
16592 3.490000
16593 3.990000
16594 6.790000
16595 3.990000
16596 5.990000
16597 4.390000
16598 4.390000
16599 8.190000
16600 3.990000
16601 2.990000
16602 2.990000
16603 4.390000
16604 4.990000
16605 5.590000
16606 7.790000
16607 3.590000
16608 4.690000
16609 4.690000
16610 4.690000
16611 2.990000
16612 8.990000
16613 6.790000
16614 4.390000
16615 6.790000
16616 5.690000
16617 6.990000
16618 15.990000
16619 6.990000
16620 6.990000
16621 15.990000
16622 3.990000
16623 3.990000
16624 3.990000
16625 4.390000
16626 2.190000
16627 4.590000
16628 4.590000
16629 4.690000
16630 3.990000
16631 4.190000
16632 4.190000
16633 3.100000
16634 4.990000
16635 5.590000
16636 11.690000
16637 5.690000
16638 11.990000
16639 1.890000
16640 0.790000
16641 0.790000
16642 0.790000
16643 2.590000
16644 2.590000
16645 3.490000
16646 4.590000
16647 2.290000
16648 1.590000
16649 1.590000
16650 1.590000
16651 2.090000
16652 0.890000
16653 0.890000
16654 2.990000
16655 2.990000
16656 1.890000
16657 2.590000
16658 2.590000
16659 0.990000
16660 2.190000
16661 2.190000
16662 2.290000
16663 2.190000
16664 0.990000
16665 2.190000
16666 5.990000
16667 5.990000
16668 5.990000
16669 5.990000
16670 3.000000
16671 5.990000
16672 1.390000
16673 1.990000
16674 1.790000
16675 2.390000
16676 1.990000
16677 1.990000
16678 2.390000
16679 1.990000
16680 2.390000
16681 2.390000
16682 2.390000
16683 1.150000
16684 2.090000
16685 1.250000
16686 2.090000
16687 2.090000
16688 2.090000
16689 3.590000
16690 3.390000
16691 1.650000
16692 2.390000
16693 2.390000
16694 2.390000
16695 2.390000
16696 1.990000
16697 2.390000
16698 2.390000
16699 2.390000
16700 2.390000
16701 2.390000
16702 1.990000
16703 2.390000
16704 2.390000
16705 9.990000
16706 9.990000
16707 0.590000
16708 0.550000
16709 0.550000
16710 0.550000
16711 0.950000
16712 2.490000
16713 2.490000
16714 1.090000
16715 0.390000
16716 8.990000
16717 3.290000
16718 2.690000
16719 2.690000
16720 2.790000
16721 3.390000
16722 4.790000
16723 0.990000
16724 1.590000
16725 2.690000
16726 12.990000
16727 2.090000
16728 0.990000
16729 0.990000
16730 0.990000
16731 0.350000
16732 1.890000
16733 4.290000
16734 8.290000
16735 5.290000
16736 5.990000
16737 2.690000
16738 2.990000
16739 2.190000
16740 17.790001
16741 7.890000
16742 11.690000
16743 2.690000
16744 2.690000
16745 2.690000
16746 3.490000
16747 4.490000
16748 2.690000
16749 5.690000
16750 4.790000
16751 5.190000
16752 10.690000
16753 7.090000
16754 7.490000
16755 9.090000
16756 1.590000
16757 0.990000
16758 2.190000
16759 1.090000
16760 5.790000
16761 6.890000
16762 3.990000
16763 3.990000
16764 3.990000
16765 2.490000
16766 2.990000
16767 4.390000
16768 2.990000
16769 4.190000
16770 11.990000
16771 2.090000
16772 2.990000
16773 2.990000
16774 1.890000
16775 0.990000
16776 5.590000
16777 15.590000
16778 2.690000
16779 3.490000
16780 3.390000
16781 3.390000
16782 2.990000
16783 6.490000
16784 3.790000
16785 3.790000
16786 3.790000
16787 2.690000
16788 2.690000
16789 3.690000
16790 1.890000
16791 2.690000
16792 2.790000
16793 2.790000
16794 2.490000
16795 1.290000
16796 2.490000
16797 2.090000
16798 2.390000
16799 2.290000
16800 2.590000
16801 2.490000
16802 2.990000
16803 2.490000
16804 2.990000
16805 2.490000
16806 2.290000
16807 2.990000
16808 2.990000
16809 2.990000
16810 2.990000
16811 2.490000
16812 2.490000
16813 2.590000
16814 2.390000
16815 2.790000
16816 2.790000
16817 2.790000
16818 2.390000
16819 2.390000
16820 2.790000
16821 2.790000
16822 2.790000
16823 2.790000
16824 2.790000
16825 2.790000
16826 2.590000
16827 2.590000
16828 1.150000
16829 1.690000
16830 2.990000
16831 2.990000
16832 2.490000
16833 2.490000
16834 2.890000
16835 2.890000
16836 2.290000
16837 2.290000
16838 2.290000
16839 2.290000
16840 3.990000
16841 1.490000
16842 0.890000
16843 2.890000
16844 1.990000
16845 1.500000
16846 1.500000
16847 1.500000
16848 3.490000
16849 0.550000
16850 1.090000
16851 1.090000
16852 1.090000
16853 1.090000
16854 1.090000
16855 1.090000
16856 1.090000
16857 1.090000
16858 1.090000
16859 1.090000
16860 1.090000
16861 1.090000
16862 1.090000
16863 1.090000
16864 1.090000
16865 1.090000
16866 0.490000
16867 0.490000
16868 0.490000
16869 1.390000
16870 1.390000
16871 1.390000
16872 1.390000
16873 1.390000
16874 1.390000
16875 2.390000
16876 1.790000
16877 1.790000
16878 1.990000
16879 1.090000
16880 1.390000
16881 1.390000
16882 1.590000
16883 1.390000
16884 1.190000
16885 1.390000
16886 1.390000
16887 1.390000
16888 1.390000
16889 1.590000
16890 1.390000
16891 1.390000
16892 1.390000
16893 1.290000
16894 1.490000
16895 1.290000
16896 1.590000
16897 1.390000
16898 1.390000
16899 1.190000
16900 1.990000
16901 1.390000
16902 1.390000
16903 1.490000
16904 1.390000
16905 1.290000
16906 1.290000
16907 1.390000
16908 1.590000
16909 1.390000
16910 1.190000
16911 1.490000
16912 1.590000
16913 1.590000
16914 1.590000
16915 1.390000
16916 1.490000
16917 1.590000
16918 2.290000
16919 2.290000
16920 2.290000
16921 1.890000
16922 2.290000
16923 1.190000
16924 1.390000
16925 1.390000
16926 1.390000
16927 1.790000
16928 1.390000
16929 2.990000
16930 1.790000
16931 2.990000
16932 2.990000
16933 2.190000
16934 2.290000
16935 1.690000
16936 1.690000
16937 1.690000
16938 1.690000
16939 1.990000
16940 1.990000
16941 1.990000
16942 1.990000
16943 1.990000
16944 4.990000
16945 4.990000
16946 2.990000
16947 2.990000
16948 2.990000
16949 1.690000
16950 2.990000
16951 2.990000
16952 1.690000
16953 1.690000
16954 2.190000
16955 2.190000
16956 1.990000
16957 2.690000
16958 2.890000
16959 3.990000
16960 3.990000
16961 2.990000
16962 2.990000
16963 2.990000
16964 3.990000
16965 2.290000
16966 0.890000
16967 1.090000
16968 1.190000
16969 1.290000
16970 0.650000
16971 1.490000
16972 0.500000
16973 6.490000
16974 5.990000
16975 3.190000
16976 1.700000
16977 2.950000
16978 1.580000
16979 2.850000
16980 2.890000
16981 1.530000
16982 2.690000
16983 1.450000
16984 1.790000
16985 2.690000
16986 1.450000
16987 2.090000
16988 1.550000
16989 0.890000
16990 2.990000
16991 0.500000
16992 2.500000
16993 0.890000
16994 0.990000
16995 0.890000
16996 2.190000
16997 1.690000
16998 0.990000
16999 1.490000
17000 3.990000
17001 7.990000
17002 0.990000
17003 2.990000
17004 2.490000
17005 0.990000
17006 1.390000
17007 2.990000
17008 0.990000
17009 0.990000
17010 0.990000
17011 1.790000
17012 1.790000
17013 1.790000
17014 0.990000
17015 1.790000
17016 0.990000
17017 0.990000
17018 1.890000
17019 1.890000
17020 1.890000
17021 0.990000
17022 1.880000
17023 1.880000
17024 1.880000
17025 1.880000
17026 1.880000
17027 1.790000
17028 1.790000
17029 1.790000
17030 1.790000
17031 1.990000
17032 1.690000
17033 1.690000
17034 1.690000
17035 1.690000
17036 1.690000
17037 1.990000
17038 3.490000
17039 1.090000
17040 1.090000
17041 1.990000
17042 2.150000
17043 3.590000
17044 3.590000
17045 2.490000
17046 2.150000
17047 2.150000
17048 3.590000
17049 2.890000
17050 2.150000
17051 3.590000
17052 6.890000
17053 7.490000
17054 8.990000
17055 9.390000
17056 2.790000
17057 3.090000
17058 3.090000
17059 1.890000
17060 12.690000
17061 4.290000
17062 4.290000
17063 1.090000
17064 1.090000
17065 1.090000
17066 1.090000
17067 0.590000
17068 1.990000
17069 2.290000
17070 2.990000
17071 2.990000
17072 2.990000
17073 2.990000
17074 1.790000
17075 1.990000
17076 0.790000
17077 0.790000
17078 0.790000
17079 1.790000
17080 1.790000
17081 1.290000
17082 2.490000
17083 2.990000
17084 2.790000
17085 1.690000
17086 1.690000
17087 1.790000
17088 5.290000
17089 4.990000
17090 2.290000
17091 2.690000
17092 1.690000
17093 2.290000
17094 4.990000
17095 2.390000
17096 8.290000
17097 12.990000
17098 10.990000
17099 1.590000
17100 2.190000
17101 2.190000
17102 8.290000
17103 3.990000
17104 2.190000
17105 11.990000
17106 8.490000
17107 2.190000
17108 1.790000
17109 7.990000
17110 7.990000
17111 1.790000
17112 1.790000
17113 4.190000
17114 1.990000
17115 1.790000
17116 12.990000
17117 3.990000
17118 3.990000
17119 6.990000
17120 10.290000
17121 4.290000
17122 4.290000
17123 6.990000
17124 6.990000
17125 10.990000
17126 4.390000
17127 7.990000
17128 4.390000
17129 7.990000
17130 4.390000
17131 7.990000
17132 5.290000
17133 9.490000
17134 9.490000
17135 5.290000
17136 7.990000
17137 7.990000
17138 9.990000
17139 9.990000
17140 5.990000
17141 5.990000
17142 2.250000
17143 2.090000
17144 2.190000
17145 2.190000
17146 2.190000
17147 2.190000
17148 2.190000
17149 2.190000
17150 2.190000
17151 2.190000
17152 2.190000
17153 2.990000
17154 2.990000
17155 2.990000
17156 2.990000
17157 2.990000
17158 3.190000
17159 2.490000
17160 0.500000
17161 0.500000
17162 1.990000
17163 0.790000
17164 0.990000
17165 2.490000
17166 2.490000
17167 1.990000
17168 1.990000
17169 0.500000
17170 1.990000
17171 1.990000
17172 2.990000
17173 3.990000
17174 2.090000
17175 3.990000
17176 2.090000
17177 4.990000
17178 0.890000
17179 5.390000
17180 3.490000
17181 5.390000
17182 5.390000
17183 3.390000
17184 3.890000
17185 5.390000
17186 3.590000
17187 5.390000
17188 1.790000
17189 4.990000
17190 2.190000
17191 2.190000
17192 1.090000
17193 2.190000
17194 2.190000
17195 1.090000
17196 2.190000
17197 2.190000
17198 1.990000
17199 2.190000
17200 3.490000
17201 2.190000
17202 2.190000
17203 2.890000
17204 1.090000
17205 1.890000
17206 1.890000
17207 2.490000
17208 2.290000
17209 5.990000
17210 5.190000
17211 2.290000
17212 2.290000
17213 3.190000
17214 2.290000
17215 3.290000
17216 3.490000
17217 3.790000
17218 0.690000
17219 1.890000
17220 1.790000
17221 0.790000
17222 0.790000
17223 1.090000
17224 1.850000
17225 2.990000
17226 2.990000
17227 2.990000
17228 2.990000
17229 2.990000
17230 0.590000
17231 0.690000
17232 1.090000
17233 2.490000
17234 1.090000
17235 3.390000
17236 2.290000
17237 2.190000
17238 2.190000
17239 2.890000
17240 2.890000
17241 2.890000
17242 2.890000
17243 2.890000
17244 2.890000
17245 2.890000
17246 2.890000
17247 4.690000
17248 4.690000
17249 4.690000
17250 4.690000
17251 4.690000
17252 2.890000
17253 2.390000
17254 2.390000
17255 2.390000
17256 1.890000
17257 1.490000
17258 2.390000
17259 2.390000
17260 1.890000
17261 1.890000
17262 1.890000
17263 2.090000
17264 2.290000
17265 0.590000
17266 0.590000
17267 0.590000
17268 1.490000
17269 1.590000
17270 1.890000
17271 0.790000
17272 0.890000
17273 1.790000
17274 0.790000
17275 0.790000
17276 0.990000
17277 2.290000
17278 2.290000
17279 0.790000
17280 1.990000
17281 0.890000
17282 1.890000
17283 1.990000
17284 1.990000
17285 2.390000
17286 1.790000
17287 2.490000
17288 2.290000
17289 0.990000
17290 1.090000
17291 1.990000
17292 3.490000
17293 3.490000
17294 3.490000
17295 5.190000
17296 8.190000
17297 3.990000
17298 3.990000
17299 3.990000
17300 3.990000
17301 1.790000
17302 1.690000
17303 1.390000
17304 1.390000
17305 1.990000
17306 1.990000
17307 4.390000
17308 4.890000
17309 2.290000
17310 1.190000
17311 7.990000
17312 4.990000
17313 3.990000
17314 4.990000
17315 4.290000
17316 3.490000
17317 1.990000
17318 1.890000
17319 2.890000
17320 1.290000
17321 4.990000
17322 0.990000
17323 2.990000
17324 1.590000
17325 2.390000
17326 1.590000
17327 3.890000
17328 2.790000
17329 3.590000
17330 1.990000
17331 2.990000
17332 2.990000
17333 2.990000
17334 2.990000
17335 3.390000
17336 3.390000
17337 3.390000
17338 2.990000
17339 1.990000
17340 0.990000
17341 1.890000
17342 3.990000
17343 2.590000
17344 2.990000
17345 3.490000
17346 3.990000
17347 3.990000
17348 3.490000
17349 3.190000
17350 4.990000
17351 3.990000
17352 2.290000
17353 2.290000
17354 1.790000
17355 1.290000
17356 1.290000
17357 1.290000
17358 1.990000
17359 1.890000
17360 1.890000
17361 4.290000
17362 4.290000
17363 3.490000
17364 3.490000
17365 4.990000
17366 4.990000
17367 4.990000
17368 2.990000
17369 2.990000
17370 2.490000
17371 1.990000
17372 2.490000
17373 2.490000
17374 2.490000
17375 2.490000
17376 2.490000
17377 2.190000
17378 4.490000
17379 2.490000
17380 2.490000
17381 2.990000
17382 4.990000
17383 2.490000
17384 1.290000
17385 1.290000
17386 1.290000
17387 0.750000
17388 2.490000
17389 2.490000
17390 2.490000
17391 3.490000
17392 3.990000
17393 1.490000
17394 1.490000
17395 1.390000
17396 1.490000
17397 1.190000
17398 1.190000
17399 1.190000
17400 1.290000
17401 1.290000
17402 1.290000
17403 1.190000
17404 1.190000
17405 1.190000
17406 1.190000
17407 3.990000
17408 1.290000
17409 1.290000
17410 2.190000
17411 2.490000
17412 0.750000
17413 1.290000
17414 1.390000
17415 1.490000
17416 2.490000
17417 1.490000
17418 1.490000
17419 2.490000
17420 2.490000
17421 2.190000
17422 2.190000
17423 1.690000
17424 1.690000
17425 1.690000
17426 2.490000
17427 2.490000
17428 1.190000
17429 1.190000
17430 2.490000
17431 2.190000
17432 2.490000
17433 2.490000
17434 1.490000
17435 1.490000
17436 1.490000
17437 1.490000
17438 1.490000
17439 3.190000
17440 4.190000
17441 3.190000
17442 4.390000
17443 5.490000
17444 2.990000
17445 3.990000
17446 2.890000
17447 2.890000
17448 1.490000
17449 2.890000
17450 0.990000
17451 1.590000
17452 1.190000
17453 1.690000
17454 1.390000
17455 1.290000
17456 1.490000
17457 3.750000
17458 3.190000
17459 1.790000
17460 0.990000
17461 2.790000
17462 2.490000
17463 2.490000
17464 2.790000
17465 1.590000
17466 0.980000
17467 1.290000
17468 1.290000
17469 0.980000
17470 1.490000
17471 0.980000
17472 1.490000
17473 0.980000
17474 0.980000
17475 0.980000
17476 1.490000
17477 0.980000
17478 0.980000
17479 0.980000
17480 0.980000
17481 0.980000
17482 0.980000
17483 0.980000
17484 0.980000
17485 0.980000
17486 0.980000
17487 0.980000
17488 0.980000
17489 0.980000
17490 0.980000
17491 0.980000
17492 1.490000
17493 1.990000
17494 1.990000
17495 1.990000
17496 2.490000
17497 2.290000
17498 2.490000
17499 1.990000
17500 2.390000
17501 2.190000
17502 2.190000
17503 3.490000
17504 3.490000
17505 3.490000
17506 2.990000
17507 17.590000
17508 2.990000
17509 17.590000
17510 7.990000
17511 9.990000
17512 6.190000
17513 6.290000
17514 6.290000
17515 6.290000
17516 8.290000
17517 2.990000
17518 3.390000
17519 3.390000
17520 5.990000
17521 8.390000
17522 12.990000
17523 6.090000
17524 6.990000
17525 0.370000
17526 2.990000
17527 1.990000
17528 2.990000
17529 2.390000
17530 2.390000
17531 2.290000
17532 1.290000
17533 2.590000
17534 2.090000
17535 2.490000
17536 3.590000
17537 3.490000
17538 1.790000
17539 1.790000
17540 3.390000
17541 2.190000
17542 2.190000
17543 2.190000
17544 2.190000
17545 2.190000
17546 2.190000
17547 2.390000
17548 2.390000
17549 5.990000
17550 5.990000
17551 5.990000
17552 5.990000
17553 5.990000
17554 5.990000
17555 5.990000
17556 4.990000
17557 5.990000
17558 5.990000
17559 5.990000
17560 5.990000
17561 5.990000
17562 5.990000
17563 5.990000
17564 5.990000
17565 5.990000
17566 4.990000
17567 4.990000
17568 5.990000
17569 5.990000
17570 5.990000
17571 5.990000
17572 5.990000
17573 5.990000
17574 5.990000
17575 4.990000
17576 5.990000
17577 5.990000
17578 5.990000
17579 3.690000
17580 5.990000
17581 4.990000
17582 5.990000
17583 3.790000
17584 3.790000
17585 3.790000
17586 3.790000
17587 3.790000
17588 3.790000
17589 3.490000
17590 3.490000
17591 3.490000
17592 3.490000
17593 3.490000
17594 3.490000
17595 3.490000
17596 3.490000
17597 3.490000
17598 3.490000
17599 5.890000
17600 5.890000
17601 5.890000
17602 5.890000
17603 5.890000
17604 5.890000
17605 5.990000
17606 5.990000
17607 5.990000
17608 5.990000
17609 5.990000
17610 3.490000
17611 3.490000
17612 3.490000
17613 5.990000
17614 5.990000
17615 5.990000
17616 5.990000
17617 5.990000
17618 5.990000
17619 3.990000
17620 3.990000
17621 3.990000
17622 3.990000
17623 5.990000
17624 6.290000
17625 1.990000
17626 2.990000
17627 5.090000
17628 5.590000
17629 5.590000
17630 4.790000
17631 4.790000
17632 2.690000
17633 2.990000
17634 2.690000
17635 4.990000
17636 4.690000
17637 4.690000
17638 4.990000
17639 2.990000
17640 2.990000
17641 2.990000
17642 2.990000
17643 2.990000
17644 2.990000
17645 5.190000
17646 5.190000
17647 5.190000
17648 5.190000
17649 5.190000
17650 5.190000
17651 5.590000
17652 5.590000
17653 5.090000
17654 5.090000
17655 5.090000
17656 4.490000
17657 2.500000
17658 5.190000
17659 4.790000
17660 4.790000
17661 2.990000
17662 2.690000
17663 5.090000
17664 5.090000
17665 5.090000
17666 2.690000
17667 2.690000
17668 2.990000
17669 2.990000
17670 4.390000
17671 4.390000
17672 4.390000
17673 2.990000
17674 4.390000
17675 2.690000
17676 2.990000
17677 2.990000
17678 2.990000
17679 2.990000
17680 5.190000
17681 2.990000
17682 2.990000
17683 3.290000
17684 2.990000
17685 2.990000
17686 3.290000
17687 2.990000
17688 2.990000
17689 5.790000
17690 5.790000
17691 5.790000
17692 5.190000
17693 5.190000
17694 5.190000
17695 5.190000
17696 5.190000
17697 5.190000
17698 4.690000
17699 4.690000
17700 4.690000
17701 4.690000
17702 5.690000
17703 5.690000
17704 5.690000
17705 4.190000
17706 5.190000
17707 5.190000
17708 4.790000
17709 4.790000
17710 5.590000
17711 5.590000
17712 2.990000
17713 2.990000
17714 5.290000
17715 5.290000
17716 5.290000
17717 4.790000
17718 4.790000
17719 6.990000
17720 5.590000
17721 5.590000
17722 5.590000
17723 5.590000
17724 5.590000
17725 5.590000
17726 5.590000
17727 5.590000
17728 3.590000
17729 3.590000
17730 7.490000
17731 7.490000
17732 7.490000
17733 7.490000
17734 7.490000
17735 2.990000
17736 7.490000
17737 7.490000
17738 4.990000
17739 6.490000
17740 6.490000
17741 6.490000
17742 8.790000
17743 8.790000
17744 8.790000
17745 8.790000
17746 8.790000
17747 8.790000
17748 8.790000
17749 8.790000
17750 8.790000
17751 8.790000
17752 5.490000
17753 5.490000
17754 5.290000
17755 5.290000
17756 5.290000
17757 5.290000
17758 5.290000
17759 5.290000
17760 5.290000
17761 5.290000
17762 5.290000
17763 5.290000
17764 5.390000
17765 5.290000
17766 5.290000
17767 5.290000
17768 4.690000
17769 4.190000
17770 6.990000
17771 6.990000
17772 6.990000
17773 6.990000
17774 6.990000
17775 6.990000
17776 6.990000
17777 6.990000
17778 6.990000
17779 6.990000
17780 6.990000
17781 6.990000
17782 6.990000
17783 6.990000
17784 6.990000
17785 6.990000
17786 6.990000
17787 6.990000
17788 6.990000
17789 6.990000
17790 6.990000
17791 6.990000
17792 6.990000
17793 6.990000
17794 6.990000
17795 5.590000
17796 5.590000
17797 5.490000
17798 3.590000
17799 3.590000
17800 2.690000
17801 7.490000
17802 6.390000
17803 5.190000
17804 4.390000
17805 5.590000
17806 5.590000
17807 3.590000
17808 5.590000
17809 3.590000
17810 5.090000
17811 3.590000
17812 5.090000
17813 5.990000
17814 3.590000
17815 5.990000
17816 6.490000
17817 6.490000
17818 6.490000
17819 6.490000
17820 6.490000
17821 6.490000
17822 6.490000
17823 3.590000
17824 6.490000
17825 3.590000
17826 3.590000
17827 3.690000
17828 3.590000
17829 3.590000
17830 3.590000
17831 3.590000
17832 3.590000
17833 5.490000
17834 5.490000
17835 5.490000
17836 5.490000
17837 5.590000
17838 5.590000
17839 5.190000
17840 5.190000
17841 5.190000
17842 8.990000
17843 8.990000
17844 8.990000
17845 8.990000
17846 8.990000
17847 4.790000
17848 4.790000
17849 8.990000
17850 8.990000
17851 4.790000
17852 8.990000
17853 8.990000
17854 8.990000
17855 8.990000
17856 4.790000
17857 4.790000
17858 4.390000
17859 4.390000
17860 4.390000
17861 4.390000
17862 4.390000
17863 4.390000
17864 4.390000
17865 4.390000
17866 2.690000
17867 4.190000
17868 4.190000
17869 4.190000
17870 4.190000
17871 5.190000
17872 5.090000
17873 5.090000
17874 5.090000
17875 5.490000
17876 5.490000
17877 5.490000
17878 5.490000
17879 4.690000
17880 4.000000
17881 4.000000
17882 4.000000
17883 6.990000
17884 6.990000
17885 5.490000
17886 5.590000
17887 5.590000
17888 6.290000
17889 5.790000
17890 5.790000
17891 4.190000
17892 4.190000
17893 5.190000
17894 5.190000
17895 5.190000
17896 5.590000
17897 5.990000
17898 5.590000
17899 5.590000
17900 5.590000
17901 5.590000
17902 5.590000
17903 5.590000
17904 5.590000
17905 5.590000
17906 5.590000
17907 5.590000
17908 5.590000
17909 5.990000
17910 5.590000
17911 5.590000
17912 3.490000
17913 3.490000
17914 3.490000
17915 3.490000
17916 3.490000
17917 5.990000
17918 5.990000
17919 5.990000
17920 5.990000
17921 5.990000
17922 5.990000
17923 5.990000
17924 5.990000
17925 5.990000
17926 5.990000
17927 5.990000
17928 5.990000
17929 5.990000
17930 5.990000
17931 5.990000
17932 5.990000
17933 5.990000
17934 5.790000
17935 5.790000
17936 5.790000
17937 5.990000
17938 5.990000
17939 5.990000
17940 5.990000
17941 5.990000
17942 5.990000
17943 6.990000
17944 6.990000
17945 6.990000
17946 6.990000
17947 6.990000
17948 3.590000
17949 3.590000
17950 3.590000
17951 3.590000
17952 3.590000
17953 3.590000
17954 4.390000
17955 4.390000
17956 3.590000
17957 3.590000
17958 2.690000
17959 2.990000
17960 2.690000
17961 4.190000
17962 5.190000
17963 5.190000
17964 5.190000
17965 5.190000
17966 5.190000
17967 5.190000
17968 5.190000
17969 5.190000
17970 5.190000
17971 5.190000
17972 5.190000
17973 5.190000
17974 5.190000
17975 5.190000
17976 5.190000
17977 5.590000
17978 5.590000
17979 5.490000
17980 5.490000
17981 5.590000
17982 5.590000
17983 5.590000
17984 5.190000
17985 5.190000
17986 2.620000
17987 2.880000
17988 5.990000
17989 5.990000
17990 5.190000
17991 3.250000
17992 3.250000
17993 3.250000
17994 3.250000
17995 6.790000
17996 5.990000
17997 5.990000
17998 2.990000
17999 3.690000
18000 1.990000
18001 1.990000
18002 3.590000
18003 3.590000
18004 2.990000
18005 3.590000
18006 2.990000
18007 2.990000
18008 4.690000
18009 5.000000
18010 5.490000
18011 5.390000
18012 5.290000
18013 3.240000
18014 5.290000
18015 8.290000
18016 8.290000
18017 8.290000
18018 8.290000
18019 8.290000
18020 8.290000
18021 8.290000
18022 8.290000
18023 8.290000
18024 8.290000
18025 3.690000
18026 6.990000
18027 6.990000
18028 3.690000
18029 6.190000
18030 6.190000
18031 3.990000
18032 6.790000
18033 6.790000
18034 6.290000
18035 6.290000
18036 5.790000
18037 5.790000
18038 5.790000
18039 5.790000
18040 5.790000
18041 3.990000
18042 3.990000
18043 3.990000
18044 5.790000
18045 5.790000
18046 6.290000
18047 2.990000
18048 5.590000
18049 5.590000
18050 5.490000
18051 5.490000
18052 5.490000
18053 5.490000
18054 5.490000
18055 5.490000
18056 5.490000
18057 5.490000
18058 4.390000
18059 3.690000
18060 6.990000
18061 6.990000
18062 6.990000
18063 6.990000
18064 6.990000
18065 6.990000
18066 6.990000
18067 6.990000
18068 6.990000
18069 6.990000
18070 5.490000
18071 5.490000
18072 5.490000
18073 5.490000
18074 5.490000
18075 5.490000
18076 5.790000
18077 5.790000
18078 5.790000
18079 5.590000
18080 5.590000
18081 5.590000
18082 5.490000
18083 6.990000
18084 6.990000
18085 6.990000
18086 6.990000
18087 3.990000
18088 5.490000
18089 5.590000
18090 5.590000
18091 5.590000
18092 5.590000
18093 5.590000
18094 5.590000
18095 5.590000
18096 5.590000
18097 5.590000
18098 5.590000
18099 5.590000
18100 2.690000
18101 2.690000
18102 4.190000
18103 4.190000
18104 4.390000
18105 2.990000
18106 3.590000
18107 5.790000
18108 6.990000
18109 6.990000
18110 6.990000
18111 6.990000
18112 6.990000
18113 6.990000
18114 5.590000
18115 5.590000
18116 2.690000
18117 4.690000
18118 4.690000
18119 4.390000
18120 4.390000
18121 2.990000
18122 5.790000
18123 5.790000
18124 5.790000
18125 5.490000
18126 5.490000
18127 5.490000
18128 5.490000
18129 7.490000
18130 7.490000
18131 7.490000
18132 7.490000
18133 7.490000
18134 7.490000
18135 7.490000
18136 7.490000
18137 7.490000
18138 7.490000
18139 5.790000
18140 5.790000
18141 5.790000
18142 3.590000
18143 3.690000
18144 6.990000
18145 6.990000
18146 5.490000
18147 5.490000
18148 5.490000
18149 5.490000
18150 3.590000
18151 5.190000
18152 5.490000
18153 5.490000
18154 5.590000
18155 5.290000
18156 5.290000
18157 5.290000
18158 5.290000
18159 5.390000
18160 5.290000
18161 5.290000
18162 5.290000
18163 5.290000
18164 5.390000
18165 5.290000
18166 5.290000
18167 5.290000
18168 5.490000
18169 5.490000
18170 5.490000
18171 5.490000
18172 5.490000
18173 5.490000
18174 2.690000
18175 4.390000
18176 2.990000
18177 4.190000
18178 5.590000
18179 5.590000
18180 3.690000
18181 6.990000
18182 6.990000
18183 6.990000
18184 5.790000
18185 5.790000
18186 6.290000
18187 6.490000
18188 5.490000
18189 6.290000
18190 6.290000
18191 6.290000
18192 4.190000
18193 1.290000
18194 1.290000
18195 1.990000
18196 1.890000
18197 1.990000
18198 1.890000
18199 3.190000
18200 3.190000
18201 11.990000
18202 3.490000
18203 3.490000
18204 3.490000
18205 6.490000
18206 11.990000
18207 3.490000
18208 3.490000
18209 3.990000
18210 3.490000
18211 3.490000
18212 3.490000
18213 3.990000
18214 3.990000
18215 3.990000
18216 3.990000
18217 3.190000
18218 3.490000
18219 2.090000
18220 7.490000
18221 2.890000
18222 2.890000
18223 2.890000
18224 3.790000
18225 3.790000
18226 3.790000
18227 6.890000
18228 6.890000
18229 11.890000
18230 2.890000
18231 3.790000
18232 2.990000
18233 2.990000
18234 2.990000
18235 2.990000
18236 2.990000
18237 2.990000
18238 2.990000
18239 2.990000
18240 2.990000
18241 3.990000
18242 2.990000
18243 3.990000
18244 2.990000
18245 2.990000
18246 3.990000
18247 2.990000
18248 1.390000
18249 1.390000
18250 0.650000
18251 0.650000
18252 1.390000
18253 1.390000
18254 1.390000
18255 1.490000
18256 2.990000
18257 2.990000
18258 3.290000
18259 3.000000
18260 3.990000
18261 3.290000
18262 2.590000
18263 4.390000
18264 5.290000
18265 0.790000
18266 2.490000
18267 7.990000
18268 2.990000
18269 2.990000
18270 2.990000
18271 2.990000
18272 0.990000
18273 1.590000
18274 1.590000
18275 3.490000
18276 3.490000
18277 3.490000
18278 3.490000
18279 2.990000
18280 2.990000
18281 2.990000
18282 2.690000
18283 2.690000
18284 2.690000
18285 2.690000
18286 3.490000
18287 3.490000
18288 3.490000
18289 3.290000
18290 2.290000
18291 2.890000
18292 2.890000
18293 2.890000
18294 2.890000
18295 2.890000
18296 2.890000
18297 2.890000
18298 3.990000
18299 1.990000
18300 2.890000
18301 3.890000
18302 4.690000
18303 3.890000
18304 2.490000
18305 2.890000
18306 2.890000
18307 2.890000
18308 2.890000
18309 2.890000
18310 2.490000
18311 2.490000
18312 2.490000
18313 2.490000
18314 2.490000
18315 2.490000
18316 2.490000
18317 2.490000
18318 2.490000
18319 2.490000
18320 2.290000
18321 2.490000
18322 2.490000
18323 2.490000
18324 2.490000
18325 2.890000
18326 2.890000
18327 3.890000
18328 3.890000
18329 3.490000
18330 4.590000
18331 1.350000
18332 2.690000
18333 2.690000
18334 4.990000
18335 4.990000
18336 4.990000
18337 5.990000
18338 4.290000
18339 5.990000
18340 4.290000
18341 5.990000
18342 4.290000
18343 3.690000
18344 3.690000
18345 5.690000
18346 1.590000
18347 2.890000
18348 2.990000
18349 2.990000
18350 2.990000
18351 4.990000
18352 1.690000
18353 2.990000
18354 4.990000
18355 3.690000
18356 4.490000
18357 4.490000
18358 2.990000
18359 2.790000
18360 4.990000
18361 2.990000
18362 1.990000
18363 3.990000
18364 0.990000
18365 0.990000
18366 1.990000
18367 0.990000
18368 1.990000
18369 2.500000
18370 1.290000
18371 3.990000
18372 2.290000
18373 2.290000
18374 5.690000
18375 15.490000
18376 9.990000
18377 4.490000
18378 7.990000
18379 5.290000
18380 5.990000
18381 13.990000
18382 3.990000
18383 6.990000
18384 8.290000
18385 3.990000
18386 5.390000
18387 5.990000
18388 5.290000
18389 2.990000
18390 5.290000
18391 15.990000
18392 7.690000
18393 10.990000
18394 6.790000
18395 15.990000
18396 3.890000
18397 9.990000
18398 6.490000
18399 5.690000
18400 6.990000
18401 3.590000
18402 10.990000
18403 13.990000
18404 7.490000
18405 12.990000
18406 9.990000
18407 9.990000
18408 3.290000
18409 12.990000
18410 15.990000
18411 8.990000
18412 8.990000
18413 11.790000
18414 9.590000
18415 8.490000
18416 14.490000
18417 11.490000
18418 5.490000
18419 10.000000
18420 8.990000
18421 6.490000
18422 7.990000
18423 8.490000
18424 4.490000
18425 8.490000
18426 1.490000
18427 1.390000
18428 12.990000
18429 5.990000
18430 13.990000
18431 4.290000
18432 9.990000
18433 7.790000
18434 2.790000
18435 5.990000
18436 7.790000
18437 0.500000
18438 0.500000
18439 0.500000
18440 0.500000
18441 0.500000
18442 0.500000
18443 0.500000
18444 0.500000
18445 0.500000
18446 0.500000
18447 0.290000
18448 0.290000
18449 0.290000
18450 0.290000
18451 0.290000
18452 0.290000
18453 0.290000
18454 0.290000
18455 0.500000
18456 1.250000
18457 1.250000
18458 1.250000
18459 1.250000
18460 4.490000
18461 5.290000
18462 2.990000
18463 16.990000
18464 2.690000
18465 4.490000
18466 8.590000
18467 2.990000
18468 4.790000
18469 1.550000
18470 2.590000
18471 2.950000
18472 2.690000
18473 0.990000
18474 1.990000
18475 2.890000
18476 1.990000
18477 1.990000
18478 2.690000
18479 2.790000
18480 1.090000
18481 1.990000
18482 1.590000
18483 1.590000
18484 1.990000
18485 1.590000
18486 1.590000
18487 0.990000
18488 1.100000
18489 2.190000
18490 0.800000
18491 2.190000
18492 1.590000
18493 1.590000
18494 1.590000
18495 1.590000
18496 1.590000
18497 0.990000
18498 2.190000
18499 1.290000
18500 1.290000
18501 1.890000
18502 1.890000
18503 1.890000
18504 0.990000
18505 0.990000
18506 0.990000
18507 0.990000
18508 1.890000
18509 1.990000
18510 1.990000
18511 1.990000
18512 1.690000
18513 1.690000
18514 1.690000
18515 1.690000
18516 1.690000
18517 1.690000
18518 1.690000
18519 4.690000
18520 2.490000
18521 2.990000
18522 2.990000
18523 4.690000
18524 4.690000
18525 2.790000
18526 1.190000
18527 5.790000
18528 4.690000
18529 4.690000
18530 1.190000
18531 2.790000
18532 2.790000
18533 5.790000
18534 2.790000
18535 4.690000
18536 2.790000
18537 2.790000
18538 2.790000
18539 3.990000
18540 3.990000
18541 3.390000
18542 3.390000
18543 3.390000
18544 4.890000
18545 4.890000
18546 4.790000
18547 4.490000
18548 4.490000
18549 4.490000
18550 4.490000
18551 4.590000
18552 1.790000
18553 2.190000
18554 1.390000
18555 2.190000
18556 2.190000
18557 1.100000
18558 1.100000
18559 2.190000
18560 2.190000
18561 6.990000
18562 4.490000
18563 7.990000
18564 4.490000
18565 4.590000
18566 3.190000
18567 11.690000
18568 2.950000
18569 2.950000
18570 1.190000
18571 3.390000
18572 1.690000
18573 3.390000
18574 8.590000
18575 7.990000
18576 2.090000
18577 2.090000
18578 2.890000
18579 2.890000
18580 2.890000
18581 2.390000
18582 2.390000
18583 2.390000
18584 2.990000
18585 2.790000
18586 2.990000
18587 2.790000
18588 2.990000
18589 1.990000
18590 2.990000
18591 2.990000
18592 3.290000
18593 2.990000
18594 1.690000
18595 3.090000
18596 2.190000
18597 1.990000
18598 4.990000
18599 4.990000
18600 4.590000
18601 24.990000
18602 24.990000
18603 3.590000
18604 3.390000
18605 2.790000
18606 3.390000
18607 3.090000
18608 5.490000
18609 2.590000
18610 3.290000
18611 0.350000
18612 0.350000
18613 0.350000
18614 0.350000
18615 0.350000
18616 0.350000
18617 0.350000
18618 0.350000
18619 0.350000
18620 0.350000
18621 0.350000
18622 0.350000
18623 4.590000
18624 4.790000
18625 1.990000
18626 1.450000
18627 1.450000
18628 0.720000
18629 3.390000
18630 1.990000
18631 3.390000
18632 3.390000
18633 3.990000
18634 3.990000
18635 1.290000
18636 1.990000
18637 1.990000
18638 1.990000
18639 1.990000
18640 1.990000
18641 1.990000
18642 1.990000
18643 1.990000
18644 1.990000
18645 1.990000
18646 1.990000
18647 1.990000
18648 1.990000
18649 1.990000
18650 1.990000
18651 1.990000
18652 2.090000
18653 2.650000
18654 5.990000
18655 0.990000
18656 1.490000
18657 4.990000
18658 4.990000
18659 1.990000
18660 3.990000
18661 0.990000
18662 1.990000
18663 1.990000
18664 1.990000
18665 2.390000
18666 2.990000
18667 4.090000
18668 0.890000
18669 2.990000
18670 2.990000
18671 2.490000
18672 6.790000
18673 2.990000
18674 2.990000
18675 1.390000
18676 3.390000
18677 1.590000
18678 3.990000
18679 1.990000
18680 2.890000
18681 3.190000
18682 42.590000
18683 4.590000
18684 2.990000
18685 3.990000
18686 5.790000
18687 7.990000
18688 7.990000
18689 1.990000
18690 1.990000
18691 1.990000
18692 1.990000
18693 1.990000
18694 1.990000
18695 8.990000
18696 8.990000
18697 3.990000
18698 3.990000
18699 3.990000
18700 3.990000
18701 3.990000
18702 1.990000
18703 1.990000
18704 1.990000
18705 1.990000
18706 1.990000
18707 1.990000
18708 6.990000
18709 3.890000
18710 3.890000
18711 3.890000
18712 3.890000
18713 3.890000
18714 3.890000
18715 3.890000
18716 3.890000
18717 2.590000
18718 3.990000
18719 4.990000
18720 3.990000
18721 2.390000
18722 2.390000
18723 3.190000
18724 3.890000
18725 3.890000
18726 3.890000
18727 2.190000
18728 3.890000
18729 2.190000
18730 2.390000
18731 2.390000
18732 2.290000
18733 3.890000
18734 3.890000
18735 3.890000
18736 3.890000
18737 3.890000
18738 1.790000
18739 1.790000
18740 2.390000
18741 2.090000
18742 2.090000
18743 2.090000
18744 2.390000
18745 2.390000
18746 1.790000
18747 2.390000
18748 1.790000
18749 2.790000
18750 2.790000
18751 3.490000
18752 4.990000
18753 3.490000
18754 3.990000
18755 5.490000
18756 3.290000
18757 2.990000
18758 2.990000
18759 2.990000
18760 2.990000
18761 2.990000
18762 4.190000
18763 3.290000
18764 3.490000
18765 2.490000
18766 3.290000
18767 0.490000
18768 4.090000
18769 2.590000
18770 3.290000
18771 3.290000
18772 3.290000
18773 3.890000
18774 3.290000
18775 3.290000
18776 3.290000
18777 3.490000
18778 3.290000
18779 3.790000
18780 3.490000
18781 3.290000
18782 3.290000
18783 3.290000
18784 3.490000
18785 3.490000
18786 3.290000
18787 3.890000
18788 3.290000
18789 3.890000
18790 3.290000
18791 4.990000
18792 3.990000
18793 2.690000
18794 3.490000
18795 3.490000
18796 3.990000
18797 2.590000
18798 3.290000
18799 3.290000
18800 3.290000
18801 3.290000
18802 0.590000
18803 0.590000
18804 0.590000
18805 0.590000
18806 0.590000
18807 0.590000
18808 0.590000
18809 0.590000
18810 0.590000
18811 0.590000
18812 0.590000
18813 0.590000
18814 0.590000
18815 0.590000
18816 0.590000
18817 0.590000
18818 0.590000
18819 1.050000
18820 1.050000
18821 1.050000
18822 1.050000
18823 1.050000
18824 1.050000
18825 0.590000
18826 0.590000
18827 0.590000
18828 0.590000
18829 0.590000
18830 0.590000
18831 0.590000
18832 0.590000
18833 0.590000
18834 1.050000
18835 1.050000
18836 1.050000
18837 1.050000
18838 0.590000
18839 0.590000
18840 0.590000
18841 0.590000
18842 0.590000
18843 2.790000
18844 2.990000
18845 2.990000
18846 2.990000
18847 0.590000
18848 0.590000
18849 1.290000
18850 1.290000
18851 0.730000
18852 0.730000
18853 0.730000
18854 0.730000
18855 0.730000
18856 0.730000
18857 0.730000
18858 0.730000
18859 0.730000
18860 0.730000
18861 0.730000
18862 0.730000
18863 0.970000
18864 0.970000
18865 0.970000
18866 0.730000
18867 0.730000
18868 0.730000
18869 0.730000
18870 0.730000
18871 0.730000
18872 0.730000
18873 0.970000
18874 0.970000
18875 0.730000
18876 0.730000
18877 0.730000
18878 0.730000
18879 0.970000
18880 0.970000
18881 0.970000
18882 0.730000
18883 0.730000
18884 0.790000
18885 2.990000
18886 2.990000
18887 2.290000
18888 2.290000
18889 2.990000
18890 2.990000
18891 2.290000
18892 2.990000
18893 2.290000
18894 1.890000
18895 1.890000
18896 3.290000
18897 1.890000
18898 2.490000
18899 1.890000
18900 3.290000
18901 4.290000
18902 2.790000
18903 2.790000
18904 2.790000
18905 2.690000
18906 2.790000
18907 2.790000
18908 2.790000
18909 2.790000
18910 1.990000
18911 2.990000
18912 1.650000
18913 1.650000
18914 1.990000
18915 1.690000
18916 2.690000
18917 2.090000
18918 2.090000
18919 2.090000
18920 2.090000
18921 2.090000
18922 3.790000
18923 2.690000
18924 3.790000
18925 2.090000
18926 2.090000
18927 2.090000
18928 2.090000
18929 1.790000
18930 3.690000
18931 2.490000
18932 2.690000
18933 3.490000
18934 2.990000
18935 2.290000
18936 2.290000
18937 3.290000
18938 5.990000
18939 3.990000
18940 3.990000
18941 2.290000
18942 5.990000
18943 5.990000
18944 2.290000
18945 5.990000
18946 2.090000
18947 2.090000
18948 2.090000
18949 2.090000
18950 2.090000
18951 2.090000
18952 2.090000
18953 2.090000
18954 2.290000
18955 5.990000
18956 2.290000
18957 3.790000
18958 2.290000
18959 3.290000
18960 3.290000
18961 2.290000
18962 5.990000
18963 3.290000
18964 2.290000
18965 3.790000
18966 3.490000
18967 4.690000
18968 5.390000
18969 1.500000
18970 0.250000
18971 0.250000
18972 2.990000
18973 2.990000
18974 2.990000
18975 2.990000
18976 0.990000
18977 0.990000
18978 0.990000
18979 0.990000
18980 2.990000
18981 2.990000
18982 2.990000
18983 2.990000
18984 2.990000
18985 3.390000
18986 3.390000
18987 3.390000
18988 3.390000
18989 3.390000
18990 3.390000
18991 3.390000
18992 4.790000
18993 4.790000
18994 4.790000
18995 4.790000
18996 4.790000
18997 3.390000
18998 4.790000
18999 3.390000
19000 4.790000
19001 3.390000
19002 0.990000
19003 2.990000
19004 4.090000
19005 4.090000
19006 2.990000
19007 2.990000
19008 2.990000
19009 2.990000
19010 2.990000
19011 1.390000
19012 1.390000
19013 1.090000
19014 2.990000
19015 2.990000
19016 6.990000
19017 3.990000
19018 2.990000
19019 2.990000
19020 2.990000
19021 2.990000
19022 2.990000
19023 1.590000
19024 1.590000
19025 1.590000
19026 0.450000
19027 0.450000
19028 0.450000
19029 1.590000
19030 2.990000
19031 0.890000
19032 0.890000
19033 0.890000
19034 0.890000
19035 0.250000
19036 0.250000
19037 0.250000
19038 0.250000
19039 0.250000
19040 0.250000
19041 0.250000
19042 0.250000
19043 0.250000
19044 0.250000
19045 0.250000
19046 0.250000
19047 0.250000
19048 0.250000
19049 0.250000
19050 0.250000
19051 0.250000
19052 0.450000
19053 0.250000
19054 0.250000
19055 2.990000
19056 0.250000
19057 2.990000
19058 2.990000
19059 2.990000
19060 2.990000
19061 2.990000
19062 2.990000
19063 2.990000
19064 2.990000
19065 0.890000
19066 0.990000
19067 0.990000
19068 2.190000
19069 2.190000
19070 2.190000
19071 2.390000
19072 1.790000
19073 2.390000
19074 2.990000
19075 2.990000
19076 2.990000
19077 2.990000
19078 2.990000
19079 2.990000
19080 2.990000
19081 2.990000
19082 2.990000
19083 2.790000
19084 2.790000
19085 2.790000
19086 2.990000
19087 2.990000
19088 2.990000
19089 2.990000
19090 2.990000
19091 2.990000
19092 2.990000
19093 2.790000
19094 2.790000
19095 2.790000
19096 1.290000
19097 1.290000
19098 2.790000
19099 2.790000
19100 2.790000
19101 2.790000
19102 2.790000
19103 3.390000
19104 5.490000
19105 6.690000
19106 3.890000
19107 7.390000
19108 5.990000
19109 3.990000
19110 5.990000
19111 1.590000
19112 2.990000
19113 11.990000
19114 11.990000
19115 13.990000
19116 0.890000
19117 1.390000
19118 1.690000
19119 9.990000
19120 0.990000
19121 2.190000
19122 0.790000
19123 1.990000
19124 0.890000
19125 2.590000
19126 1.990000
19127 2.990000
19128 3.890000
19129 2.790000
19130 1.190000
19131 3.190000
19132 1.590000
19133 2.490000
19134 10.990000
19135 10.990000
19136 7.190000
19137 7.190000
19138 3.990000
19139 3.990000
19140 5.490000
19141 6.490000
19142 3.290000
19143 3.190000
19144 3.190000
19145 3.190000
19146 4.290000
19147 7.690000
19148 7.690000
19149 7.690000
19150 7.690000
19151 2.790000
19152 2.790000
19153 2.790000
19154 4.390000
19155 2.990000
19156 2.990000
19157 3.390000
19158 7.390000
19159 7.390000
19160 2.490000
19161 2.490000
19162 2.490000
19163 2.090000
19164 5.290000
19165 2.890000
19166 18.990000
19167 9.390000
19168 6.390000
19169 12.290000
19170 12.990000
19171 11.690000
19172 11.690000
19173 15.990000
19174 7.090000
19175 9.590000
19176 10.990000
19177 10.990000
19178 7.090000
19179 18.990000
19180 5.390000
19181 6.490000
19182 3.990000
19183 3.990000
19184 3.990000
19185 3.990000
19186 6.990000
19187 6.990000
19188 2.890000
19189 2.890000
19190 5.490000
19191 5.990000
19192 3.990000
19193 7.990000
19194 2.990000
19195 2.990000
19196 7.990000
19197 11.990000
19198 3.190000
19199 3.190000
19200 1.890000
19201 1.890000
19202 1.890000
19203 1.890000
19204 2.490000
19205 3.290000
19206 2.990000
19207 2.990000
19208 2.990000
19209 3.890000
19210 4.290000
19211 4.290000
19212 3.190000
19213 3.190000
19214 6.190000
19215 3.190000
19216 3.190000
19217 2.490000
19218 6.290000
19219 2.690000
19220 3.190000
19221 3.790000
19222 3.590000
19223 2.090000
19224 5.190000
19225 11.490000
19226 6.990000
19227 6.290000
19228 6.290000
19229 5.490000
19230 5.490000
19231 5.490000
19232 6.690000
19233 7.990000
19234 8.690000
19235 2.990000
19236 3.390000
19237 1.990000
19238 1.990000
19239 4.690000
19240 2.290000
19241 7.790000
19242 3.990000
19243 3.390000
19244 2.490000
19245 2.490000
19246 2.490000
19247 2.490000
19248 3.390000
19249 3.390000
19250 3.390000
19251 3.390000
19252 2.490000
19253 2.490000
19254 2.290000
19255 2.490000
19256 2.490000
19257 2.490000
19258 3.590000
19259 2.490000
19260 2.490000
19261 2.490000
19262 2.490000
19263 1.500000
19264 2.490000
19265 2.490000
19266 2.490000
19267 3.590000
19268 3.490000
19269 2.790000
19270 2.790000
19271 2.790000
19272 2.790000
19273 2.790000
19274 2.790000
19275 2.990000
19276 2.990000
19277 2.590000
19278 2.590000
19279 3.390000
19280 3.990000
19281 2.490000
19282 3.990000
19283 3.990000
19284 3.990000
19285 3.990000
19286 3.990000
19287 3.290000
19288 2.690000
19289 2.690000
19290 2.590000
19291 2.590000
19292 3.290000
19293 2.000000
19294 3.190000
19295 3.190000
19296 7.090000
19297 7.290000
19298 7.290000
19299 3.490000
19300 11.290000
19301 7.290000
19302 7.490000
19303 7.490000
19304 7.390000
19305 2.190000
19306 2.190000
19307 2.390000
19308 2.390000
19309 2.990000
19310 3.990000
19311 3.290000
19312 3.290000
19313 3.290000
19314 2.990000
19315 2.990000
19316 2.990000
19317 2.390000
19318 2.390000
19319 2.890000
19320 2.190000
19321 2.290000
19322 4.890000
19323 1.990000
19324 6.390000
19325 6.290000
19326 2.790000
19327 6.390000
19328 8.990000
19329 3.990000
19330 6.390000
19331 6.590000
19332 6.590000
19333 3.590000
19334 4.490000
19335 2.090000
19336 2.790000
19337 1.990000
19338 2.790000
19339 3.990000
19340 4.590000
19341 6.390000
19342 11.990000
19343 6.490000
19344 6.490000
19345 4.000000
19346 3.490000
19347 3.490000
19348 3.490000
19349 3.490000
19350 3.490000
19351 1.190000
19352 1.190000
19353 2.190000
19354 2.990000
19355 3.390000
19356 2.590000
19357 3.490000
19358 3.490000
19359 1.990000
19360 2.190000
19361 2.290000
19362 3.290000
19363 2.790000
19364 2.790000
19365 2.490000
19366 3.790000
19367 3.890000
19368 4.290000
19369 2.590000
19370 1.690000
19371 4.290000
19372 2.590000
19373 2.490000
19374 2.590000
19375 1.690000
19376 1.690000
19377 2.590000
19378 2.190000
19379 2.590000
19380 2.490000
19381 2.190000
19382 2.190000
19383 1.690000
19384 2.390000
19385 2.190000
19386 0.990000
19387 3.590000
19388 1.790000
19389 3.490000
19390 2.590000
19391 1.690000
19392 2.090000
19393 3.490000
19394 1.490000
19395 0.990000
19396 0.990000
19397 0.990000
19398 0.990000
19399 0.990000
19400 1.190000
19401 2.190000
19402 2.590000
19403 1.690000
19404 0.890000
19405 0.890000
19406 0.990000
19407 1.690000
19408 1.690000
19409 1.690000
19410 2.590000
19411 2.590000
19412 2.190000
19413 2.590000
19414 1.690000
19415 2.590000
19416 2.090000
19417 4.290000
19418 2.590000
19419 2.490000
19420 2.790000
19421 4.290000
19422 1.000000
19423 2.490000
19424 3.490000
19425 3.490000
19426 1.690000
19427 1.690000
19428 1.690000
19429 1.990000
19430 3.490000
19431 2.990000
19432 1.690000
19433 1.690000
19434 1.690000
19435 0.690000
19436 10.390000
19437 2.990000
19438 3.190000
19439 2.190000
19440 2.590000
19441 1.990000
19442 1.200000
19443 2.590000
19444 3.390000
19445 2.690000
19446 2.990000
19447 2.190000
19448 2.190000
19449 1.990000
19450 1.990000
19451 1.990000
19452 1.990000
19453 2.090000
19454 1.690000
19455 1.990000
19456 1.690000
19457 2.190000
19458 1.690000
19459 1.690000
19460 1.690000
19461 1.690000
19462 3.390000
19463 1.690000
19464 2.190000
19465 3.390000
19466 2.590000
19467 2.990000
19468 2.990000
19469 2.990000
19470 2.990000
19471 2.590000
19472 2.590000
19473 1.690000
19474 1.690000
19475 1.690000
19476 2.590000
19477 2.190000
19478 3.390000
19479 1.990000
19480 1.690000
19481 1.690000
19482 1.690000
19483 1.690000
19484 2.590000
19485 3.490000
19486 4.290000
19487 1.690000
19488 1.690000
19489 2.590000
19490 2.190000
19491 2.990000
19492 2.990000
19493 1.690000
19494 4.290000
19495 2.590000
19496 2.990000
19497 3.490000
19498 2.590000
19499 2.590000
19500 3.390000
19501 1.690000
19502 1.690000
19503 2.590000
19504 2.590000
19505 1.690000
19506 1.690000
19507 2.590000
19508 1.690000
19509 1.690000
19510 1.690000
19511 1.690000
19512 1.690000
19513 2.190000
19514 1.690000
19515 2.190000
19516 1.690000
19517 2.990000
19518 2.990000
19519 2.190000
19520 2.390000
19521 4.990000
19522 2.190000
19523 1.490000
19524 1.990000
19525 1.290000
19526 5.990000
19527 2.290000
19528 2.690000
19529 5.990000
19530 4.990000
19531 3.790000
19532 3.790000
19533 3.790000
19534 3.790000
19535 3.790000
19536 3.790000
19537 3.790000
19538 3.790000
19539 3.790000
19540 3.790000
19541 3.790000
19542 3.790000
19543 2.690000
19544 2.690000
19545 30.990000
19546 30.990000
19547 30.990000
19548 30.990000
19549 30.990000
19550 30.990000
19551 30.990000
19552 30.990000
19553 23.990000
19554 23.990000
19555 30.990000
19556 30.990000
19557 30.990000
19558 30.990000
19559 2.490000
19560 2.490000
19561 2.490000
19562 2.490000
19563 2.490000
19564 3.790000
19565 3.090000
19566 3.690000
19567 1.790000
19568 2.290000
19569 4.590000
19570 3.590000
19571 6.990000
19572 15.990000
19573 15.990000
19574 9.950000
19575 9.950000
19576 15.990000
19577 15.990000
19578 9.950000
19579 15.990000
19580 13.950000
19581 15.990000
19582 15.990000
19583 9.990000
19584 9.990000
19585 15.990000
19586 15.990000
19587 9.990000
19588 15.990000
19589 4.490000
19590 3.990000
19591 3.990000
19592 3.290000
19593 3.290000
19594 3.990000
19595 3.490000
19596 3.990000
19597 3.690000
19598 3.690000
19599 4.690000
19600 4.690000
19601 1.590000
19602 2.690000
19603 2.690000
19604 2.690000
19605 2.690000
19606 2.990000
19607 2.990000
19608 2.990000
19609 2.990000
19610 2.990000
19611 2.990000
19612 2.990000
19613 2.990000
19614 2.990000
19615 2.990000
19616 2.990000
19617 2.990000
19618 2.990000
19619 2.990000
19620 2.990000
19621 2.990000
19622 2.990000
19623 2.990000
19624 2.990000
19625 2.990000
19626 2.990000
19627 2.990000
19628 2.990000
19629 2.990000
19630 2.990000
19631 2.990000
19632 2.990000
19633 14.390000
19634 14.390000
19635 2.990000
19636 2.990000
19637 2.990000
19638 2.990000
19639 2.990000
19640 2.990000
19641 2.990000
19642 2.990000
19643 2.990000
19644 3.290000
19645 3.290000
19646 3.290000
19647 3.290000
19648 1.290000
19649 2.690000
19650 3.490000
19651 0.490000
19652 2.790000
19653 2.690000
19654 3.290000
19655 3.290000
19656 3.490000
19657 2.790000
19658 0.490000
19659 2.890000
19660 3.590000
19661 2.950000
19662 2.690000
19663 1.990000
19664 2.690000
19665 3.490000
19666 0.990000
19667 2.790000
19668 2.790000
19669 2.790000
19670 2.990000
19671 3.890000
19672 3.890000
19673 3.290000
19674 2.790000
19675 4.690000
19676 2.890000
19677 0.490000
19678 0.490000
19679 0.490000
19680 2.790000
19681 2.790000
19682 2.790000
19683 2.790000
19684 0.990000
19685 3.490000
19686 3.390000
19687 2.690000
19688 3.590000
19689 3.790000
19690 2.790000
19691 2.790000
19692 3.390000
19693 2.790000
19694 2.690000
19695 3.190000
19696 0.490000
19697 2.690000
19698 3.590000
19699 4.390000
19700 3.490000
19701 3.890000
19702 3.890000
19703 3.590000
19704 0.490000
19705 2.790000
19706 2.790000
19707 3.390000
19708 2.990000
19709 2.990000
19710 2.790000
19711 2.790000
19712 3.290000
19713 0.490000
19714 2.390000
19715 3.290000
19716 2.890000
19717 3.390000
19718 3.390000
19719 2.790000
19720 3.590000
19721 3.590000
19722 2.890000
19723 0.490000
19724 2.790000
19725 2.890000
19726 2.790000
19727 2.890000
19728 3.290000
19729 0.990000
19730 0.990000
19731 2.790000
19732 3.390000
19733 3.590000
19734 3.590000
19735 3.590000
19736 3.490000
19737 2.790000
19738 2.950000
19739 2.790000
19740 2.890000
19741 0.990000
19742 1.990000
19743 3.390000
19744 3.290000
19745 2.790000
19746 3.290000
19747 3.290000
19748 2.890000
19749 3.590000
19750 2.990000
19751 3.290000
19752 3.590000
19753 4.990000
19754 3.590000
19755 3.290000
19756 3.590000
19757 3.590000
19758 3.590000
19759 3.590000
19760 2.990000
19761 3.290000
19762 2.790000
19763 3.390000
19764 3.290000
19765 3.490000
19766 2.850000
19767 2.850000
19768 2.850000
19769 2.790000
19770 2.790000
19771 2.790000
19772 3.490000
19773 2.790000
19774 2.790000
19775 2.990000
19776 2.990000
19777 3.990000
19778 3.390000
19779 3.490000
19780 3.990000
19781 2.890000
19782 2.990000
19783 3.390000
19784 3.390000
19785 1.990000
19786 2.790000
19787 1.990000
19788 0.490000
19789 0.490000
19790 2.790000
19791 3.490000
19792 3.490000
19793 0.990000
19794 0.990000
19795 0.990000
19796 2.390000
19797 1.990000
19798 1.990000
19799 1.990000
19800 3.190000
19801 3.190000
19802 3.190000
19803 1.990000
19804 1.990000
19805 2.890000
19806 2.890000
19807 2.890000
19808 2.890000
19809 2.790000
19810 1.990000
19811 2.790000
19812 1.990000
19813 2.950000
19814 3.290000
19815 0.490000
19816 0.490000
19817 0.490000
19818 0.490000
19819 3.290000
19820 3.290000
19821 3.890000
19822 3.890000
19823 3.890000
19824 3.890000
19825 3.890000
19826 2.790000
19827 2.790000
19828 2.790000
19829 2.690000
19830 3.490000
19831 0.490000
19832 3.390000
19833 2.950000
19834 3.390000
19835 2.890000
19836 2.890000
19837 2.790000
19838 0.490000
19839 2.790000
19840 2.890000
19841 3.290000
19842 1.690000
19843 1.690000
19844 1.690000
19845 2.790000
19846 3.390000
19847 3.390000
19848 2.890000
19849 2.890000
19850 3.290000
19851 2.490000
19852 1.990000
19853 1.990000
19854 5.590000
19855 5.590000
19856 5.590000
19857 5.590000
19858 5.590000
19859 5.590000
19860 5.590000
19861 5.590000
19862 5.590000
19863 5.590000
19864 5.590000
19865 5.590000
19866 5.590000
19867 2.190000
19868 2.190000
19869 2.190000
19870 2.190000
19871 5.590000
19872 5.590000
19873 5.590000
19874 5.590000
19875 0.690000
19876 0.690000
19877 0.690000
19878 2.090000
19879 1.890000
19880 2.090000
19881 2.090000
19882 1.890000
19883 2.290000
19884 2.090000
19885 1.390000
19886 1.390000
19887 1.390000
19888 2.390000
19889 4.590000
19890 4.590000
19891 4.590000
19892 4.590000
19893 1.790000
19894 1.390000
19895 1.990000
19896 1.450000
19897 2.050000
19898 2.190000
19899 1.390000
19900 1.390000
19901 1.390000
19902 1.790000
19903 2.190000
19904 1.790000
19905 1.790000
19906 1.790000
19907 1.790000
19908 1.990000
19909 5.690000
19910 5.690000
19911 3.990000
19912 3.990000
19913 3.990000
19914 4.490000
19915 4.290000
19916 4.290000
19917 3.990000
19918 4.590000
19919 4.290000
19920 3.990000
19921 3.990000
19922 3.990000
19923 3.990000
19924 3.990000
19925 1.790000
19926 2.790000
19927 2.490000
19928 2.990000
19929 3.490000
19930 1.990000
19931 2.490000
19932 1.790000
19933 2.290000
19934 4.990000
19935 2.590000
19936 1.590000
19937 2.390000
19938 1.390000
19939 1.990000
19940 1.990000
19941 1.790000
19942 1.290000
19943 1.390000
19944 4.490000
19945 3.790000
19946 1.990000
19947 3.490000
19948 1.490000
19949 1.890000
19950 2.690000
19951 1.790000
19952 2.890000
19953 1.690000
19954 1.790000
19955 1.590000
19956 1.890000
19957 3.390000
19958 3.690000
19959 2.990000
19960 1.190000
19961 1.190000
19962 3.990000
19963 3.990000
19964 3.990000
19965 5.990000
19966 2.500000
19967 2.500000
19968 3.990000
19969 3.990000
19970 3.990000
19971 2.390000
19972 2.390000
19973 2.390000
19974 2.390000
19975 4.790000
19976 4.790000
19977 2.390000
19978 2.390000
19979 2.390000
19980 2.390000
19981 0.990000
19982 2.990000
19983 2.990000
19984 2.990000
19985 3.990000
19986 3.990000
19987 3.990000
19988 3.990000
19989 3.990000
19990 3.990000
19991 2.390000
19992 2.390000
19993 1.490000
19994 3.490000
19995 3.290000
19996 4.490000
19997 4.490000
19998 4.190000
19999 7.890000
20000 5.290000
20001 3.490000
20002 5.090000
20003 3.290000
20004 2.990000
20005 2.990000
20006 2.190000
20007 2.190000
20008 3.590000
20009 6.290000
20010 3.590000
20011 3.650000
20012 1.850000
20013 3.790000
20014 3.790000
20015 2.690000
20016 2.690000
20017 4.890000
20018 2.690000
20019 3.990000
20020 3.990000
20021 3.990000
20022 3.990000
20023 3.290000
20024 3.290000
20025 3.290000
20026 3.290000
20027 3.290000
20028 4.890000
20029 3.690000
20030 2.690000
20031 2.690000
20032 2.150000
20033 4.990000
20034 2.950000
20035 5.790000
20036 7.990000
20037 1.290000
20038 1.490000
20039 1.890000
20040 1.490000
20041 1.890000
20042 0.990000
20043 1.490000
20044 1.890000
20045 3.390000
20046 2.890000
20047 18.790001
20048 12.790000
20049 7.990000
20050 10.390000
20051 12.790000
20052 10.790000
20053 7.990000
20054 7.990000
20055 5.590000
20056 3.490000
20057 3.490000
20058 5.590000
20059 2.990000
20060 2.990000
20061 3.490000
20062 3.490000
20063 3.490000
20064 2.290000
20065 4.190000
20066 6.090000
20067 4.190000
20068 3.690000
20069 3.190000
20070 11.390000
20071 3.190000
20072 4.190000
20073 4.190000
20074 6.090000
20075 1.890000
20076 3.390000
20077 2.990000
20078 3.490000
20079 2.990000
20080 24.990000
20081 6.490000
20082 9.590000
20083 3.490000
20084 5.490000
20085 9.490000
20086 4.990000
20087 5.490000
20088 2.990000
20089 5.390000
20090 7.990000
20091 4.990000
20092 7.990000
20093 0.800000
20094 2.990000
20095 3.890000
20096 3.890000
20097 2.990000
20098 3.890000
20099 3.890000
20100 3.890000
20101 2.990000
20102 3.890000
20103 2.990000
20104 3.890000
20105 3.890000
20106 1.990000
20107 2.290000
20108 2.290000
20109 3.190000
20110 2.390000
20111 1.990000
20112 2.990000
20113 2.390000
20114 3.890000
20115 2.390000
20116 3.190000
20117 2.890000
20118 2.990000
20119 3.890000
20120 1.990000
20121 2.290000
20122 2.990000
20123 2.890000
20124 4.290000
20125 2.490000
20126 2.490000
20127 3.590000
20128 4.190000
20129 2.290000
20130 4.190000
20131 3.190000
20132 3.190000
20133 3.190000
20134 3.190000
20135 4.190000
20136 3.190000
20137 4.290000
20138 5.190000
20139 2.490000
20140 2.290000
20141 5.190000
20142 3.790000
20143 2.690000
20144 3.290000
20145 4.990000
20146 4.990000
20147 4.990000
20148 2.190000
20149 2.190000
20150 2.890000
20151 2.890000
20152 2.890000
20153 2.890000
20154 2.890000
20155 2.890000
20156 2.190000
20157 2.190000
20158 2.190000
20159 2.790000
20160 2.890000
20161 2.890000
20162 1.990000
20163 1.990000
20164 3.290000
20165 3.290000
20166 3.290000
20167 3.290000
20168 2.190000
20169 2.190000
20170 2.190000
20171 2.190000
20172 2.190000
20173 2.190000
20174 2.490000
20175 2.490000
20176 4.190000
20177 4.190000
20178 2.290000
20179 2.270000
20180 3.290000
20181 3.290000
20182 3.290000
20183 3.290000
20184 3.290000
20185 3.290000
20186 3.290000
20187 3.290000
20188 1.690000
20189 2.190000
20190 2.190000
20191 2.190000
20192 2.890000
20193 2.890000
20194 2.190000
20195 2.890000
20196 2.890000
20197 2.890000
20198 2.190000
20199 2.890000
20200 2.890000
20201 2.890000
20202 2.890000
20203 1.890000
20204 1.890000
20205 1.890000
20206 1.890000
20207 1.890000
20208 1.890000
20209 3.490000
20210 3.490000
20211 3.490000
20212 3.490000
20213 3.490000
20214 3.490000
20215 4.990000
20216 2.890000
20217 2.990000
20218 2.990000
20219 2.990000
20220 1.390000
20221 1.790000
20222 2.050000
20223 3.790000
20224 4.390000
20225 2.290000
20226 2.390000
20227 2.190000
20228 5.990000
20229 6.500000
20230 6.990000
20231 7.500000
20232 7.990000
20233 1.090000
20234 1.090000
20235 1.090000
20236 1.090000
20237 1.090000
20238 1.090000
20239 1.090000
20240 1.090000
20241 1.090000
20242 1.090000
20243 1.090000
20244 1.090000
20245 1.090000
20246 1.090000
20247 1.090000
20248 1.090000
20249 1.090000
20250 1.090000
20251 1.090000
20252 3.450000
20253 3.450000
20254 3.450000
20255 3.390000
20256 3.490000
20257 3.390000
20258 3.390000
20259 3.390000
20260 2.390000
20261 2.390000
20262 1.090000
20263 2.450000
20264 3.450000
20265 3.450000
20266 3.090000
20267 2.090000
20268 2.450000
20269 1.090000
20270 3.450000
20271 3.390000
20272 1.790000
20273 1.990000
20274 2.090000
20275 2.350000
20276 2.290000
20277 2.290000
20278 2.290000
20279 1.990000
20280 1.990000
20281 2.390000
20282 1.990000
20283 2.190000
20284 2.190000
20285 2.290000
20286 1.650000
20287 1.690000
20288 1.650000
20289 2.150000
20290 2.450000
20291 2.390000
20292 2.450000
20293 2.450000
20294 2.450000
20295 2.890000
20296 2.490000
20297 2.490000
20298 2.490000
20299 2.490000
20300 2.490000
20301 2.290000
20302 1.790000
20303 2.190000
20304 0.500000
20305 2.290000
20306 2.290000
20307 2.190000
20308 2.090000
20309 2.290000
20310 2.450000
20311 3.390000
20312 3.390000
20313 3.590000
20314 2.490000
20315 2.490000
20316 3.990000
20317 3.990000
20318 3.990000
20319 3.990000
20320 4.990000
20321 1.990000
20322 1.290000
20323 1.990000
20324 1.090000
20325 1.190000
20326 1.190000
20327 2.990000
20328 2.290000
20329 1.990000
20330 1.490000
20331 1.790000
20332 3.690000
20333 1.090000
20334 2.190000
20335 2.490000
20336 1.190000
20337 3.990000
20338 1.890000
20339 1.890000
20340 2.490000
20341 3.490000
20342 1.090000
20343 1.990000
20344 2.490000
20345 3.990000
20346 3.290000
20347 3.490000
20348 2.690000
20349 2.990000
20350 2.490000
20351 2.990000
20352 2.990000
20353 3.990000
20354 2.990000
20355 1.990000
20356 2.990000
20357 6.990000
20358 1.990000
20359 1.990000
20360 1.990000
20361 1.990000
20362 2.990000
20363 1.790000
20364 4.190000
20365 2.490000
20366 2.490000
20367 1.990000
20368 1.990000
20369 2.990000
20370 1.990000
20371 2.290000
20372 2.290000
20373 2.290000
20374 3.990000
20375 2.490000
20376 2.690000
20377 2.990000
20378 1.490000
20379 1.990000
20380 4.690000
20381 5.990000
20382 3.190000
20383 1.090000
20384 2.390000
20385 2.390000
20386 2.390000
20387 3.590000
20388 3.590000
20389 2.390000
20390 2.390000
20391 2.390000
20392 2.390000
20393 1.990000
20394 1.990000
20395 1.990000
20396 1.990000
20397 2.090000
20398 3.990000
20399 3.990000
20400 3.990000
20401 2.590000
20402 9.990000
20403 2.190000
20404 2.190000
20405 2.990000
20406 1.990000
20407 1.990000
20408 6.890000
20409 1.990000
20410 2.390000
20411 1.990000
20412 3.290000
20413 2.990000
20414 3.590000
20415 3.590000
20416 3.590000
20417 29.990000
20418 2.490000
20419 3.290000
20420 2.850000
20421 2.990000
20422 2.850000
20423 2.850000
20424 2.990000
20425 2.990000
20426 2.990000
20427 2.990000
20428 3.690000
20429 3.190000
20430 2.850000
20431 2.990000
20432 3.990000
20433 4.490000
20434 1.990000
20435 9.990000
20436 9.950000
20437 10.990000
20438 9.950000
20439 9.950000
20440 1.090000
20441 1.090000
20442 2.090000
20443 2.090000
20444 2.490000
20445 2.090000
20446 2.090000
20447 2.290000
20448 3.290000
20449 3.290000
20450 3.190000
20451 0.990000
20452 3.290000
20453 3.290000
20454 3.290000
20455 0.990000
20456 0.990000
20457 0.990000
20458 0.990000
20459 1.390000
20460 1.390000
20461 2.190000
20462 1.390000
20463 1.390000
20464 1.490000
20465 1.290000
20466 1.590000
20467 1.390000
20468 1.390000
20469 2.190000
20470 2.590000
20471 2.590000
20472 2.590000
20473 2.390000
20474 2.790000
20475 2.790000
20476 2.790000
20477 3.690000
20478 3.690000
20479 1.390000
20480 1.490000
20481 1.390000
20482 1.390000
20483 3.690000
20484 2.490000
20485 4.490000
20486 4.490000
20487 4.390000
20488 2.690000
20489 2.690000
20490 2.690000
20491 2.890000
20492 2.890000
20493 2.890000
20494 2.690000
20495 2.690000
20496 2.690000
20497 2.290000
20498 2.290000
20499 5.390000
20500 4.290000
20501 4.290000
20502 6.990000
20503 0.990000
20504 3.690000
20505 3.690000
20506 0.500000
20507 3.990000
20508 3.890000
20509 0.390000
20510 2.990000
20511 1.390000
20512 1.290000
20513 1.290000
20514 1.890000
20515 4.990000
20516 4.990000
20517 2.990000
20518 2.990000
20519 2.990000
20520 4.990000
20521 2.590000
20522 2.590000
20523 2.590000
20524 2.590000
20525 2.590000
20526 2.890000
20527 1.290000
20528 1.290000
20529 1.290000
20530 1.290000
20531 1.290000
20532 2.590000
20533 5.350000
20534 4.650000
20535 5.990000
20536 4.890000
20537 4.190000
20538 3.690000
20539 3.690000
20540 12.990000
20541 3.690000
20542 3.690000
20543 3.690000
20544 1.290000
20545 2.990000
20546 2.990000
20547 2.890000
20548 2.890000
20549 1.290000
20550 4.490000
20551 2.590000
20552 2.590000
20553 2.890000
20554 2.890000
20555 11.890000
20556 6.290000
20557 7.590000
20558 4.090000
20559 4.490000
20560 2.590000
20561 3.690000
20562 3.690000
20563 4.790000
20564 5.090000
20565 2.390000
20566 2.390000
20567 2.390000
20568 2.390000
20569 2.390000
20570 2.390000
20571 2.390000
20572 2.390000
20573 2.390000
20574 2.890000
20575 1.290000
20576 1.180000
20577 2.950000
20578 3.590000
20579 2.490000
20580 4.790000
20581 2.590000
20582 1.500000
20583 2.590000
20584 2.390000
20585 2.390000
20586 2.390000
20587 2.390000
20588 2.390000
20589 2.390000
20590 2.390000
20591 2.390000
20592 2.390000
20593 2.390000
20594 2.390000
20595 2.390000
20596 1.750000
20597 1.000000
20598 2.590000
20599 2.590000
20600 4.290000
20601 2.990000
20602 2.990000
20603 2.990000
20604 2.090000
20605 2.090000
20606 2.090000
20607 6.790000
20608 2.890000
20609 2.990000
20610 2.990000
20611 2.590000
20612 2.590000
20613 2.390000
20614 2.390000
20615 2.990000
20616 4.590000
20617 2.990000
20618 2.500000
20619 2.150000
20620 2.590000
20621 2.990000
20622 2.500000
20623 2.990000
20624 2.390000
20625 3.500000
20626 1.250000
20627 1.750000
20628 2.990000
20629 2.590000
20630 1.290000
20631 2.590000
20632 2.150000
20633 2.150000
20634 2.990000
20635 2.390000
20636 4.290000
20637 3.690000
20638 3.290000
20639 1.290000
20640 3.690000
20641 2.890000
20642 2.500000
20643 2.150000
20644 4.990000
20645 3.690000
20646 3.690000
20647 2.390000
20648 3.690000
20649 2.890000
20650 2.390000
20651 4.290000
20652 7.990000
20653 3.690000
20654 1.250000
20655 2.390000
20656 2.390000
20657 14.590000
20658 1.290000
20659 4.290000
20660 2.390000
20661 2.500000
20662 2.390000
20663 2.390000
20664 2.990000
20665 2.150000
20666 7.590000
20667 3.590000
20668 3.590000
20669 2.390000
20670 2.390000
20671 2.390000
20672 2.390000
20673 2.390000
20674 2.390000
20675 2.390000
20676 3.590000
20677 3.590000
20678 2.390000
20679 2.390000
20680 2.390000
20681 2.390000
20682 3.990000
20683 3.390000
20684 3.390000
20685 3.390000
20686 3.390000
20687 6.990000
20688 6.990000
20689 6.990000
20690 1.590000
20691 1.890000
20692 1.690000
20693 4.390000
20694 8.990000
20695 2.490000
20696 3.490000
20697 3.990000
20698 2.790000
20699 3.490000
20700 3.490000
20701 11.990000
20702 3.490000
20703 11.990000
20704 3.490000
20705 8.490000
20706 9.990000
20707 3.290000
20708 2.790000
20709 3.290000
20710 3.290000
20711 11.990000
20712 3.290000
20713 11.990000
20714 2.790000
20715 19.990000
20716 2.990000
20717 3.490000
20718 2.690000
20719 1.790000
20720 2.990000
20721 5.190000
20722 3.690000
20723 3.190000
20724 149.990005
20725 0.750000
20726 0.750000
20727 0.750000
20728 5.990000
20729 13.490000
20730 9.490000
20731 9.290000
20732 7.990000
20733 6.990000
20734 8.290000
20735 4.190000
20736 6.990000
20737 6.490000
20738 6.590000
20739 6.790000
20740 5.490000
20741 5.990000
20742 3.490000
20743 8.290000
20744 2.590000
20745 8.290000
20746 7.290000
20747 9.490000
20748 6.090000
20749 9.890000
20750 8.290000
20751 8.290000
20752 3.990000
20753 6.590000
20754 15.990000
20755 2.090000
20756 2.290000
20757 2.290000
20758 1.990000
20759 2.190000
20760 2.290000
20761 2.290000
20762 2.090000
20763 2.590000
20764 149.990005
20765 2.790000
20766 2.790000
20767 2.790000
20768 2.790000
20769 2.790000
20770 2.790000
20771 2.790000
20772 2.790000
20773 2.790000
20774 2.790000
20775 2.790000
20776 2.790000
20777 2.790000
20778 2.790000
20779 5.190000
20780 3.390000
20781 10.690000
20782 5.690000
20783 10.690000
20784 6.490000
20785 11.690000
20786 16.290001
20787 6.790000
20788 6.290000
20789 11.690000
20790 6.990000
20791 13.690000
20792 6.990000
20793 13.690000
20794 18.690001
20795 4.190000
20796 6.990000
20797 4.190000
20798 4.190000
20799 6.990000
20800 4.190000
20801 6.990000
20802 10.690000
20803 10.690000
20804 3.990000
20805 6.990000
20806 3.390000
20807 5.190000
20808 3.390000
20809 5.190000
20810 6.790000
20811 6.790000
20812 3.390000
20813 5.190000
20814 3.590000
20815 2.790000
20816 2.890000
20817 2.890000
20818 2.890000
20819 2.890000
20820 2.890000
20821 2.890000
20822 2.890000
20823 5.390000
20824 2.890000
20825 2.890000
20826 3.490000
20827 3.490000
20828 5.390000
20829 7.490000
20830 7.490000
20831 13.990000
20832 2.890000
20833 2.890000
20834 2.890000
20835 2.890000
20836 2.890000
20837 5.190000
20838 5.190000
20839 5.190000
20840 5.190000
20841 1.890000
20842 6.990000
20843 13.690000
20844 7.390000
20845 19.990000
20846 2.890000
20847 2.890000
20848 2.690000
20849 2.690000
20850 2.890000
20851 2.890000
20852 3.490000
20853 2.690000
20854 7.390000
20855 5.190000
20856 5.190000
20857 5.190000
20858 5.190000
20859 3.490000
20860 2.690000
20861 2.690000
20862 3.490000
20863 3.490000
20864 2.690000
20865 2.690000
20866 3.490000
20867 1.890000
20868 1.890000
20869 1.890000
20870 1.890000
20871 3.190000
20872 3.190000
20873 1.990000
20874 1.990000
20875 1.990000
20876 2.790000
20877 2.790000
20878 2.790000
20879 2.790000
20880 4.490000
20881 4.490000
20882 4.490000
20883 3.990000
20884 3.990000
20885 3.990000
20886 3.990000
20887 3.990000
20888 3.990000
20889 3.990000
20890 3.990000
20891 2.690000
20892 2.690000
20893 1.990000
20894 1.990000
20895 2.690000
20896 2.690000
20897 3.490000
20898 2.790000
20899 2.790000
20900 3.490000
20901 3.490000
20902 2.790000
20903 2.790000
20904 2.690000
20905 7.090000
20906 6.190000
20907 3.990000
20908 3.990000
20909 3.990000
20910 3.990000
20911 1.390000
20912 1.390000
20913 1.390000
20914 1.390000
20915 1.390000
20916 1.390000
20917 1.390000
20918 1.390000
20919 1.390000
20920 1.390000
20921 1.390000
20922 1.390000
20923 4.990000
20924 3.490000
20925 3.490000
20926 3.490000
20927 3.290000
20928 3.990000
20929 3.290000
20930 3.290000
20931 2.290000
20932 2.290000
20933 2.290000
20934 3.890000
20935 2.290000
20936 2.290000
20937 4.790000
20938 4.790000
20939 2.290000
20940 2.290000
20941 6.090000
20942 6.290000
20943 6.590000
20944 2.290000
20945 2.290000
20946 6.590000
20947 3.590000
20948 2.290000
20949 6.290000
20950 2.290000
20951 2.290000
20952 2.290000
20953 6.590000
20954 6.290000
20955 6.290000
20956 2.990000
20957 0.890000
20958 4.390000
20959 3.690000
20960 4.390000
20961 4.390000
20962 3.990000
20963 4.990000
20964 4.990000
20965 3.490000
20966 3.990000
20967 2.990000
20968 4.990000
20969 4.990000
20970 5.990000
20971 3.990000
20972 6.590000
20973 1.490000
20974 6.590000
20975 2.690000
20976 3.890000
20977 1.750000
20978 1.750000
20979 4.390000
20980 2.250000
20981 14.990000
20982 15.990000
20983 12.990000
20984 8.990000
20985 11.990000
20986 1.990000
20987 2.490000
20988 2.490000
20989 3.690000
20990 2.190000
20991 3.190000
20992 3.690000
20993 5.990000
20994 2.990000
20995 2.690000
20996 2.890000
20997 2.890000
20998 4.490000
20999 4.490000
21000 4.490000
21001 4.490000
21002 4.490000
21003 4.490000
21004 4.490000
21005 1.590000
21006 0.850000
21007 1.290000
21008 2.450000
21009 0.850000
21010 0.850000
21011 3.190000
21012 1.790000
21013 1.450000
21014 2.290000
21015 2.590000
21016 5.490000
21017 3.390000
21018 2.390000
21019 2.790000
21020 2.990000
21021 2.990000
21022 2.390000
21023 2.390000
21024 4.290000
21025 4.290000
21026 2.290000
21027 2.290000
21028 2.290000
21029 3.390000
21030 1.390000
21031 1.290000
21032 1.290000
21033 1.790000
21034 1.790000
21035 1.950000
21036 2.790000
21037 2.790000
21038 3.890000
21039 1.990000
21040 1.590000
21041 1.590000
21042 3.890000
21043 2.290000
21044 1.990000
21045 2.290000
21046 2.690000
21047 3.990000
21048 2.690000
21049 3.990000
21050 2.690000
21051 2.690000
21052 2.490000
21053 2.490000
21054 1.550000
21055 1.350000
21056 1.350000
21057 1.350000
21058 1.350000
21059 1.350000
21060 1.350000
21061 1.350000
21062 2.190000
21063 2.190000
21064 2.190000
21065 2.190000
21066 1.290000
21067 1.990000
21068 1.990000
21069 1.990000
21070 1.990000
21071 1.990000
21072 1.990000
21073 1.990000
21074 1.990000
21075 1.990000
21076 1.990000
21077 1.590000
21078 1.390000
21079 1.490000
21080 1.790000
21081 1.490000
21082 1.290000
21083 1.590000
21084 1.590000
21085 1.590000
21086 1.390000
21087 1.090000
21088 2.290000
21089 1.590000
21090 3.990000
21091 3.990000
21092 1.490000
21093 1.690000
21094 1.690000
21095 1.690000
21096 1.690000
21097 1.690000
21098 1.690000
21099 1.590000
21100 1.590000
21101 1.490000
21102 1.490000
21103 1.590000
21104 1.590000
21105 2.790000
21106 1.190000
21107 1.390000
21108 1.290000
21109 1.490000
21110 3.090000
21111 4.290000
21112 0.450000
21113 0.445000
21114 0.445000
21115 0.446667
21116 0.450000
21117 0.445000
21118 1.490000
21119 4.890000
21120 1.490000
21121 3.490000
21122 1.290000
21123 5.490000
21124 0.990000
21125 0.990000
21126 0.990000
21127 0.990000
21128 1.490000
21129 0.890000
21130 2.190000
21131 2.190000
21132 1.690000
21133 1.690000
21134 1.690000
21135 1.690000
21136 3.790000
21137 3.790000
21138 3.790000
21139 3.790000
21140 2.490000
21141 2.490000
21142 2.490000
21143 2.490000
21144 2.490000
21145 2.490000
21146 2.490000
21147 2.490000
21148 2.490000
21149 2.490000
21150 2.490000
21151 2.490000
21152 2.490000
21153 2.490000
21154 2.490000
21155 2.490000
21156 2.490000
21157 3.490000
21158 3.490000
21159 3.490000
21160 3.490000
21161 3.490000
21162 1.500000
21163 2.390000
21164 2.390000
21165 2.590000
21166 2.590000
21167 2.690000
21168 2.790000
21169 2.590000
21170 2.790000
21171 2.790000
21172 2.690000
21173 2.690000
21174 2.590000
21175 2.690000
21176 2.690000
21177 2.490000
21178 2.490000
21179 2.490000
21180 4.990000
21181 4.990000
21182 6.990000
21183 6.990000
21184 4.990000
21185 7.990000
21186 7.990000
21187 1.990000
21188 4.990000
21189 5.990000
21190 5.990000
21191 6.290000
21192 4.490000
21193 1.190000
21194 1.190000
21195 1.190000
21196 1.190000
21197 0.590000
21198 0.590000
21199 0.590000
21200 0.590000
21201 2.990000
21202 2.990000
21203 2.990000
21204 1.590000
21205 2.990000
21206 1.990000
21207 0.990000
21208 2.390000
21209 3.950000
21210 3.790000
21211 3.790000
21212 3.790000
21213 1.390000
21214 5.790000
21215 3.790000
21216 5.790000
21217 3.790000
21218 3.790000
21219 3.990000
21220 6.790000
21221 5.790000
21222 3.490000
21223 3.490000
21224 3.490000
21225 3.490000
21226 3.490000
21227 3.490000
21228 3.790000
21229 3.790000
21230 3.790000
21231 5.790000
21232 3.490000
21233 3.490000
21234 3.490000
21235 1.490000
21236 1.490000
21237 1.490000
21238 1.490000
21239 1.490000
21240 1.490000
21241 7.990000
21242 7.190000
21243 8.990000
21244 7.490000
21245 2.490000
21246 0.990000
21247 0.990000
21248 2.190000
21249 2.390000
21250 2.690000
21251 2.990000
21252 0.690000
21253 0.890000
21254 3.990000
21255 2.190000
21256 2.190000
21257 1.390000
21258 1.090000
21259 1.090000
21260 1.090000
21261 0.500000
21262 6.990000
21263 0.500000
21264 1.390000
21265 1.390000
21266 3.990000
21267 3.990000
21268 2.990000
21269 2.990000
21270 2.990000
21271 1.990000
21272 1.990000
21273 6.990000
21274 0.890000
21275 0.890000
21276 1.390000
21277 0.500000
21278 1.390000
21279 1.390000
21280 1.390000
21281 1.390000
21282 1.390000
21283 3.990000
21284 0.890000
21285 0.500000
21286 1.390000
21287 0.500000
21288 1.390000
21289 1.090000
21290 3.990000
21291 1.090000
21292 0.890000
21293 3.990000
21294 0.890000
21295 1.090000
21296 0.890000
21297 3.990000
21298 3.990000
21299 1.390000
21300 0.890000
21301 1.090000
21302 2.990000
21303 3.990000
21304 6.990000
21305 6.990000
21306 3.990000
21307 3.990000
21308 3.990000
21309 6.990000
21310 3.990000
21311 6.990000
21312 5.490000
21313 5.490000
21314 5.490000
21315 1.390000
21316 1.390000
21317 1.090000
21318 1.090000
21319 1.090000
21320 1.090000
21321 1.090000
21322 1.390000
21323 3.990000
21324 1.090000
21325 1.390000
21326 3.990000
21327 3.190000
21328 3.190000
21329 1.090000
21330 0.990000
21331 0.990000
21332 3.190000
21333 3.390000
21334 3.390000
21335 0.990000
21336 1.390000
21337 3.990000
21338 1.090000
21339 1.390000
21340 0.500000
21341 3.990000
21342 1.090000
21343 1.390000
21344 3.990000
21345 6.990000
21346 3.390000
21347 2.990000
21348 2.990000
21349 2.990000
21350 0.990000
21351 1.390000
21352 3.990000
21353 2.990000
21354 2.990000
21355 0.990000
21356 0.990000
21357 1.490000
21358 1.790000
21359 0.990000
21360 2.990000
21361 3.990000
21362 3.990000
21363 1.090000
21364 3.990000
21365 1.090000
21366 1.390000
21367 4.990000
21368 1.290000
21369 1.290000
21370 1.290000
21371 1.390000
21372 1.390000
21373 1.090000
21374 1.090000
21375 0.890000
21376 0.890000
21377 0.990000
21378 0.990000
21379 4.990000
21380 4.990000
21381 4.990000
21382 1.090000
21383 2.990000
21384 1.390000
21385 1.390000
21386 3.990000
21387 7.990000
21388 2.290000
21389 2.390000
21390 2.390000
21391 1.290000
21392 1.650000
21393 7.990000
21394 7.990000
21395 7.990000
21396 7.990000
21397 10.290000
21398 3.490000
21399 4.490000
21400 1.890000
21401 3.290000
21402 0.990000
21403 2.990000
21404 0.500000
21405 0.500000
21406 0.500000
21407 3.590000
21408 3.590000
21409 3.590000
21410 3.590000
21411 3.590000
21412 1.090000
21413 0.590000
21414 9.990000
21415 1.590000
21416 3.990000
21417 6.090000
21418 3.790000
21419 6.590000
21420 3.390000
21421 6.590000
21422 1.990000
21423 0.500000
21424 1.990000
21425 0.500000
21426 0.500000
21427 0.500000
21428 0.500000
21429 0.500000
21430 0.590000
21431 0.650000
21432 1.590000
21433 1.190000
21434 0.590000
21435 0.650000
21436 3.990000
21437 1.190000
21438 2.490000
21439 8.990000
21440 1.590000
21441 1.590000
21442 3.990000
21443 3.390000
21444 1.990000
21445 6.090000
21446 3.390000
21447 8.290000
21448 1.990000
21449 6.590000
21450 7.990000
21451 2.490000
21452 2.690000
21453 1.990000
21454 12.190000
21455 1.990000
21456 1.990000
21457 2.990000
21458 2.490000
21459 14.990000
21460 1.690000
21461 4.990000
21462 2.550000
21463 8.990000
21464 1.650000
21465 1.990000
21466 4.390000
21467 2.490000
21468 3.990000
21469 1.090000
21470 0.250000
21471 0.500000
21472 0.396667
21473 1.980000
21474 3.190000
21475 1.690000
21476 0.390000
21477 1.090000
21478 0.396667
21479 1.090000
21480 0.650000
21481 1.090000
21482 4.890000
21483 4.890000
21484 1.690000
21485 1.690000
21486 3.190000
21487 3.190000
21488 3.990000
21489 1.290000
21490 1.650000
21491 5.590000
21492 1.650000
21493 3.390000
21494 2.550000
21495 2.550000
21496 1.750000
21497 1.750000
21498 1.750000
21499 1.750000
21500 1.750000
21501 2.390000
21502 2.390000
21503 2.390000
21504 2.390000
21505 1.650000
21506 1.750000
21507 1.750000
21508 0.790000
21509 0.790000
21510 0.790000
21511 1.090000
21512 2.390000
21513 2.390000
21514 0.650000
21515 0.650000
21516 2.390000
21517 0.650000
21518 0.650000
21519 0.650000
21520 0.650000
21521 0.650000
21522 0.650000
21523 7.290000
21524 0.650000
21525 0.590000
21526 0.393333
21527 0.200000
21528 0.396667
21529 0.395000
21530 0.396667
21531 0.396667
21532 0.400000
21533 0.395000
21534 0.396667
21535 0.400000
21536 0.394000
21537 0.400000
21538 0.395000
21539 0.400000
21540 7.990000
21541 0.395000
21542 0.396667
21543 0.390000
21544 0.500000
21545 0.500000
21546 0.500000
21547 0.690000
21548 0.500000
21549 10.990000
21550 0.500000
21551 0.500000
21552 0.500000
21553 0.500000
21554 0.500000
21555 0.500000
21556 0.500000
21557 0.500000
21558 0.500000
21559 0.500000
21560 0.500000
21561 0.500000
21562 0.500000
21563 0.393333
21564 0.393333
21565 0.393333
21566 1.690000
21567 0.690000
21568 0.393333
21569 10.990000
21570 0.500000
21571 1.690000
21572 5.490000
21573 5.490000
21574 5.490000
21575 5.490000
21576 3.090000
21577 0.650000
21578 3.090000
21579 7.290000
21580 0.650000
21581 9.990000
21582 7.290000
21583 10.990000
21584 0.500000
21585 3.950000
21586 3.690000
21587 3.690000
21588 3.490000
21589 3.490000
21590 3.490000
21591 3.490000
21592 3.990000
21593 3.990000
21594 1.490000
21595 1.490000
21596 2.990000
21597 2.990000
21598 2.990000
21599 2.990000
21600 3.190000
21601 2.990000
21602 2.990000
21603 3.190000
21604 3.190000
21605 2.990000
21606 3.190000
21607 1.990000
21608 2.250000
21609 1.990000
21610 1.990000
21611 5.250000
21612 5.240000
21613 3.390000
21614 3.390000
21615 3.390000
21616 3.390000
21617 2.990000
21618 2.990000
21619 2.990000
21620 2.990000
21621 1.490000
21622 1.490000
21623 1.490000
21624 1.490000
21625 1.490000
21626 2.390000
21627 3.990000
21628 2.990000
21629 2.990000
21630 2.990000
21631 2.990000
21632 2.690000
21633 2.690000
21634 2.500000
21635 3.390000
21636 3.390000
21637 2.290000
21638 2.290000
21639 3.490000
21640 3.490000
21641 2.290000
21642 2.290000
21643 1.990000
21644 3.790000
21645 3.790000
21646 3.290000
21647 3.590000
21648 3.290000
21649 2.090000
21650 2.090000
21651 2.090000
21652 2.090000
21653 2.090000
21654 2.090000
21655 1.990000
21656 1.990000
21657 1.990000
21658 2.090000
21659 2.090000
21660 4.590000
21661 4.590000
21662 4.590000
21663 4.590000
21664 0.950000
21665 1.050000
21666 2.090000
21667 1.990000
21668 1.990000
21669 1.990000
21670 1.990000
21671 1.990000
21672 2.890000
21673 2.890000
21674 4.590000
21675 2.090000
21676 2.090000
21677 2.090000
21678 2.090000
21679 4.590000
21680 4.590000
21681 4.590000
21682 1.090000
21683 5.990000
21684 5.990000
21685 5.990000
21686 5.990000
21687 5.990000
21688 5.990000
21689 5.990000
21690 3.490000
21691 3.490000
21692 3.490000
21693 3.790000
21694 3.790000
21695 3.790000
21696 3.790000
21697 2.990000
21698 1.990000
21699 3.490000
21700 3.490000
21701 3.490000
21702 2.890000
21703 3.490000
21704 3.490000
21705 3.490000
21706 3.490000
21707 3.490000
21708 3.490000
21709 3.490000
21710 3.490000
21711 3.490000
21712 3.590000
21713 3.590000
21714 2.690000
21715 0.990000
21716 1.290000
21717 3.890000
21718 3.350000
21719 1.690000
21720 1.690000
21721 3.350000
21722 1.690000
21723 2.990000
21724 2.990000
21725 2.990000
21726 0.390000
21727 0.390000
21728 0.390000
21729 1.690000
21730 0.390000
21731 2.990000
21732 2.090000
21733 2.490000
21734 2.090000
21735 2.150000
21736 2.350000
21737 2.190000
21738 2.450000
21739 2.490000
21740 0.690000
21741 2.290000
21742 2.290000
21743 0.290000
21744 0.290000
21745 2.790000
21746 2.790000
21747 2.590000
21748 1.690000
21749 1.990000
21750 1.990000
21751 2.190000
21752 2.290000
21753 2.390000
21754 2.190000
21755 1.990000
21756 2.290000
21757 2.190000
21758 1.490000
21759 2.390000
21760 2.090000
21761 2.090000
21762 2.090000
21763 2.090000
21764 2.250000
21765 2.890000
21766 1.990000
21767 1.990000
21768 2.090000
21769 2.290000
21770 1.990000
21771 2.290000
21772 2.090000
21773 2.490000
21774 2.490000
21775 2.450000
21776 2.450000
21777 2.450000
21778 2.450000
21779 2.450000
21780 2.450000
21781 2.450000
21782 2.790000
21783 3.390000
21784 3.390000
21785 3.390000
21786 3.390000
21787 2.190000
21788 1.990000
21789 2.590000
21790 2.590000
21791 2.490000
21792 2.490000
21793 1.990000
21794 2.290000
21795 2.290000
21796 1.750000
21797 2.090000
21798 2.790000
21799 2.590000
21800 2.590000
21801 2.490000
21802 1.990000
21803 2.390000
21804 2.590000
21805 2.290000
21806 2.290000
21807 2.290000
21808 2.290000
21809 2.390000
21810 2.390000
21811 2.090000
21812 2.390000
21813 2.590000
21814 2.590000
21815 2.390000
21816 2.090000
21817 2.490000
21818 2.490000
21819 2.590000
21820 2.590000
21821 2.590000
21822 2.590000
21823 2.590000
21824 2.590000
21825 2.590000
21826 2.790000
21827 2.490000
21828 2.490000
21829 1.790000
21830 2.190000
21831 3.090000
21832 3.690000
21833 3.690000
21834 3.690000
21835 3.690000
21836 9.990000
21837 5.390000
21838 1.090000
21839 1.290000
21840 1.390000
21841 1.390000
21842 1.390000
21843 6.990000
21844 3.990000
21845 3.990000
21846 3.690000
21847 1.090000
21848 3.590000
21849 2.490000
21850 0.790000
21851 1.890000
21852 3.590000
21853 3.590000
21854 2.490000
21855 1.690000
21856 2.690000
21857 1.590000
21858 2.390000
21859 1.590000
21860 2.390000
21861 2.390000
21862 2.390000
21863 2.390000
21864 2.390000
21865 2.390000
21866 2.390000
21867 1.590000
21868 1.590000
21869 2.390000
21870 2.390000
21871 1.590000
21872 2.390000
21873 2.990000
21874 0.950000
21875 1.890000
21876 1.150000
21877 0.990000
21878 1.150000
21879 1.990000
21880 1.150000
21881 1.150000
21882 1.150000
21883 1.690000
21884 0.990000
21885 0.950000
21886 1.150000
21887 1.390000
21888 0.990000
21889 2.290000
21890 0.990000
21891 1.150000
21892 2.190000
21893 0.790000
21894 1.890000
21895 0.950000
21896 1.990000
21897 1.150000
21898 0.890000
21899 0.690000
21900 1.990000
21901 2.050000
21902 1.150000
21903 1.150000
21904 1.150000
21905 1.150000
21906 1.390000
21907 1.150000
21908 2.050000
21909 0.950000
21910 1.690000
21911 1.150000
21912 1.150000
21913 2.390000
21914 2.390000
21915 1.890000
21916 1.390000
21917 1.350000
21918 2.190000
21919 1.890000
21920 0.990000
21921 1.390000
21922 1.690000
21923 1.450000
21924 2.190000
21925 1.590000
21926 0.990000
21927 0.990000
21928 2.390000
21929 0.990000
21930 1.390000
21931 3.290000
21932 0.950000
21933 1.350000
21934 2.290000
21935 1.350000
21936 0.950000
21937 1.450000
21938 1.450000
21939 1.550000
21940 2.290000
21941 2.290000
21942 1.550000
21943 2.290000
21944 3.290000
21945 1.150000
21946 2.190000
21947 2.390000
21948 1.390000
21949 1.590000
21950 2.390000
21951 2.390000
21952 2.390000
21953 2.390000
21954 1.590000
21955 1.150000
21956 2.190000
21957 0.990000
21958 2.190000
21959 2.690000
21960 2.390000
21961 2.390000
21962 1.590000
21963 1.090000
21964 1.090000
21965 1.150000
21966 2.290000
21967 2.290000
21968 2.290000
21969 4.690000
21970 1.990000
21971 0.990000
21972 0.990000
21973 1.150000
21974 1.150000
21975 0.990000
21976 0.990000
21977 0.990000
21978 0.790000
21979 3.490000
21980 2.990000
21981 2.990000
21982 2.990000
21983 3.790000
21984 2.690000
21985 2.690000
21986 2.690000
21987 3.490000
21988 2.690000
21989 2.390000
21990 1.790000
21991 1.990000
21992 1.790000
21993 1.790000
21994 1.790000
21995 2.690000
21996 3.490000
21997 3.490000
21998 3.790000
21999 3.490000
22000 3.490000
22001 3.490000
22002 1.150000
22003 1.150000
22004 1.490000
22005 0.890000
22006 2.390000
22007 3.990000
22008 2.290000
22009 3.090000
22010 2.290000
22011 3.290000
22012 3.290000
22013 3.690000
22014 2.390000
22015 3.490000
22016 1.150000
22017 1.790000
22018 0.950000
22019 0.950000
22020 2.690000
22021 2.390000
22022 3.990000
22023 3.090000
22024 2.390000
22025 2.690000
22026 1.150000
22027 2.290000
22028 1.790000
22029 1.790000
22030 1.790000
22031 0.950000
22032 1.450000
22033 1.150000
22034 1.450000
22035 1.450000
22036 2.290000
22037 2.290000
22038 1.890000
22039 1.150000
22040 1.150000
22041 1.150000
22042 2.190000
22043 0.990000
22044 3.490000
22045 2.690000
22046 3.290000
22047 2.690000
22048 2.690000
22049 2.290000
22050 2.290000
22051 1.890000
22052 2.390000
22053 2.250000
22054 1.150000
22055 2.990000
22056 2.990000
22057 1.450000
22058 1.990000
22059 2.990000
22060 1.150000
22061 1.150000
22062 1.190000
22063 2.590000
22064 1.190000
22065 4.290000
22066 2.390000
22067 7.190000
22068 4.290000
22069 1.190000
22070 2.690000
22071 2.690000
22072 4.290000
22073 2.690000
22074 2.390000
22075 2.390000
22076 2.390000
22077 2.390000
22078 2.690000
22079 1.150000
22080 1.790000
22081 0.990000
22082 0.500000
22083 2.290000
22084 2.290000
22085 2.290000
22086 2.290000
22087 1.190000
22088 2.390000
22089 2.690000
22090 2.290000
22091 2.390000
22092 1.150000
22093 2.190000
22094 2.190000
22095 3.590000
22096 3.590000
22097 4.290000
22098 2.990000
22099 0.950000
22100 2.390000
22101 2.390000
22102 1.150000
22103 2.390000
22104 2.390000
22105 0.950000
22106 2.690000
22107 2.690000
22108 2.690000
22109 2.690000
22110 1.390000
22111 1.390000
22112 1.390000
22113 1.390000
22114 1.390000
22115 1.990000
22116 3.290000
22117 3.290000
22118 3.290000
22119 3.290000
22120 2.390000
22121 2.390000
22122 1.390000
22123 1.390000
22124 2.390000
22125 0.990000
22126 0.950000
22127 1.450000
22128 1.450000
22129 2.390000
22130 4.290000
22131 4.290000
22132 4.290000
22133 2.290000
22134 2.390000
22135 2.090000
22136 3.390000
22137 2.390000
22138 2.390000
22139 2.290000
22140 2.790000
22141 2.690000
22142 2.990000
22143 1.990000
22144 2.690000
22145 2.390000
22146 2.450000
22147 2.690000
22148 2.650000
22149 2.190000
22150 2.690000
22151 1.890000
22152 2.390000
22153 2.350000
22154 15.990000
22155 15.990000
22156 15.990000
22157 14.390000
22158 14.390000
22159 5.490000
22160 8.390000
22161 4.000000
22162 4.780000
22163 4.290000
22164 4.990000
22165 2.990000
22166 2.990000
22167 4.290000
22168 5.790000
22169 3.990000
22170 2.990000
22171 2.590000
22172 2.590000
22173 2.590000
22174 2.590000
22175 1.490000
22176 3.090000
22177 0.990000
22178 3.390000
22179 2.990000
22180 5.990000
22181 1.590000
22182 1.990000
22183 5.190000
22184 5.190000
22185 2.990000
22186 4.890000
22187 3.990000
22188 1.690000
22189 1.690000
22190 1.890000
22191 2.590000
22192 5.090000
22193 3.490000
22194 2.990000
22195 2.990000
22196 2.990000
22197 0.890000
22198 2.990000
22199 0.990000
22200 2.490000
22201 3.690000
22202 3.090000
22203 2.790000
22204 2.790000
22205 2.990000
22206 2.990000
22207 2.990000
22208 3.990000
22209 2.490000
22210 1.990000
22211 1.890000
22212 6.190000
22213 1.890000
22214 2.990000
22215 3.990000
22216 3.990000
22217 3.990000
22218 3.990000
22219 3.990000
22220 2.990000
22221 3.590000
22222 2.190000
22223 2.990000
22224 2.890000
22225 2.890000
22226 2.890000
22227 2.990000
22228 3.990000
22229 2.190000
22230 2.190000
22231 2.790000
22232 4.290000
22233 2.990000
22234 2.990000
22235 2.990000
22236 3.990000
22237 2.290000
22238 3.990000
22239 2.590000
22240 2.990000
22241 2.990000
22242 1.890000
22243 3.590000
22244 3.590000
22245 1.890000
22246 1.690000
22247 3.990000
22248 3.990000
22249 2.190000
22250 2.990000
22251 4.190000
22252 3.990000
22253 5.690000
22254 7.690000
22255 8.990000
22256 10.990000
22257 14.690000
22258 9.790000
22259 1.990000
22260 1.990000
22261 2.390000
22262 1.690000
22263 1.690000
22264 1.790000
22265 1.990000
22266 1.990000
22267 2.790000
22268 2.790000
22269 2.490000
22270 1.790000
22271 1.690000
22272 2.590000
22273 4.190000
22274 2.990000
22275 3.290000
22276 2.990000
22277 2.990000
22278 2.990000
22279 3.290000
22280 3.290000
22281 3.290000
22282 2.290000
22283 2.290000
22284 3.290000
22285 3.290000
22286 3.290000
22287 2.390000
22288 2.190000
22289 2.990000
22290 3.290000
22291 3.290000
22292 2.790000
22293 2.390000
22294 2.990000
22295 2.150000
22296 2.150000
22297 2.590000
22298 2.590000
22299 2.590000
22300 2.190000
22301 2.890000
22302 2.190000
22303 3.990000
22304 2.790000
22305 2.590000
22306 1.690000
22307 2.150000
22308 2.890000
22309 1.590000
22310 1.490000
22311 1.490000
22312 1.000000
22313 1.490000
22314 1.490000
22315 2.390000
22316 2.490000
22317 2.490000
22318 5.790000
22319 4.690000
22320 1.990000
22321 3.590000
22322 3.590000
22323 1.990000
22324 2.590000
22325 3.950000
22326 3.950000
22327 3.950000
22328 5.390000
22329 1.490000
22330 2.390000
22331 1.890000
22332 1.190000
22333 2.990000
22334 2.990000
22335 2.890000
22336 2.990000
22337 3.990000
22338 4.290000
22339 2.990000
22340 2.990000
22341 4.790000
22342 1.000000
22343 3.990000
22344 2.590000
22345 3.990000
22346 4.190000
22347 5.190000
22348 2.790000
22349 3.990000
22350 3.990000
22351 3.990000
22352 2.990000
22353 2.990000
22354 2.990000
22355 2.990000
22356 0.950000
22357 0.990000
22358 2.590000
22359 0.690000
22360 1.590000
22361 4.490000
22362 0.590000
22363 1.090000
22364 0.790000
22365 0.450000
22366 0.890000
22367 1.690000
22368 1.690000
22369 1.690000
22370 4.990000
22371 1.340000
22372 1.340000
22373 1.340000
22374 4.990000
22375 0.450000
22376 6.490000
22377 6.490000
22378 6.490000
22379 6.490000
22380 4.990000
22381 4.590000
22382 4.590000
22383 4.590000
22384 4.590000
22385 4.590000
22386 4.590000
22387 1.340000
22388 1.340000
22389 1.340000
22390 1.330000
22391 1.335000
22392 1.340000
22393 1.340000
22394 1.330000
22395 1.340000
22396 0.890000
22397 1.330000
22398 1.333333
22399 1.340000
22400 1.330000
22401 2.500000
22402 1.333333
22403 0.890000
22404 0.890000
22405 2.500000
22406 2.500000
22407 4.990000
22408 4.990000
22409 4.790000
22410 4.790000
22411 4.790000
22412 4.790000
22413 4.790000
22414 2.500000
22415 2.500000
22416 2.500000
22417 2.500000
22418 1.340000
22419 3.490000
22420 3.490000
22421 3.490000
22422 3.490000
22423 4.990000
22424 4.990000
22425 4.990000
22426 2.500000
22427 2.500000
22428 2.500000
22429 2.500000
22430 2.500000
22431 2.500000
22432 2.500000
22433 2.500000
22434 2.500000
22435 1.190000
22436 1.190000
22437 1.190000
22438 1.190000
22439 5.990000
22440 2.990000
22441 2.990000
22442 3.490000
22443 1.690000
22444 2.490000
22445 2.990000
22446 1.500000
22447 5.390000
22448 1.000000
22449 2.790000
22450 1.000000
22451 1.000000
22452 2.490000
22453 1.690000
22454 1.690000
22455 3.890000
22456 3.890000
22457 1.500000
22458 1.690000
22459 1.500000
22460 2.690000
22461 2.990000
22462 2.290000
22463 2.690000
22464 2.790000
22465 3.690000
22466 2.990000
22467 1.690000
22468 1.690000
22469 1.000000
22470 0.500000
22471 1.000000
22472 1.000000
22473 1.690000
22474 1.690000
22475 1.000000
22476 1.690000
22477 2.690000
22478 1.690000
22479 1.000000
22480 2.500000
22481 1.500000
22482 2.500000
22483 2.500000
22484 1.500000
22485 3.690000
22486 3.690000
22487 3.890000
22488 2.490000
22489 3.690000
22490 1.000000
22491 1.690000
22492 4.290000
22493 4.690000
22494 1.500000
22495 2.590000
22496 1.000000
22497 1.000000
22498 1.000000
22499 2.690000
22500 2.890000
22501 3.590000
22502 2.690000
22503 3.790000
22504 2.490000
22505 3.190000
22506 6.890000
22507 2.890000
22508 3.490000
22509 2.490000
22510 2.690000
22511 3.490000
22512 4.190000
22513 2.190000
22514 3.290000
22515 2.890000
22516 4.090000
22517 3.690000
22518 3.190000
22519 4.690000
22520 3.590000
22521 3.590000
22522 4.290000
22523 3.190000
22524 3.290000
22525 2.190000
22526 4.590000
22527 4.590000
22528 2.890000
22529 4.090000
22530 2.190000
22531 2.690000
22532 2.690000
22533 2.490000
22534 1.890000
22535 4.290000
22536 4.290000
22537 4.290000
22538 3.290000
22539 2.690000
22540 2.690000
22541 3.890000
22542 1.590000
22543 1.790000
22544 0.990000
22545 0.890000
22546 0.890000
22547 2.890000
22548 1.090000
22549 1.190000
22550 1.190000
22551 2.690000
22552 3.590000
22553 3.790000
22554 2.690000
22555 1.890000
22556 3.390000
22557 1.390000
22558 1.290000
22559 1.590000
22560 2.990000
22561 1.090000
22562 2.890000
22563 8.290000
22564 1.690000
22565 2.990000
22566 2.990000
22567 2.590000
22568 2.590000
22569 4.290000
22570 3.890000
22571 2.090000
22572 2.890000
22573 2.590000
22574 2.490000
22575 2.490000
22576 1.890000
22577 2.690000
22578 3.990000
22579 2.190000
22580 3.390000
22581 1.590000
22582 1.390000
22583 1.190000
22584 1.190000
22585 0.990000
22586 0.890000
22587 0.990000
22588 1.190000
22589 0.950000
22590 0.890000
22591 0.950000
22592 1.290000
22593 1.190000
22594 1.090000
22595 0.750000
22596 2.490000
22597 1.190000
22598 2.690000
22599 2.690000
22600 2.990000
22601 2.990000
22602 2.990000
22603 2.990000
22604 2.990000
22605 4.490000
22606 12.990000
22607 3.490000
22608 2.490000
22609 1.990000
22610 4.290000
22611 4.990000
22612 2.490000
22613 2.190000
22614 5.990000
22615 5.490000
22616 2.990000
22617 3.990000
22618 2.690000
22619 8.990000
22620 4.990000
22621 3.490000
22622 1.390000
22623 2.990000
22624 5.890000
22625 11.090000
22626 4.890000
22627 5.790000
22628 6.190000
22629 11.090000
22630 2.790000
22631 3.490000
22632 3.490000
22633 4.990000
22634 4.990000
22635 3.390000
22636 3.390000
22637 3.690000
22638 2.990000
22639 2.990000
22640 2.490000
22641 2.490000
22642 2.490000
22643 1.190000
22644 1.190000
22645 1.190000
22646 1.190000
22647 1.190000
22648 1.190000
22649 1.190000
22650 1.190000
22651 4.590000
22652 4.590000
22653 10.990000
22654 16.290001
22655 8.190000
22656 11.190000
22657 11.190000
22658 3.890000
22659 7.990000
22660 2.890000
22661 3.890000
22662 7.990000
22663 8.990000
22664 3.890000
22665 3.890000
22666 7.990000
22667 7.990000
22668 7.990000
22669 7.990000
22670 0.333333
22671 0.500000
22672 0.500000
22673 0.990000
22674 4.590000
22675 3.690000
22676 4.890000
22677 1.990000
22678 3.390000
22679 3.490000
22680 6.890000
22681 1.050000
22682 2.490000
22683 2.490000
22684 2.890000
22685 2.890000
22686 2.890000
22687 2.890000
22688 4.290000
22689 2.150000
22690 4.290000
22691 2.150000
22692 4.290000
22693 4.290000
22694 1.890000
22695 2.690000
22696 2.690000
22697 2.690000
22698 3.990000
22699 3.490000
22700 2.690000
22701 3.090000
22702 19.990000
22703 35.290001
22704 2.290000
22705 2.290000
22706 2.990000
22707 2.690000
22708 2.690000
22709 1.990000
22710 2.290000
22711 2.290000
22712 4.690000
22713 2.690000
22714 4.690000
22715 5.190000
22716 5.190000
22717 3.990000
22718 3.990000
22719 5.190000
22720 3.990000
22721 2.690000
22722 2.690000
22723 1.590000
22724 2.590000
22725 5.490000
22726 5.490000
22727 2.490000
22728 9.990000
22729 1.050000
22730 1.500000
22731 1.590000
22732 2.490000
22733 2.890000
22734 2.190000
22735 2.190000
22736 3.990000
22737 2.890000
22738 2.390000
22739 1.190000
22740 2.690000
22741 1.990000
22742 2.790000
22743 1.290000
22744 2.290000
22745 4.590000
22746 4.590000
22747 9.990000
22748 8.990000
22749 2.990000
22750 2.790000
22751 11.990000
22752 2.990000
22753 2.990000
22754 3.990000
22755 3.990000
22756 2.990000
22757 1.890000
22758 7.690000
22759 8.990000
22760 3.390000
22761 2.190000
22762 1.790000
22763 1.790000
22764 1.790000
22765 1.990000
22766 3.490000
22767 3.290000
22768 3.290000
22769 3.290000
22770 3.290000
22771 3.490000
22772 3.290000
22773 3.490000
22774 2.690000
22775 3.290000
22776 3.190000
22777 3.190000
22778 3.190000
22779 3.190000
22780 3.190000
22781 3.390000
22782 3.390000
22783 3.290000
22784 3.490000
22785 3.490000
22786 2.290000
22787 3.490000
22788 3.090000
22789 4.590000
22790 2.590000
22791 1.790000
22792 1.790000
22793 3.590000
22794 3.590000
22795 3.590000
22796 3.590000
22797 3.590000
22798 3.590000
22799 5.190000
22800 4.190000
22801 2.890000
22802 2.890000
22803 3.490000
22804 3.290000
22805 3.490000
22806 4.190000
22807 3.890000
22808 3.890000
22809 3.890000
22810 2.990000
22811 5.690000
22812 4.190000
22813 4.190000
22814 3.290000
22815 3.290000
22816 3.290000
22817 3.290000
22818 3.290000
22819 3.890000
22820 3.890000
22821 2.690000
22822 2.690000
22823 2.690000
22824 1.490000
22825 2.790000
22826 1.790000
22827 1.990000
22828 1.590000
22829 1.290000
22830 3.990000
22831 3.890000
22832 1.590000
22833 3.190000
22834 2.090000
22835 2.090000
22836 2.090000
22837 2.090000
22838 2.690000
22839 2.090000
22840 2.090000
22841 3.690000
22842 1.590000
22843 1.590000
22844 1.590000
22845 1.590000
22846 1.590000
22847 1.590000
22848 3.890000
22849 3.890000
22850 3.890000
22851 3.890000
22852 3.890000
22853 2.290000
22854 2.090000
22855 1.890000
22856 3.890000
22857 3.890000
22858 3.890000
22859 3.890000
22860 3.890000
22861 3.890000
22862 3.890000
22863 2.990000
22864 2.990000
22865 2.990000
22866 2.990000
22867 3.890000
22868 6.990000
22869 6.990000
22870 2.390000
22871 2.390000
22872 2.390000
22873 2.390000
22874 2.990000
22875 2.990000
22876 2.990000
22877 2.990000
22878 2.990000
22879 3.890000
22880 3.890000
22881 3.890000
22882 3.890000
22883 2.290000
22884 2.490000
22885 0.500000
22886 0.500000
22887 1.090000
22888 1.390000
22889 1.390000
22890 1.390000
22891 1.390000
22892 1.390000
22893 1.390000
22894 2.990000
22895 2.990000
22896 1.090000
22897 3.190000
22898 3.190000
22899 3.190000
22900 3.990000
22901 6.990000
22902 5.490000
22903 3.990000
22904 3.990000
22905 3.990000
22906 6.990000
22907 6.990000
22908 4.990000
22909 6.390000
22910 2.190000
22911 1.990000
22912 2.190000
22913 3.990000
22914 3.990000
22915 3.990000
22916 1.990000
22917 1.990000
22918 3.990000
22919 1.990000
22920 1.490000
22921 6.490000
22922 3.290000
22923 2.990000
22924 2.990000
22925 2.990000
22926 2.990000
22927 2.990000
22928 3.990000
22929 2.190000
22930 3.490000
22931 9.990000
22932 4.290000
22933 5.490000
22934 10.490000
22935 10.490000
22936 3.390000
22937 5.250000
22938 5.490000
22939 6.990000
22940 2.490000
22941 2.490000
22942 2.490000
22943 2.490000
22944 2.490000
22945 6.500000
22946 5.500000
22947 3.950000
22948 4.500000
22949 3.990000
22950 5.950000
22951 3.950000
22952 4.500000
22953 3.950000
22954 3.950000
22955 4.950000
22956 2.990000
22957 4.950000
22958 3.950000
22959 3.950000
22960 6.950000
22961 5.950000
22962 1.190000
22963 1.490000
22964 1.490000
22965 5.390000
22966 21.990000
22967 8.990000
22968 8.990000
22969 11.790000
22970 1.890000
22971 1.500000
22972 1.500000
22973 1.500000
22974 1.990000
22975 1.990000
22976 10.990000
22977 1.990000
22978 1.830000
22979 1.790000
22980 1.990000
22981 0.310000
22982 1.990000
22983 2.750000
22984 2.590000
22985 2.390000
22986 2.390000
22987 2.350000
22988 2.390000
22989 2.350000
22990 2.390000
22991 3.650000
22992 2.690000
22993 2.390000
22994 26.990000
22995 7.190000
22996 19.990000
22997 19.990000
22998 28.990000
22999 36.990002
23000 7.990000
23001 8.790000
23002 19.990000
23003 27.990000
23004 12.990000
23005 3.290000
23006 2.990000
23007 2.990000
23008 3.490000
23009 3.290000
23010 3.990000
23011 3.990000
23012 3.290000
23013 5.990000
23014 2.500000
23015 2.550000
23016 3.890000
23017 3.890000
23018 2.950000
23019 3.790000
23020 2.290000
23021 2.490000
23022 2.990000
23023 1.990000
23024 1.190000
23025 3.250000
23026 5.250000
23027 3.990000
23028 4.890000
23029 5.250000
23030 0.500000
23031 3.390000
23032 1.190000
23033 2.950000
23034 3.590000
23035 4.190000
23036 1.990000
23037 1.990000
23038 4.990000
23039 4.990000
23040 4.990000
23041 2.990000
23042 2.990000
23043 2.990000
23044 2.590000
23045 2.590000
23046 2.590000
23047 2.990000
23048 2.990000
23049 2.990000
23050 2.990000
23051 2.990000
23052 4.990000
23053 3.690000
23054 4.290000
23055 1.250000
23056 1.250000
23057 1.990000
23058 3.790000
23059 2.990000
23060 1.190000
23061 2.990000
23062 2.590000
23063 3.990000
23064 3.990000
23065 3.990000
23066 2.990000
23067 1.290000
23068 2.990000
23069 3.490000
23070 2.990000
23071 2.990000
23072 2.990000
23073 1.590000
23074 0.950000
23075 1.590000
23076 1.590000
23077 1.590000
23078 1.590000
23079 1.590000
23080 3.490000
23081 1.590000
23082 1.590000
23083 1.590000
23084 3.490000
23085 1.590000
23086 3.490000
23087 1.590000
23088 3.490000
23089 1.590000
23090 1.590000
23091 1.590000
23092 3.990000
23093 2.690000
23094 1.590000
23095 0.480000
23096 1.590000
23097 0.950000
23098 1.590000
23099 1.590000
23100 1.590000
23101 1.590000
23102 1.590000
23103 1.590000
23104 1.090000
23105 1.090000
23106 1.090000
23107 1.090000
23108 1.090000
23109 1.490000
23110 1.490000
23111 3.350000
23112 3.090000
23113 2.490000
23114 2.490000
23115 2.190000
23116 2.190000
23117 3.090000
23118 3.090000
23119 2.790000
23120 0.990000
23121 0.990000
23122 0.990000
23123 0.990000
23124 0.990000
23125 0.990000
23126 1.390000
23127 0.390000
23128 3.500000
23129 3.990000
23130 4.500000
23131 4.990000
23132 5.990000
23133 6.500000
23134 6.990000
23135 7.500000
23136 2.290000
23137 2.290000
23138 2.290000
23139 2.290000
23140 2.290000
23141 2.290000
23142 2.690000
23143 2.390000
23144 2.290000
23145 2.390000
23146 2.690000
23147 0.990000
23148 0.990000
23149 0.990000
23150 0.990000
23151 0.990000
23152 0.990000
23153 3.190000
23154 3.190000
23155 3.190000
23156 4.450000
23157 3.190000
23158 2.490000
23159 1.890000
23160 1.890000
23161 1.890000
23162 1.890000
23163 1.890000
23164 1.890000
23165 1.890000
23166 1.890000
23167 1.890000
23168 1.890000
23169 1.500000
23170 1.500000
23171 1.500000
23172 1.990000
23173 1.990000
23174 1.990000
23175 1.990000
23176 1.990000
23177 1.990000
23178 1.990000
23179 1.990000
23180 1.990000
23181 1.990000
23182 1.990000
23183 1.990000
23184 2.990000
23185 2.990000
23186 2.990000
23187 1.980000
23188 1.980000
23189 1.980000
23190 1.190000
23191 24.990000
23192 19.990000
23193 9.990000
23194 1.990000
23195 5.990000
23196 0.590000
23197 3.790000
23198 9.990000
23199 19.990000
23200 42.990002
23201 42.990002
23202 29.990000
23203 12.990000
23204 49.990002
23205 15.990000
23206 3.990000
23207 5.990000
23208 1.950000
23209 0.990000
23210 0.990000
23211 0.990000
23212 0.990000
23213 0.990000
23214 0.990000
23215 0.990000
23216 0.990000
23217 0.990000
23218 0.990000
23219 0.990000
23220 0.990000
23221 0.990000
23222 0.990000
23223 0.990000
23224 0.990000
23225 0.990000
23226 0.990000
23227 0.990000
23228 0.990000
23229 0.990000
23230 0.990000
23231 0.990000
23232 0.990000
23233 0.990000
23234 0.990000
23235 0.990000
23236 0.990000
23237 0.990000
23238 0.990000
23239 0.990000
23240 0.990000
23241 0.990000
23242 0.990000
23243 0.990000
23244 0.990000
23245 0.990000
23246 0.990000
23247 0.990000
23248 0.990000
23249 0.990000
23250 0.990000
23251 0.990000
23252 0.990000
23253 0.990000
23254 0.990000
23255 0.990000
23256 0.990000
23257 0.990000
23258 0.990000
23259 0.990000
23260 0.990000
23261 0.990000
23262 0.990000
23263 0.990000
23264 0.990000
23265 0.990000
23266 0.990000
23267 0.990000
23268 0.990000
23269 0.990000
23270 0.990000
23271 0.990000
23272 0.990000
23273 0.990000
23274 0.990000
23275 0.990000
23276 0.990000
23277 0.990000
23278 0.990000
23279 0.990000
23280 0.990000
23281 0.990000
23282 0.990000
23283 0.990000
23284 0.990000
23285 0.990000
23286 0.990000
23287 0.990000
23288 0.990000
23289 0.990000
23290 0.990000
23291 0.990000
23292 0.990000
23293 0.990000
23294 0.990000
23295 0.990000
23296 0.990000
23297 0.990000
23298 0.990000
23299 0.990000
23300 0.990000
23301 0.990000
23302 0.990000
23303 0.990000
23304 0.990000
23305 0.990000
23306 0.990000
23307 0.990000
23308 0.990000
23309 0.990000
23310 0.990000
23311 0.990000
23312 0.990000
23313 0.990000
23314 0.990000
23315 0.990000
23316 0.990000
23317 0.990000
23318 1.990000
23319 2.290000
23320 2.290000
23321 0.990000
23322 1.950000
23323 2.250000
23324 2.500000
23325 2.950000
23326 3.950000
23327 4.950000
23328 1.950000
23329 2.250000
23330 0.990000
23331 0.990000
23332 0.990000
23333 0.990000
23334 0.990000
23335 0.990000
23336 0.990000
23337 0.990000
23338 1.990000
23339 1.990000
23340 1.990000
23341 1.990000
23342 1.990000
23343 1.990000
23344 1.990000
23345 1.990000
23346 1.990000
23347 1.990000
23348 1.990000
23349 1.990000
23350 1.990000
23351 1.990000
23352 1.990000
23353 1.990000
23354 1.990000
23355 1.990000
23356 1.990000
23357 0.990000
23358 0.990000
23359 1.990000
23360 1.990000
23361 1.990000
23362 1.990000
23363 1.990000
23364 1.990000
23365 1.990000
23366 1.990000
23367 0.990000
23368 1.990000
23369 1.990000
23370 0.990000
23371 1.990000
23372 0.990000
23373 0.990000
23374 1.950000
23375 2.250000
23376 1.950000
23377 1.950000
23378 2.250000
23379 2.250000
23380 1.990000
23381 1.990000
23382 1.990000
23383 1.990000
23384 1.990000
23385 1.990000
23386 1.990000
23387 1.990000
23388 1.990000
23389 2.990000
23390 3.990000
23391 1.990000
23392 1.990000
23393 1.990000
23394 1.990000
23395 1.990000
23396 1.990000
23397 1.990000
23398 1.990000
23399 2.490000
23400 2.490000
23401 2.490000
23402 2.490000
23403 2.490000
23404 2.490000
23405 2.490000
23406 2.990000
23407 2.990000
23408 2.990000
23409 2.990000
23410 2.990000
23411 1.990000
23412 2.990000
23413 1.990000
23414 1.990000
23415 1.990000
23416 1.990000
23417 1.990000
23418 1.990000
23419 1.990000
23420 2.490000
23421 1.990000
23422 2.490000
23423 1.990000
23424 1.990000
23425 2.990000
23426 1.990000
23427 1.990000
23428 1.990000
23429 1.990000
23430 1.990000
23431 1.990000
23432 1.990000
23433 2.290000
23434 2.290000
23435 2.290000
23436 2.990000
23437 2.490000
23438 2.490000
23439 2.490000
23440 2.990000
23441 2.990000
23442 3.990000
23443 2.990000
23444 1.990000
23445 2.290000
23446 2.990000
23447 1.990000
23448 1.990000
23449 2.290000
23450 1.990000
23451 1.990000
23452 2.990000
23453 1.990000
23454 2.990000
23455 1.990000
23456 2.290000
23457 1.990000
23458 2.990000
23459 1.990000
23460 1.990000
23461 2.290000
23462 1.990000
23463 2.990000
23464 2.990000
23465 1.990000
23466 2.990000
23467 1.990000
23468 1.990000
23469 1.990000
23470 1.990000
23471 1.990000
23472 1.990000
23473 2.290000
23474 1.990000
23475 1.990000
23476 2.290000
23477 2.490000
23478 2.490000
23479 2.490000
23480 2.290000
23481 3.490000
23482 2.490000
23483 2.490000
23484 2.490000
23485 2.490000
23486 2.490000
23487 2.490000
23488 2.290000
23489 2.490000
23490 2.490000
23491 2.990000
23492 2.490000
23493 2.490000
23494 2.490000
23495 1.990000
23496 2.490000
23497 3.990000
23498 3.990000
23499 1.990000
23500 2.490000
23501 1.990000
23502 2.490000
23503 1.990000
23504 1.990000
23505 1.990000
23506 2.490000
23507 1.990000
23508 2.490000
23509 1.990000
23510 1.990000
23511 1.990000
23512 2.490000
23513 1.990000
23514 1.990000
23515 2.490000
23516 1.990000
23517 1.990000
23518 1.990000
23519 2.490000
23520 1.990000
23521 1.990000
23522 1.990000
23523 2.490000
23524 1.990000
23525 1.990000
23526 1.990000
23527 1.990000
23528 3.990000
23529 2.990000
23530 2.490000
23531 1.990000
23532 2.790000
23533 2.790000
23534 1.390000
23535 2.790000
23536 2.790000
23537 2.190000
23538 6.990000
23539 3.990000
23540 2.190000
23541 3.490000
23542 3.490000
23543 3.490000
23544 3.490000
23545 4.490000
23546 3.490000
23547 3.490000
23548 3.490000
23549 3.490000
23550 2.390000
23551 2.390000
23552 2.390000
23553 2.390000
23554 2.490000
23555 2.490000
23556 2.490000
23557 3.490000
23558 6.490000
23559 6.490000
23560 6.990000
23561 6.990000
23562 4.490000
23563 4.490000
23564 2.490000
23565 2.490000
23566 2.490000
23567 2.490000
23568 2.490000
23569 2.490000
23570 2.590000
23571 2.590000
23572 2.590000
23573 2.590000
23574 2.590000
23575 2.490000
23576 2.490000
23577 8.490000
23578 8.490000
23579 3.490000
23580 3.490000
23581 2.490000
23582 2.490000
23583 2.490000
23584 2.590000
23585 2.590000
23586 2.390000
23587 2.390000
23588 2.490000
23589 2.490000
23590 2.590000
23591 2.590000
23592 3.490000
23593 3.490000
23594 2.390000
23595 2.390000
23596 2.490000
23597 2.390000
23598 3.490000
23599 4.690000
23600 3.990000
23601 3.990000
23602 3.990000
23603 3.990000
23604 3.990000
23605 3.990000
23606 3.990000
23607 3.990000
23608 3.990000
23609 3.990000
23610 3.990000
23611 3.990000
23612 3.990000
23613 3.990000
23614 3.990000
23615 3.990000
23616 3.490000
23617 3.490000
23618 3.490000
23619 2.590000
23620 2.390000
23621 3.990000
23622 3.990000
23623 3.990000
23624 3.990000
23625 3.990000
23626 3.990000
23627 3.990000
23628 3.990000
23629 3.990000
23630 3.990000
23631 3.990000
23632 3.990000
23633 3.990000
23634 3.990000
23635 3.990000
23636 3.990000
23637 3.990000
23638 3.990000
23639 3.990000
23640 3.990000
23641 3.990000
23642 3.990000
23643 3.990000
23644 3.990000
23645 3.990000
23646 4.990000
23647 4.990000
23648 4.990000
23649 4.990000
23650 4.990000
23651 4.990000
23652 4.990000
23653 3.990000
23654 3.990000
23655 3.990000
23656 3.990000
23657 3.990000
23658 3.990000
23659 3.990000
23660 3.990000
23661 3.990000
23662 3.990000
23663 3.990000
23664 3.990000
23665 3.990000
23666 4.000000
23667 4.000000
23668 2.690000
23669 2.690000
23670 2.690000
23671 2.690000
23672 2.290000
23673 2.290000
23674 5.000000
23675 5.000000
23676 5.000000
23677 5.000000
23678 5.000000
23679 5.000000
23680 5.000000
23681 5.000000
23682 2.790000
23683 2.750000
23684 1.990000
23685 2.790000
23686 2.750000
23687 3.990000
23688 2.890000
23689 2.890000
23690 4.090000
23691 4.090000
23692 4.090000
23693 4.090000
23694 4.090000
23695 3.990000
23696 3.990000
23697 3.990000
23698 4.090000
23699 4.090000
23700 4.090000
23701 4.090000
23702 9.990000
23703 3.990000
23704 2.790000
23705 3.790000
23706 3.990000
23707 3.990000
23708 2.990000
23709 2.990000
23710 2.790000
23711 5.490000
23712 3.590000
23713 2.950000
23714 2.590000
23715 4.590000
23716 2.950000
23717 2.950000
23718 5.290000
23719 5.290000
23720 2.490000
23721 0.990000
23722 2.690000
23723 0.490000
23724 0.490000
23725 0.490000
23726 0.490000
23727 5.290000
23728 11.990000
23729 11.990000
23730 11.190000
23731 10.790000
23732 3.290000
23733 9.590000
23734 9.590000
23735 9.590000
23736 9.590000
23737 9.590000
23738 9.590000
23739 9.590000
23740 9.590000
23741 3.790000
23742 10.790000
23743 5.790000
23744 4.890000
23745 3.490000
23746 9.590000
23747 9.590000
23748 10.790000
23749 10.790000
23750 10.790000
23751 12.990000
23752 9.590000
23753 9.590000
23754 9.590000
23755 10.390000
23756 11.490000
23757 11.490000
23758 5.290000
23759 5.290000
23760 11.990000
23761 9.590000
23762 9.590000
23763 22.990000
23764 9.590000
23765 4.390000
23766 4.390000
23767 23.590000
23768 9.790000
23769 9.790000
23770 9.490000
23771 9.490000
23772 5.290000
23773 5.090000
23774 5.490000
23775 19.990000
23776 21.190001
23777 9.590000
23778 1.000000
23779 1.090000
23780 1.090000
23781 1.000000
23782 9.590000
23783 7.790000
23784 5.290000
23785 5.290000
23786 5.290000
23787 1.590000
23788 1.590000
23789 3.390000
23790 4.390000
23791 4.390000
23792 2.500000
23793 2.500000
23794 2.500000
23795 2.500000
23796 2.500000
23797 2.500000
23798 8.990000
23799 8.990000
23800 8.990000
23801 4.390000
23802 2.500000
23803 2.500000
23804 4.390000
23805 4.390000
23806 2.490000
23807 2.490000
23808 2.490000
23809 3.790000
23810 3.790000
23811 3.790000
23812 3.790000
23813 3.790000
23814 3.790000
23815 2.390000
23816 2.990000
23817 2.990000
23818 4.690000
23819 9.590000
23820 3.090000
23821 7.990000
23822 3.290000
23823 3.390000
23824 6.190000
23825 7.990000
23826 7.990000
23827 2.990000
23828 2.290000
23829 3.590000
23830 2.690000
23831 3.990000
23832 6.990000
23833 10.990000
23834 7.790000
23835 8.990000
23836 2.690000
23837 2.990000
23838 2.590000
23839 2.590000
23840 2.590000
23841 2.590000
23842 3.290000
23843 3.290000
23844 3.490000
23845 10.990000
23846 3.890000
23847 1.290000
23848 3.290000
23849 1.790000
23850 1.890000
23851 1.790000
23852 1.790000
23853 1.690000
23854 12.990000
23855 1.890000
23856 14.790000
23857 2.190000
23858 1.890000
23859 1.990000
23860 1.590000
23861 1.790000
23862 1.890000
23863 4.490000
23864 2.190000
23865 2.190000
23866 3.990000
23867 2.090000
23868 5.790000
23869 5.790000
23870 6.790000
23871 6.990000
23872 6.990000
23873 1.790000
23874 1.790000
23875 1.490000
23876 1.890000
23877 1.890000
23878 2.490000
23879 2.990000
23880 1.390000
23881 1.390000
23882 1.390000
23883 1.390000
23884 1.390000
23885 3.590000
23886 2.790000
23887 2.790000
23888 2.990000
23889 2.790000
23890 2.790000
23891 2.790000
23892 2.990000
23893 1.390000
23894 2.790000
23895 2.990000
23896 2.790000
23897 2.790000
23898 2.790000
23899 2.790000
23900 4.390000
23901 5.990000
23902 5.990000
23903 3.250000
23904 0.750000
23905 1.450000
23906 2.190000
23907 4.390000
23908 5.690000
23909 4.290000
23910 4.690000
23911 4.690000
23912 5.490000
23913 1.790000
23914 2.490000
23915 2.490000
23916 1.790000
23917 2.490000
23918 2.690000
23919 2.190000
23920 3.490000
23921 1.890000
23922 1.890000
23923 1.890000
23924 1.890000
23925 1.890000
23926 1.890000
23927 1.890000
23928 5.990000
23929 5.990000
23930 6.390000
23931 13.950000
23932 1.890000
23933 3.490000
23934 3.290000
23935 3.290000
23936 3.290000
23937 3.290000
23938 3.290000
23939 2.790000
23940 2.790000
23941 2.790000
23942 2.790000
23943 2.790000
23944 3.290000
23945 3.290000
23946 3.290000
23947 3.290000
23948 3.290000
23949 2.990000
23950 2.990000
23951 2.990000
23952 2.990000
23953 2.990000
23954 2.990000
23955 2.990000
23956 1.990000
23957 2.690000
23958 3.290000
23959 3.290000
23960 2.990000
23961 2.990000
23962 2.990000
23963 2.990000
23964 2.490000
23965 3.290000
23966 3.290000
23967 3.290000
23968 3.290000
23969 3.290000
23970 3.290000
23971 3.290000
23972 3.290000
23973 1.490000
23974 1.490000
23975 1.490000
23976 3.990000
23977 3.990000
23978 3.990000
23979 1.790000
23980 1.790000
23981 1.790000
23982 1.790000
23983 1.790000
23984 3.990000
23985 3.990000
23986 3.990000
23987 3.990000
23988 3.990000
23989 3.990000
23990 3.990000
23991 1.590000
23992 1.590000
23993 0.250000
23994 0.250000
23995 0.250000
23996 1.890000
23997 1.890000
23998 1.990000
23999 1.990000
24000 0.390000
24001 3.990000
24002 3.990000
24003 6.990000
24004 0.990000
24005 0.990000
24006 2.990000
24007 1.390000
24008 1.390000
24009 1.390000
24010 2.500000
24011 2.990000
24012 2.990000
24013 3.590000
24014 3.290000
24015 1.150000
24016 1.150000
24017 2.990000
24018 2.290000
24019 15.490000
24020 2.990000
24021 3.790000
24022 4.190000
24023 3.990000
24024 3.990000
24025 3.990000
24026 3.990000
24027 2.990000
24028 5.190000
24029 3.290000
24030 2.290000
24031 9.990000
24032 10.790000
24033 5.750000
24034 7.690000
24035 14.990000
24036 3.190000
24037 4.490000
24038 2.350000
24039 4.490000
24040 4.490000
24041 6.190000
24042 6.190000
24043 4.490000
24044 4.490000
24045 4.990000
24046 8.790000
24047 4.990000
24048 8.790000
24049 4.990000
24050 3.190000
24051 1.690000
24052 1.290000
24053 1.290000
24054 1.290000
24055 1.290000
24056 1.290000
24057 1.290000
24058 10.990000
24059 5.390000
24060 3.990000
24061 3.990000
24062 3.590000
24063 4.690000
24064 6.590000
24065 11.790000
24066 4.690000
24067 4.690000
24068 1.990000
24069 1.990000
24070 1.990000
24071 1.990000
24072 1.990000
24073 2.190000
24074 9.290000
24075 2.590000
24076 3.990000
24077 3.990000
24078 3.790000
24079 3.490000
24080 3.490000
24081 7.990000
24082 3.990000
24083 3.990000
24084 3.290000
24085 1.990000
24086 1.390000
24087 1.990000
24088 1.390000
24089 2.990000
24090 3.290000
24091 3.290000
24092 1.390000
24093 3.290000
24094 2.990000
24095 1.390000
24096 1.390000
24097 3.290000
24098 1.390000
24099 1.390000
24100 1.990000
24101 1.890000
24102 1.890000
24103 2.290000
24104 2.290000
24105 2.290000
24106 2.290000
24107 2.290000
24108 1.500000
24109 2.990000
24110 1.690000
24111 1.690000
24112 3.290000
24113 4.690000
24114 5.490000
24115 2.890000
24116 3.290000
24117 2.890000
24118 2.790000
24119 3.390000
24120 3.390000
24121 3.390000
24122 3.390000
24123 2.090000
24124 2.090000
24125 2.090000
24126 2.090000
24127 2.090000
24128 1.990000
24129 3.190000
24130 4.990000
24131 4.990000
24132 4.490000
24133 5.090000
24134 5.190000
24135 4.490000
24136 5.290000
24137 5.490000
24138 4.990000
24139 3.990000
24140 4.490000
24141 4.990000
24142 4.990000
24143 4.490000
24144 4.990000
24145 2.790000
24146 4.990000
24147 0.690000
24148 0.690000
24149 1.090000
24150 1.090000
24151 3.650000
24152 2.490000
24153 2.490000
24154 2.490000
24155 1.690000
24156 3.990000
24157 3.990000
24158 2.690000
24159 1.990000
24160 3.000000
24161 2.990000
24162 3.990000
24163 3.190000
24164 1.890000
24165 2.190000
24166 1.490000
24167 2.090000
24168 1.990000
24169 2.290000
24170 5.390000
24171 1.390000
24172 5.390000
24173 1.000000
24174 1.000000
24175 1.500000
24176 1.500000
24177 1.500000
24178 5.790000
24179 5.790000
24180 5.790000
24181 2.990000
24182 1.790000
24183 2.990000
24184 1.500000
24185 2.090000
24186 0.990000
24187 2.000000
24188 1.500000
24189 2.390000
24190 1.190000
24191 1.290000
24192 4.290000
24193 2.000000
24194 2.000000
24195 1.090000
24196 1.090000
24197 1.090000
24198 1.090000
24199 2.490000
24200 2.990000
24201 2.990000
24202 2.990000
24203 2.990000
24204 2.990000
24205 2.990000
24206 2.990000
24207 2.990000
24208 1.790000
24209 9.990000
24210 9.990000
24211 9.990000
24212 1.490000
24213 1.490000
24214 1.390000
24215 3.390000
24216 1.990000
24217 2.190000
24218 2.190000
24219 2.190000
24220 2.690000
24221 2.490000
24222 4.290000
24223 2.490000
24224 2.490000
24225 2.490000
24226 2.490000
24227 2.490000
24228 2.490000
24229 2.490000
24230 2.490000
24231 2.490000
24232 2.490000
24233 2.050000
24234 3.290000
24235 3.090000
24236 3.290000
24237 6.990000
24238 6.990000
24239 0.990000
24240 2.690000
24241 2.690000
24242 1.990000
24243 2.290000
24244 1.890000
24245 1.890000
24246 3.990000
24247 3.990000
24248 2.990000
24249 2.990000
24250 2.490000
24251 2.490000
24252 3.990000
24253 4.990000
24254 0.990000
24255 5.990000
24256 3.590000
24257 2.990000
24258 3.590000
24259 1.390000
24260 1.390000
24261 2.490000
24262 2.490000
24263 2.490000
24264 2.490000
24265 2.490000
24266 2.590000
24267 2.490000
24268 2.490000
24269 3.590000
24270 3.590000
24271 4.590000
24272 4.990000
24273 3.990000
24274 2.190000
24275 2.190000
24276 3.590000
24277 3.490000
24278 1.790000
24279 1.790000
24280 2.490000
24281 2.990000
24282 2.990000
24283 2.990000
24284 2.990000
24285 2.990000
24286 3.390000
24287 3.390000
24288 2.590000
24289 3.390000
24290 2.590000
24291 0.750000
24292 0.750000
24293 0.750000
24294 0.750000
24295 0.750000
24296 0.750000
24297 0.750000
24298 0.750000
24299 0.750000
24300 0.750000
24301 0.750000
24302 0.750000
24303 0.750000
24304 0.750000
24305 0.750000
24306 0.750000
24307 0.750000
24308 0.750000
24309 0.750000
24310 0.750000
24311 0.750000
24312 0.750000
24313 0.750000
24314 0.750000
24315 0.750000
24316 0.750000
24317 0.750000
24318 2.790000
24319 2.790000
24320 2.790000
24321 2.790000
24322 2.790000
24323 2.790000
24324 2.790000
24325 2.790000
24326 2.790000
24327 0.750000
24328 0.750000
24329 0.750000
24330 0.750000
24331 0.750000
24332 0.750000
24333 0.750000
24334 0.750000
24335 0.750000
24336 0.750000
24337 0.750000
24338 0.750000
24339 0.750000
24340 0.750000
24341 0.750000
24342 2.650000
24343 2.650000
24344 2.650000
24345 2.650000
24346 0.690000
24347 3.190000
24348 4.390000
24349 0.990000
24350 0.990000
24351 0.990000
24352 2.590000
24353 2.590000
24354 1.300000
24355 2.990000
24356 2.990000
24357 5.190000
24358 2.990000
24359 2.990000
24360 4.990000
24361 2.990000
24362 5.190000
24363 2.990000
24364 5.190000
24365 2.990000
24366 0.990000
24367 2.990000
24368 3.990000
24369 3.990000
24370 3.990000
24371 5.190000
24372 1.090000
24373 1.090000
24374 1.090000
24375 1.090000
24376 1.090000
24377 0.690000
24378 1.090000
24379 2.090000
24380 1.490000
24381 2.990000
24382 2.990000
24383 8.990000
24384 8.990000
24385 5.490000
24386 4.490000
24387 4.490000
24388 2.990000
24389 2.990000
24390 6.890000
24391 6.890000
24392 2.990000
24393 9.490000
24394 5.390000
24395 5.390000
24396 5.990000
24397 6.290000
24398 5.990000
24399 14.490000
24400 2.390000
24401 4.990000
24402 4.990000
24403 4.390000
24404 4.990000
24405 4.990000
24406 4.390000
24407 7.990000
24408 5.390000
24409 7.290000
24410 9.990000
24411 7.990000
24412 11.990000
24413 18.990000
24414 18.990000
24415 9.990000
24416 9.990000
24417 4.790000
24418 4.790000
24419 4.790000
24420 4.790000
24421 4.790000
24422 5.990000
24423 5.990000
24424 5.990000
24425 5.990000
24426 6.290000
24427 6.290000
24428 7.990000
24429 6.490000
24430 10.490000
24431 8.590000
24432 10.890000
24433 7.290000
24434 7.290000
24435 7.290000
24436 10.990000
24437 13.790000
24438 13.790000
24439 5.990000
24440 5.990000
24441 12.490000
24442 11.990000
24443 6.290000
24444 7.590000
24445 11.190000
24446 5.990000
24447 7.990000
24448 5.990000
24449 5.590000
24450 8.990000
24451 8.990000
24452 6.990000
24453 5.990000
24454 4.590000
24455 5.990000
24456 11.190000
24457 7.990000
24458 9.790000
24459 9.790000
24460 1.290000
24461 0.990000
24462 1.790000
24463 0.990000
24464 1.990000
24465 1.290000
24466 0.650000
24467 0.690000
24468 0.690000
24469 0.690000
24470 0.690000
24471 0.690000
24472 0.690000
24473 0.690000
24474 0.690000
24475 0.690000
24476 0.690000
24477 0.690000
24478 0.690000
24479 0.690000
24480 0.690000
24481 0.690000
24482 0.690000
24483 0.690000
24484 0.690000
24485 1.290000
24486 1.190000
24487 1.290000
24488 0.690000
24489 0.690000
24490 0.690000
24491 0.690000
24492 0.690000
24493 0.690000
24494 1.190000
24495 1.990000
24496 1.990000
24497 2.290000
24498 1.990000
24499 1.990000
24500 2.990000
24501 3.590000
24502 5.490000
24503 3.590000
24504 2.990000
24505 2.990000
24506 4.490000
24507 1.890000
24508 1.890000
24509 2.290000
24510 2.290000
24511 2.990000
24512 2.990000
24513 1.790000
24514 1.590000
24515 1.590000
24516 1.590000
24517 1.590000
24518 1.590000
24519 1.590000
24520 1.690000
24521 1.190000
24522 1.490000
24523 1.190000
24524 3.590000
24525 3.590000
24526 1.650000
24527 2.390000
24528 2.590000
24529 2.850000
24530 2.390000
24531 2.590000
24532 2.590000
24533 2.590000
24534 1.250000
24535 3.790000
24536 3.790000
24537 1.390000
24538 2.890000
24539 3.590000
24540 3.490000
24541 3.490000
24542 3.490000
24543 6.690000
24544 4.590000
24545 4.490000
24546 3.390000
24547 3.090000
24548 4.490000
24549 6.490000
24550 5.590000
24551 3.990000
24552 3.990000
24553 3.390000
24554 1.090000
24555 3.890000
24556 4.490000
24557 2.690000
24558 2.890000
24559 1.090000
24560 2.690000
24561 1.290000
24562 2.390000
24563 1.890000
24564 5.490000
24565 6.790000
24566 6.390000
24567 6.790000
24568 2.090000
24569 4.690000
24570 4.790000
24571 2.990000
24572 3.950000
24573 7.950000
24574 2.490000
24575 2.490000
24576 2.990000
24577 1.990000
24578 2.990000
24579 2.990000
24580 1.190000
24581 1.190000
24582 1.190000
24583 4.690000
24584 4.690000
24585 4.690000
24586 4.690000
24587 4.690000
24588 4.690000
24589 4.690000
24590 4.690000
24591 4.690000
24592 4.690000
24593 4.690000
24594 4.690000
24595 4.690000
24596 4.690000
24597 4.690000
24598 4.690000
24599 4.690000
24600 4.690000
24601 4.690000
24602 4.690000
24603 4.690000
24604 4.690000
24605 4.690000
24606 4.690000
24607 6.390000
24608 6.390000
24609 6.390000
24610 6.390000
24611 6.390000
24612 6.390000
24613 6.390000
24614 6.390000
24615 6.390000
24616 6.390000
24617 6.390000
24618 4.690000
24619 4.690000
24620 4.990000
24621 4.990000
24622 4.990000
24623 4.990000
24624 4.990000
24625 4.990000
24626 4.990000
24627 4.990000
24628 4.990000
24629 3.690000
24630 3.690000
24631 3.690000
24632 2.190000
24633 4.790000
24634 3.890000
24635 3.990000
24636 4.190000
24637 4.190000
24638 4.490000
24639 2.190000
24640 3.990000
24641 2.990000
24642 6.390000
24643 6.390000
24644 6.390000
24645 5.290000
24646 6.390000
24647 6.390000
24648 6.390000
24649 6.390000
24650 6.390000
24651 2.490000
24652 2.390000
24653 2.590000
24654 3.290000
24655 3.290000
24656 3.290000
24657 3.290000
24658 2.190000
24659 1.890000
24660 3.290000
24661 3.290000
24662 3.290000
24663 2.890000
24664 2.890000
24665 0.670000
24666 0.670000
24667 6.790000
24668 3.990000
24669 3.990000
24670 3.990000
24671 3.990000
24672 3.990000
24673 1.390000
24674 3.090000
24675 3.490000
24676 1.650000
24677 2.690000
24678 1.390000
24679 2.190000
24680 2.190000
24681 2.190000
24682 1.390000
24683 1.590000
24684 0.790000
24685 1.090000
24686 1.890000
24687 3.490000
24688 1.690000
24689 2.890000
24690 1.990000
24691 2.890000
24692 2.190000
24693 0.790000
24694 2.790000
24695 2.290000
24696 2.790000
24697 0.790000
24698 3.990000
24699 2.590000
24700 2.790000
24701 1.290000
24702 1.890000
24703 2.390000
24704 1.270000
24705 2.390000
24706 1.890000
24707 2.690000
24708 2.490000
24709 1.690000
24710 1.690000
24711 1.690000
24712 1.690000
24713 1.690000
24714 1.790000
24715 0.990000
24716 2.490000
24717 2.890000
24718 1.690000
24719 3.390000
24720 1.690000
24721 1.190000
24722 0.690000
24723 1.290000
24724 1.290000
24725 0.990000
24726 1.990000
24727 1.990000
24728 1.990000
24729 0.690000
24730 0.690000
24731 0.690000
24732 0.690000
24733 2.290000
24734 2.290000
24735 2.290000
24736 2.290000
24737 2.290000
24738 2.790000
24739 2.090000
24740 2.890000
24741 0.990000
24742 2.590000
24743 2.490000
24744 2.090000
24745 2.490000
24746 3.490000
24747 2.990000
24748 3.490000
24749 4.990000
24750 2.890000
24751 2.890000
24752 2.990000
24753 2.290000
24754 2.290000
24755 1.390000
24756 2.590000
24757 2.790000
24758 2.390000
24759 2.190000
24760 2.990000
24761 2.790000
24762 1.990000
24763 2.370000
24764 2.370000
24765 2.790000
24766 4.390000
24767 2.990000
24768 3.990000
24769 3.690000
24770 2.390000
24771 2.390000
24772 2.790000
24773 1.590000
24774 2.590000
24775 2.690000
24776 2.490000
24777 2.490000
24778 2.990000
24779 2.490000
24780 4.390000
24781 3.490000
24782 2.290000
24783 3.690000
24784 2.090000
24785 3.490000
24786 2.390000
24787 1.790000
24788 2.690000
24789 2.590000
24790 2.390000
24791 1.990000
24792 1.790000
24793 1.090000
24794 1.290000
24795 1.290000
24796 3.390000
24797 2.090000
24798 5.590000
24799 2.250000
24800 4.390000
24801 1.590000
24802 1.590000
24803 1.090000
24804 1.090000
24805 1.090000
24806 1.090000
24807 2.090000
24808 1.590000
24809 1.090000
24810 1.090000
24811 1.090000
24812 1.090000
24813 1.090000
24814 1.090000
24815 1.090000
24816 1.090000
24817 1.090000
24818 1.090000
24819 1.090000
24820 1.590000
24821 1.590000
24822 1.090000
24823 1.090000
24824 1.890000
24825 1.890000
24826 1.090000
24827 1.090000
24828 1.090000
24829 1.390000
24830 1.590000
24831 1.890000
24832 2.290000
24833 2.290000
24834 2.290000
24835 1.890000
24836 2.990000
24837 2.290000
24838 6.490000
24839 1.990000
24840 1.990000
24841 1.990000
24842 1.990000
24843 1.990000
24844 1.990000
24845 1.990000
24846 2.590000
24847 5.890000
24848 2.490000
24849 2.490000
24850 3.490000
24851 3.490000
24852 3.490000
24853 3.490000
24854 3.450000
24855 1.790000
24856 1.790000
24857 2.390000
24858 3.390000
24859 1.950000
24860 3.390000
24861 3.390000
24862 0.790000
24863 0.450000
24864 0.450000
24865 0.450000
24866 0.450000
24867 0.450000
24868 2.490000
24869 2.490000
24870 2.990000
24871 2.090000
24872 2.090000
24873 1.890000
24874 1.890000
24875 2.690000
24876 4.590000
24877 6.990000
24878 2.690000
24879 4.290000
24880 7.590000
24881 4.990000
24882 2.390000
24883 2.390000
24884 2.390000
24885 2.190000
24886 1.690000
24887 1.790000
24888 0.990000
24889 3.090000
24890 4.690000
24891 3.990000
24892 3.990000
24893 3.290000
24894 1.790000
24895 1.790000
24896 1.790000
24897 1.790000
24898 2.290000
24899 2.290000
24900 2.290000
24901 3.390000
24902 5.390000
24903 3.190000
24904 2.590000
24905 2.590000
24906 2.590000
24907 2.590000
24908 3.390000
24909 2.590000
24910 4.090000
24911 4.290000
24912 2.590000
24913 4.290000
24914 3.390000
24915 2.590000
24916 2.590000
24917 2.590000
24918 2.590000
24919 2.590000
24920 2.590000
24921 2.590000
24922 2.590000
24923 2.590000
24924 2.590000
24925 2.590000
24926 2.590000
24927 3.390000
24928 2.590000
24929 2.590000
24930 2.590000
24931 3.390000
24932 3.390000
24933 3.390000
24934 3.390000
24935 3.390000
24936 2.590000
24937 2.590000
24938 2.590000
24939 2.590000
24940 2.590000
24941 2.590000
24942 2.590000
24943 2.590000
24944 2.590000
24945 2.590000
24946 2.590000
24947 2.590000
24948 2.590000
24949 2.590000
24950 2.590000
24951 2.590000
24952 9.990000
24953 9.990000
24954 9.990000
24955 9.990000
24956 9.990000
24957 9.990000
24958 2.390000
24959 3.490000
24960 2.090000
24961 0.990000
24962 2.090000
24963 2.090000
24964 2.090000
24965 2.090000
24966 2.490000
24967 5.990000
24968 1.790000
24969 1.590000
24970 6.890000
24971 3.690000
24972 1.290000
24973 1.690000
24974 1.690000
24975 2.290000
24976 0.890000
24977 2.390000
24978 0.890000
24979 1.490000
24980 1.590000
24981 2.750000
24982 2.750000
24983 2.590000
24984 3.490000
24985 2.190000
24986 1.790000
24987 1.790000
24988 0.990000
24989 0.990000
24990 0.990000
24991 0.990000
24992 0.990000
24993 0.990000
24994 0.990000
24995 0.990000
24996 1.290000
24997 1.290000
24998 1.290000
24999 1.290000
25000 0.990000
25001 3.590000
25002 3.590000
25003 3.590000
25004 3.590000
25005 3.590000
25006 3.590000
25007 4.890000
25008 2.190000
25009 1.290000
25010 5.990000
25011 3.990000
25012 2.290000
25013 5.990000
25014 5.990000
25015 5.990000
25016 12.990000
25017 5.990000
25018 5.990000
25019 12.990000
25020 5.990000
25021 0.590000
25022 2.890000
25023 2.590000
25024 2.590000
25025 2.590000
25026 2.490000
25027 2.890000
25028 3.650000
25029 3.650000
25030 3.490000
25031 2.550000
25032 2.550000
25033 3.090000
25034 3.650000
25035 3.490000
25036 3.490000
25037 3.490000
25038 3.490000
25039 3.090000
25040 3.090000
25041 3.490000
25042 2.550000
25043 3.090000
25044 2.890000
25045 2.890000
25046 3.690000
25047 3.190000
25048 3.190000
25049 3.190000
25050 3.190000
25051 3.190000
25052 3.190000
25053 3.190000
25054 3.290000
25055 3.290000
25056 3.290000
25057 3.290000
25058 3.290000
25059 3.290000
25060 1.490000
25061 0.790000
25062 0.790000
25063 0.790000
25064 0.790000
25065 0.790000
25066 0.790000
25067 0.790000
25068 0.790000
25069 0.790000
25070 0.790000
25071 0.790000
25072 0.790000
25073 1.490000
25074 1.390000
25075 2.850000
25076 2.850000
25077 2.850000
25078 2.850000
25079 2.850000
25080 2.850000
25081 1.090000
25082 1.090000
25083 1.090000
25084 1.090000
25085 1.090000
25086 1.090000
25087 1.090000
25088 1.090000
25089 1.090000
25090 1.090000
25091 2.290000
25092 2.290000
25093 2.290000
25094 2.290000
25095 1.690000
25096 2.490000
25097 2.490000
25098 2.490000
25099 2.490000
25100 2.490000
25101 2.490000
25102 2.290000
25103 2.290000
25104 2.290000
25105 2.290000
25106 0.990000
25107 0.990000
25108 0.990000
25109 0.990000
25110 0.990000
25111 0.990000
25112 0.990000
25113 0.990000
25114 2.290000
25115 2.290000
25116 2.290000
25117 2.290000
25118 2.290000
25119 2.290000
25120 3.890000
25121 3.890000
25122 3.890000
25123 3.890000
25124 3.890000
25125 3.890000
25126 1.690000
25127 1.690000
25128 1.690000
25129 1.690000
25130 1.690000
25131 1.690000
25132 1.690000
25133 1.690000
25134 2.790000
25135 2.790000
25136 2.790000
25137 1.490000
25138 1.290000
25139 1.590000
25140 2.390000
25141 1.990000
25142 2.450000
25143 2.990000
25144 2.990000
25145 2.990000
25146 2.990000
25147 0.500000
25148 1.990000
25149 1.990000
25150 3.990000
25151 9.990000
25152 9.990000
25153 12.990000
25154 7.990000
25155 4.190000
25156 3.990000
25157 3.990000
25158 4.990000
25159 5.990000
25160 2.690000
25161 5.990000
25162 7.990000
25163 7.990000
25164 9.990000
25165 5.690000
25166 8.990000
25167 16.990000
25168 17.990000
25169 21.990000
25170 4.990000
25171 4.990000
25172 12.990000
25173 4.990000
25174 4.990000
25175 4.990000
25176 12.990000
25177 9.990000
25178 9.990000
25179 8.990000
25180 4.490000
25181 9.990000
25182 9.990000
25183 10.590000
25184 4.490000
25185 12.990000
25186 10.990000
25187 8.990000
25188 2.390000
25189 2.290000
25190 2.290000
25191 2.290000
25192 2.290000
25193 3.690000
25194 4.990000
25195 2.290000
25196 2.500000
25197 8.990000
25198 2.500000
25199 2.500000
25200 1.490000
25201 1.490000
25202 1.990000
25203 0.990000
25204 2.490000
25205 3.990000
25206 1.490000
25207 1.990000
25208 1.000000
25209 1.000000
25210 0.990000
25211 0.990000
25212 0.990000
25213 0.990000
25214 0.990000
25215 0.990000
25216 0.990000
25217 0.990000
25218 2.190000
25219 1.500000
25220 1.790000
25221 0.990000
25222 2.890000
25223 2.890000
25224 2.890000
25225 2.890000
25226 2.890000
25227 1.990000
25228 2.490000
25229 3.990000
25230 1.990000
25231 4.290000
25232 4.290000
25233 3.490000
25234 3.990000
25235 1.890000
25236 4.990000
25237 1.890000
25238 0.990000
25239 2.500000
25240 1.990000
25241 1.990000
25242 2.890000
25243 2.390000
25244 2.490000
25245 1.690000
25246 1.290000
25247 0.100000
25248 0.100000
25249 0.100000
25250 6.990000
25251 1.190000
25252 4.990000
25253 4.990000
25254 3.500000
25255 5.990000
25256 9.990000
25257 10.990000
25258 4.990000
25259 2.990000
25260 3.500000
25261 3.490000
25262 2.990000
25263 5.990000
25264 3.500000
25265 5.500000
25266 2.990000
25267 4.990000
25268 3.950000
25269 9.950000
25270 11.990000
25271 5.500000
25272 11.990000
25273 2.250000
25274 2.250000
25275 1.990000
25276 1.990000
25277 2.950000
25278 2.250000
25279 4.990000
25280 2.990000
25281 5.990000
25282 2.990000
25283 2.990000
25284 4.990000
25285 2.990000
25286 4.990000
25287 4.990000
25288 4.980000
25289 2.990000
25290 3.950000
25291 3.990000
25292 4.250000
25293 2.950000
25294 4.500000
25295 3.950000
25296 3.990000
25297 3.990000
25298 3.990000
25299 3.990000
25300 3.990000
25301 3.990000
25302 3.990000
25303 4.500000
25304 3.990000
25305 3.990000
25306 3.990000
25307 3.990000
25308 5.990000
25309 6.990000
25310 4.990000
25311 3.990000
25312 3.990000
25313 3.990000
25314 4.990000
25315 3.990000
25316 3.990000
25317 3.500000
25318 2.990000
25319 3.500000
25320 3.500000
25321 4.500000
25322 3.990000
25323 5.950000
25324 3.990000
25325 6.990000
25326 3.990000
25327 3.990000
25328 3.990000
25329 3.990000
25330 3.990000
25331 5.950000
25332 5.950000
25333 3.950000
25334 5.990000
25335 3.990000
25336 3.990000
25337 6.950000
25338 3.950000
25339 3.950000
25340 4.950000
25341 4.990000
25342 3.990000
25343 3.990000
25344 4.950000
25345 9.950000
25346 5.990000
25347 5.990000
25348 5.500000
25349 1.190000
25350 2.990000
25351 7.990000
25352 8.990000
25353 9.990000
25354 3.290000
25355 2.250000
25356 1.990000
25357 2.250000
25358 2.250000
25359 3.990000
25360 4.990000
25361 3.950000
25362 3.950000
25363 4.250000
25364 4.990000
25365 4.990000
25366 3.990000
25367 3.990000
25368 4.990000
25369 6.990000
25370 5.990000
25371 4.990000
25372 3.990000
25373 3.990000
25374 4.500000
25375 3.990000
25376 4.990000
25377 5.990000
25378 3.990000
25379 4.990000
25380 6.990000
25381 6.990000
25382 6.990000
25383 4.990000
25384 5.990000
25385 3.500000
25386 3.500000
25387 6.990000
25388 4.990000
25389 5.980000
25390 4.000000
25391 3.950000
25392 4.990000
25393 4.990000
25394 6.500000
25395 6.990000
25396 7.500000
25397 7.990000
25398 6.990000
25399 7.500000
25400 7.990000
25401 5.990000
25402 6.500000
25403 6.990000
25404 7.500000
25405 7.990000
25406 3.690000
25407 3.690000
25408 3.690000
25409 3.690000
25410 3.690000
25411 3.690000
25412 7.990000
25413 7.990000
25414 7.990000
25415 3.490000
25416 6.500000
25417 6.990000
25418 7.500000
25419 7.990000
25420 2.990000
25421 1.990000
25422 1.990000
25423 3.990000
25424 1.990000
25425 2.990000
25426 1.990000
25427 5.390000
25428 3.390000
25429 0.650000
25430 0.650000
25431 0.650000
25432 0.650000
25433 0.650000
25434 0.330000
25435 0.650000
25436 0.330000
25437 0.650000
25438 0.650000
25439 0.650000
25440 0.330000
25441 0.650000
25442 0.650000
25443 0.650000
25444 1.190000
25445 2.090000
25446 1.190000
25447 1.190000
25448 1.190000
25449 1.190000
25450 1.600000
25451 1.990000
25452 2.890000
25453 1.190000
25454 1.190000
25455 1.650000
25456 1.990000
25457 2.990000
25458 1.090000
25459 1.780000
25460 3.250000
25461 2.390000
25462 2.190000
25463 3.690000
25464 1.090000
25465 1.830000
25466 3.350000
25467 1.190000
25468 1.790000
25469 1.790000
25470 1.790000
25471 1.790000
25472 1.690000
25473 1.590000
25474 1.590000
25475 3.090000
25476 1.290000
25477 0.650000
25478 1.290000
25479 1.290000
25480 1.290000
25481 1.290000
25482 2.390000
25483 1.990000
25484 1.290000
25485 1.290000
25486 3.590000
25487 3.590000
25488 5.290000
25489 3.590000
25490 8.490000
25491 5.290000
25492 3.590000
25493 1.890000
25494 2.290000
25495 2.290000
25496 3.390000
25497 3.390000
25498 3.390000
25499 3.390000
25500 2.590000
25501 2.590000
25502 2.990000
25503 3.190000
25504 3.190000
25505 4.290000
25506 4.490000
25507 2.590000
25508 2.850000
25509 1.890000
25510 1.690000
25511 1.690000
25512 1.690000
25513 0.790000
25514 1.390000
25515 1.790000
25516 1.690000
25517 1.290000
25518 1.190000
25519 1.090000
25520 3.490000
25521 1.890000
25522 1.890000
25523 2.290000
25524 1.690000
25525 1.690000
25526 1.690000
25527 2.490000
25528 2.490000
25529 2.690000
25530 4.590000
25531 3.890000
25532 3.590000
25533 2.990000
25534 1.290000
25535 1.290000
25536 1.490000
25537 1.490000
25538 1.490000
25539 2.490000
25540 2.690000
25541 4.690000
25542 3.390000
25543 3.990000
25544 3.990000
25545 3.990000
25546 3.990000
25547 2.490000
25548 3.390000
25549 1.590000
25550 1.590000
25551 1.590000
25552 2.390000
25553 1.990000
25554 3.390000
25555 3.390000
25556 3.390000
25557 3.990000
25558 3.990000
25559 3.390000
25560 3.390000
25561 1.590000
25562 1.990000
25563 3.390000
25564 3.390000
25565 3.990000
25566 3.990000
25567 3.390000
25568 3.390000
25569 3.390000
25570 3.390000
25571 2.290000
25572 2.290000
25573 1.570000
25574 1.790000
25575 2.290000
25576 1.790000
25577 1.790000
25578 1.790000
25579 1.690000
25580 1.890000
25581 2.990000
25582 2.990000
25583 2.990000
25584 1.890000
25585 1.890000
25586 2.590000
25587 2.590000
25588 2.690000
25589 2.690000
25590 2.990000
25591 3.990000
25592 1.690000
25593 2.590000
25594 4.990000
25595 6.990000
25596 1.990000
25597 1.990000
25598 1.990000
25599 3.790000
25600 2.490000
25601 5.990000
25602 4.990000
25603 5.990000
25604 6.990000
25605 7.500000
25606 7.990000
25607 1.890000
25608 2.890000
25609 3.490000
25610 3.790000
25611 2.490000
25612 2.990000
25613 0.990000
25614 1.690000
25615 0.990000
25616 0.990000
25617 0.990000
25618 1.690000
25619 4.490000
25620 5.490000
25621 4.990000
25622 7.990000
25623 8.490000
25624 4.490000
25625 8.990000
25626 4.990000
25627 10.990000
25628 6.990000
25629 3.490000
25630 4.490000
25631 5.490000
25632 5.990000
25633 5.490000
25634 5.990000
25635 5.490000
25636 5.990000
25637 8.490000
25638 2.500000
25639 3.990000
25640 4.990000
25641 3.990000
25642 4.990000
25643 4.990000
25644 13.990000
25645 9.990000
25646 11.990000
25647 5.490000
25648 2.490000
25649 8.490000
25650 4.990000
25651 5.990000
25652 6.990000
25653 7.500000
25654 7.990000
25655 3.190000
25656 3.190000
25657 3.190000
25658 3.190000
25659 3.190000
25660 3.190000
25661 3.190000
25662 3.190000
25663 3.190000
25664 0.990000
25665 0.990000
25666 0.990000
25667 0.990000
25668 0.990000
25669 0.990000
25670 1.090000
25671 1.090000
25672 0.990000
25673 0.390000
25674 1.090000
25675 1.190000
25676 1.990000
25677 1.190000
25678 1.190000
25679 3.790000
25680 1.790000
25681 0.990000
25682 0.990000
25683 0.990000
25684 0.990000
25685 0.990000
25686 0.990000
25687 0.990000
25688 0.990000
25689 0.990000
25690 0.990000
25691 0.990000
25692 2.490000
25693 1.990000
25694 1.990000
25695 1.990000
25696 2.790000
25697 2.490000
25698 2.490000
25699 2.490000
25700 1.490000
25701 1.490000
25702 1.490000
25703 1.490000
25704 1.490000
25705 1.490000
25706 1.290000
25707 1.490000
25708 3.990000
25709 3.990000
25710 3.990000
25711 3.990000
25712 3.490000
25713 1.790000
25714 1.790000
25715 1.790000
25716 1.790000
25717 1.790000
25718 3.290000
25719 2.190000
25720 2.190000
25721 2.190000
25722 2.190000
25723 2.190000
25724 2.190000
25725 2.190000
25726 2.190000
25727 2.190000
25728 2.190000
25729 4.590000
25730 1.490000
25731 1.490000
25732 1.490000
25733 1.490000
25734 1.490000
25735 1.490000
25736 1.490000
25737 1.490000
25738 1.490000
25739 1.490000
25740 2.790000
25741 1.490000
25742 2.990000
25743 2.990000
25744 2.990000
25745 2.990000
25746 2.990000
25747 2.990000
25748 1.830000
25749 1.780000
25750 1.190000
25751 1.190000
25752 1.650000
25753 3.350000
25754 0.790000
25755 1.600000
25756 4.390000
25757 2.490000
25758 2.990000
25759 3.250000
25760 2.190000
25761 2.290000
25762 2.290000
25763 2.290000
25764 3.490000
25765 1.790000
25766 1.490000
25767 2.290000
25768 1.290000
25769 1.290000
25770 2.890000
25771 1.190000
25772 1.890000
25773 3.490000
25774 1.790000
25775 3.490000
25776 2.890000
25777 1.290000
25778 6.390000
25779 6.990000
25780 2.190000
25781 6.990000
25782 6.490000
25783 6.490000
25784 12.690000
25785 12.690000
25786 6.390000
25787 6.390000
25788 11.290000
25789 6.490000
25790 8.990000
25791 8.990000
25792 6.990000
25793 6.990000
25794 8.990000
25795 8.990000
25796 6.390000
25797 6.390000
25798 5.290000
25799 11.290000
25800 11.290000
25801 8.990000
25802 9.790000
25803 9.790000
25804 7.390000
25805 7.390000
25806 10.990000
25807 10.990000
25808 10.990000
25809 10.990000
25810 10.990000
25811 12.690000
25812 9.790000
25813 9.790000
25814 4.990000
25815 4.990000
25816 4.990000
25817 4.990000
25818 4.990000
25819 7.390000
25820 3.990000
25821 11.990000
25822 11.990000
25823 4.990000
25824 4.990000
25825 4.990000
25826 4.990000
25827 4.990000
25828 4.990000
25829 10.990000
25830 5.590000
25831 5.590000
25832 6.690000
25833 6.690000
25834 6.690000
25835 9.990000
25836 9.990000
25837 10.990000
25838 10.990000
25839 14.990000
25840 9.790000
25841 8.990000
25842 7.390000
25843 8.990000
25844 8.990000
25845 9.990000
25846 9.990000
25847 9.990000
25848 9.990000
25849 9.990000
25850 11.990000
25851 14.990000
25852 6.990000
25853 6.990000
25854 6.990000
25855 9.790000
25856 6.790000
25857 9.790000
25858 9.790000
25859 5.290000
25860 7.490000
25861 7.490000
25862 7.490000
25863 7.490000
25864 7.490000
25865 7.490000
25866 7.490000
25867 7.490000
25868 7.490000
25869 7.490000
25870 7.490000
25871 4.990000
25872 13.990000
25873 12.690000
25874 14.990000
25875 6.990000
25876 3.390000
25877 3.390000
25878 3.390000
25879 3.390000
25880 3.390000
25881 3.390000
25882 3.390000
25883 3.390000
25884 3.390000
25885 3.990000
25886 3.990000
25887 3.990000
25888 5.990000
25889 4.990000
25890 4.990000
25891 14.590000
25892 14.590000
25893 6.290000
25894 6.290000
25895 6.290000
25896 6.290000
25897 6.290000
25898 4.990000
25899 4.990000
25900 4.990000
25901 4.990000
25902 4.990000
25903 3.990000
25904 3.990000
25905 3.990000
25906 5.990000
25907 5.990000
25908 11.990000
25909 11.990000
25910 14.590000
25911 6.990000
25912 6.390000
25913 6.290000
25914 8.990000
25915 9.990000
25916 9.990000
25917 8.990000
25918 8.990000
25919 1.990000
25920 16.990000
25921 9.790000
25922 7.990000
25923 7.990000
25924 6.990000
25925 6.990000
25926 16.990000
25927 13.590000
25928 3.290000
25929 3.290000
25930 3.290000
25931 7.590000
25932 7.590000
25933 7.590000
25934 7.590000
25935 7.590000
25936 7.590000
25937 7.590000
25938 7.590000
25939 7.590000
25940 3.290000
25941 3.290000
25942 3.290000
25943 3.290000
25944 9.790000
25945 9.790000
25946 9.790000
25947 9.790000
25948 9.790000
25949 9.790000
25950 9.790000
25951 9.790000
25952 9.790000
25953 9.790000
25954 9.790000
25955 9.790000
25956 9.790000
25957 9.790000
25958 9.790000
25959 9.790000
25960 9.790000
25961 9.790000
25962 10.490000
25963 3.690000
25964 3.690000
25965 3.690000
25966 3.690000
25967 3.690000
25968 3.290000
25969 3.290000
25970 3.690000
25971 3.690000
25972 3.690000
25973 3.690000
25974 3.690000
25975 3.690000
25976 3.690000
25977 3.690000
25978 8.990000
25979 8.990000
25980 8.990000
25981 8.990000
25982 8.990000
25983 8.990000
25984 8.990000
25985 8.990000
25986 8.990000
25987 8.990000
25988 8.990000
25989 8.990000
25990 8.990000
25991 8.990000
25992 8.990000
25993 8.990000
25994 8.990000
25995 8.990000
25996 8.990000
25997 8.990000
25998 8.990000
25999 8.990000
26000 8.990000
26001 7.990000
26002 8.990000
26003 8.990000
26004 8.990000
26005 8.990000
26006 8.990000
26007 3.690000
26008 3.690000
26009 3.690000
26010 3.690000
26011 9.590000
26012 9.990000
26013 9.990000
26014 9.990000
26015 9.990000
26016 9.990000
26017 9.990000
26018 9.990000
26019 9.990000
26020 9.990000
26021 9.990000
26022 9.990000
26023 9.990000
26024 9.990000
26025 9.990000
26026 9.990000
26027 9.990000
26028 9.990000
26029 9.990000
26030 9.990000
26031 9.990000
26032 9.990000
26033 9.990000
26034 9.990000
26035 9.990000
26036 9.990000
26037 9.990000
26038 9.990000
26039 9.990000
26040 3.190000
26041 3.190000
26042 3.190000
26043 3.190000
26044 3.190000
26045 3.190000
26046 3.190000
26047 3.190000
26048 3.190000
26049 3.190000
26050 2.990000
26051 2.990000
26052 2.990000
26053 3.690000
26054 3.690000
26055 3.690000
26056 8.990000
26057 8.990000
26058 8.990000
26059 9.490000
26060 9.490000
26061 9.490000
26062 9.490000
26063 9.490000
26064 9.490000
26065 9.490000
26066 9.490000
26067 9.490000
26068 9.490000
26069 9.490000
26070 9.490000
26071 9.490000
26072 9.490000
26073 9.490000
26074 9.490000
26075 9.490000
26076 9.490000
26077 9.490000
26078 9.490000
26079 9.490000
26080 9.490000
26081 9.490000
26082 9.490000
26083 9.490000
26084 9.490000
26085 9.490000
26086 9.490000
26087 9.490000
26088 9.490000
26089 9.490000
26090 9.490000
26091 9.490000
26092 9.490000
26093 9.490000
26094 5.990000
26095 3.290000
26096 9.990000
26097 9.990000
26098 3.290000
26099 3.290000
26100 3.190000
26101 3.190000
26102 12.990000
26103 3.290000
26104 3.290000
26105 3.190000
26106 3.290000
26107 3.290000
26108 3.290000
26109 3.290000
26110 8.990000
26111 3.290000
26112 10.990000
26113 3.290000
26114 3.690000
26115 3.690000
26116 8.990000
26117 9.990000
26118 5.290000
26119 6.390000
26120 5.590000
26121 6.490000
26122 6.390000
26123 6.390000
26124 12.690000
26125 12.690000
26126 6.490000
26127 6.390000
26128 6.390000
26129 6.390000
26130 6.990000
26131 1.790000
26132 2.290000
26133 1.990000
26134 2.190000
26135 1.990000
26136 2.190000
26137 2.190000
26138 4.990000
26139 5.990000
26140 6.500000
26141 6.990000
26142 7.500000
26143 7.990000
26144 3.390000
26145 3.390000
26146 3.390000
26147 3.390000
26148 0.890000
26149 1.590000
26150 3.890000
26151 1.990000
26152 1.990000
26153 1.590000
26154 1.390000
26155 1.590000
26156 2.690000
26157 2.690000
26158 2.990000
26159 2.990000
26160 2.990000
26161 2.690000
26162 2.690000
26163 2.690000
26164 2.790000
26165 2.990000
26166 2.690000
26167 2.690000
26168 2.690000
26169 2.690000
26170 2.990000
26171 2.990000
26172 2.990000
26173 1.290000
26174 2.990000
26175 2.990000
26176 2.990000
26177 2.990000
26178 2.990000
26179 3.990000
26180 5.290000
26181 5.290000
26182 5.290000
26183 5.290000
26184 2.890000
26185 2.750000
26186 1.500000
26187 3.590000
26188 3.590000
26189 3.590000
26190 3.590000
26191 6.090000
26192 6.090000
26193 1.390000
26194 2.390000
26195 1.490000
26196 2.390000
26197 1.390000
26198 2.790000
26199 2.790000
26200 2.790000
26201 2.790000
26202 2.790000
26203 1.790000
26204 1.790000
26205 1.790000
26206 1.790000
26207 1.790000
26208 1.790000
26209 1.790000
26210 1.990000
26211 2.490000
26212 3.050000
26213 1.690000
26214 1.690000
26215 3.050000
26216 1.890000
26217 2.490000
26218 7.990000
26219 4.950000
26220 4.950000
26221 4.950000
26222 3.950000
26223 5.950000
26224 9.950000
26225 2.990000
26226 3.990000
26227 5.990000
26228 3.990000
26229 3.950000
26230 11.950000
26231 3.990000
26232 3.590000
26233 3.590000
26234 7.790000
26235 7.790000
26236 4.290000
26237 4.290000
26238 4.290000
26239 4.290000
26240 4.290000
26241 4.290000
26242 4.290000
26243 4.290000
26244 3.990000
26245 3.990000
26246 3.990000
26247 1.990000
26248 1.190000
26249 3.490000
26250 8.390000
26251 3.090000
26252 3.990000
26253 2.390000
26254 4.990000
26255 1.990000
26256 2.890000
26257 2.990000
26258 2.090000
26259 3.990000
26260 3.890000
26261 4.390000
26262 2.990000
26263 2.990000
26264 3.990000
26265 2.490000
26266 3.990000
26267 4.990000
26268 3.390000
26269 3.590000
26270 6.490000
26271 3.990000
26272 3.390000
26273 19.990000
26274 1.790000
26275 3.390000
26276 2.090000
26277 1.590000
26278 3.390000
26279 3.090000
26280 5.390000
26281 5.290000
26282 5.990000
26283 6.990000
26284 4.290000
26285 6.490000
26286 3.890000
26287 2.590000
26288 6.390000
26289 6.390000
26290 5.990000
26291 1.390000
26292 1.590000
26293 1.890000
26294 2.390000
26295 7.790000
26296 3.290000
26297 9.390000
26298 2.990000
26299 1.590000
26300 2.790000
26301 6.990000
26302 2.390000
26303 2.990000
26304 5.390000
26305 7.990000
26306 2.590000
26307 2.590000
26308 2.890000
26309 2.890000
26310 3.490000
26311 3.490000
26312 3.490000
26313 3.490000
26314 3.490000
26315 3.490000
26316 3.190000
26317 3.190000
26318 5.990000
26319 3.190000
26320 12.990000
26321 4.950000
26322 7.990000
26323 10.000000
26324 3.990000
26325 5.950000
26326 5.950000
26327 5.990000
26328 3.990000
26329 4.500000
26330 1.750000
26331 0.990000
26332 2.950000
26333 4.990000
26334 4.990000
26335 4.990000
26336 4.990000
26337 4.990000
26338 4.990000
26339 3.990000
26340 3.990000
26341 5.990000
26342 3.950000
26343 4.990000
26344 7.990000
26345 5.950000
26346 3.990000
26347 3.990000
26348 4.500000
26349 4.500000
26350 4.500000
26351 9.950000
26352 3.490000
26353 3.990000
26354 3.490000
26355 2.990000
26356 1.950000
26357 4.990000
26358 4.990000
26359 9.950000
26360 4.990000
26361 5.950000
26362 2.250000
26363 7.990000
26364 4.950000
26365 3.990000
26366 3.990000
26367 4.950000
26368 4.990000
26369 4.950000
26370 3.990000
26371 2.990000
26372 4.990000
26373 6.950000
26374 4.990000
26375 3.500000
26376 6.990000
26377 1.950000
26378 3.990000
26379 3.990000
26380 4.990000
26381 4.990000
26382 4.990000
26383 4.990000
26384 4.990000
26385 3.990000
26386 5.990000
26387 4.990000
26388 3.990000
26389 4.990000
26390 5.990000
26391 4.990000
26392 5.990000
26393 6.950000
26394 2.950000
26395 4.950000
26396 5.950000
26397 7.950000
26398 6.990000
26399 8.950000
26400 2.990000
26401 4.500000
26402 3.990000
26403 14.990000
26404 2.990000
26405 7.950000
26406 3.990000
26407 4.950000
26408 1.750000
26409 2.500000
26410 2.950000
26411 2.500000
26412 4.990000
26413 3.950000
26414 3.950000
26415 4.950000
26416 3.950000
26417 3.990000
26418 4.990000
26419 3.990000
26420 3.990000
26421 4.500000
26422 4.000000
26423 5.990000
26424 3.990000
26425 4.990000
26426 4.990000
26427 9.950000
26428 3.990000
26429 9.950000
26430 6.950000
26431 3.990000
26432 3.990000
26433 3.990000
26434 4.990000
26435 3.500000
26436 4.990000
26437 5.990000
26438 1.890000
26439 1.890000
26440 1.890000
26441 1.890000
26442 1.690000
26443 1.690000
26444 1.790000
26445 4.950000
26446 2.990000
26447 2.990000
26448 3.950000
26449 4.950000
26450 1.190000
26451 1.890000
26452 0.990000
26453 1.190000
26454 2.690000
26455 3.500000
26456 2.990000
26457 1.890000
26458 1.890000
26459 1.890000
26460 1.890000
26461 0.490000
26462 2.390000
26463 1.790000
26464 2.190000
26465 1.890000
26466 2.190000
26467 2.190000
26468 2.090000
26469 2.150000
26470 2.390000
26471 2.190000
26472 2.090000
26473 2.390000
26474 2.390000
26475 2.290000
26476 1.390000
26477 1.290000
26478 2.590000
26479 2.590000
26480 2.590000
26481 2.590000
26482 1.990000
26483 1.790000
26484 1.850000
26485 2.490000
26486 2.490000
26487 2.890000
26488 2.290000
26489 2.290000
26490 2.690000
26491 2.990000
26492 2.990000
26493 3.290000
26494 3.290000
26495 3.190000
26496 3.290000
26497 3.290000
26498 1.190000
26499 1.290000
26500 2.690000
26501 4.990000
26502 2.890000
26503 4.990000
26504 1.890000
26505 8.590000
26506 1.490000
26507 2.690000
26508 0.790000
26509 1.350000
26510 0.990000
26511 0.990000
26512 5.190000
26513 0.590000
26514 1.990000
26515 0.790000
26516 3.390000
26517 3.990000
26518 0.990000
26519 0.890000
26520 0.890000
26521 0.790000
26522 1.290000
26523 0.990000
26524 1.890000
26525 2.290000
26526 1.190000
26527 1.490000
26528 1.190000
26529 2.990000
26530 1.390000
26531 1.890000
26532 1.990000
26533 1.690000
26534 1.490000
26535 0.390000
26536 1.990000
26537 1.390000
26538 3.090000
26539 1.190000
26540 1.490000
26541 1.090000
26542 1.350000
26543 1.490000
26544 1.490000
26545 1.990000
26546 1.850000
26547 1.090000
26548 2.090000
26549 1.890000
26550 1.390000
26551 0.990000
26552 0.990000
26553 0.990000
26554 0.990000
26555 0.990000
26556 0.990000
26557 1.190000
26558 1.290000
26559 4.990000
26560 5.990000
26561 2.890000
26562 2.490000
26563 1.790000
26564 0.790000
26565 1.990000
26566 1.490000
26567 1.690000
26568 1.690000
26569 2.590000
26570 1.990000
26571 1.090000
26572 1.090000
26573 1.790000
26574 2.390000
26575 1.790000
26576 1.090000
26577 2.490000
26578 1.090000
26579 1.490000
26580 1.990000
26581 1.590000
26582 4.990000
26583 1.990000
26584 1.990000
26585 0.890000
26586 1.500000
26587 1.500000
26588 2.590000
26589 1.890000
26590 11.490000
26591 8.290000
26592 7.790000
26593 2.990000
26594 1.290000
26595 1.290000
26596 2.490000
26597 2.490000
26598 1.000000
26599 1.090000
26600 0.990000
26601 0.990000
26602 1.290000
26603 1.290000
26604 2.990000
26605 2.590000
26606 1.890000
26607 1.590000
26608 2.890000
26609 1.190000
26610 1.190000
26611 1.190000
26612 1.190000
26613 1.190000
26614 1.490000
26615 3.690000
26616 3.990000
26617 3.990000
26618 1.590000
26619 5.190000
26620 1.390000
26621 3.190000
26622 1.690000
26623 2.590000
26624 1.390000
26625 2.490000
26626 3.590000
26627 3.590000
26628 3.590000
26629 1.190000
26630 2.090000
26631 1.190000
26632 1.190000
26633 1.980000
26634 3.590000
26635 2.090000
26636 4.990000
26637 3.490000
26638 3.490000
26639 1.390000
26640 1.390000
26641 1.890000
26642 2.090000
26643 2.190000
26644 2.590000
26645 1.790000
26646 1.790000
26647 1.790000
26648 1.790000
26649 1.790000
26650 1.490000
26651 1.490000
26652 2.290000
26653 3.390000
26654 2.790000
26655 1.990000
26656 2.190000
26657 4.490000
26658 3.990000
26659 3.390000
26660 1.990000
26661 1.990000
26662 1.990000
26663 1.990000
26664 1.990000
26665 1.990000
26666 1.590000
26667 1.490000
26668 2.000000
26669 2.000000
26670 2.000000
26671 1.190000
26672 3.990000
26673 1.890000
26674 1.790000
26675 3.490000
26676 2.690000
26677 1.190000
26678 2.390000
26679 3.490000
26680 1.190000
26681 2.390000
26682 1.590000
26683 1.790000
26684 2.490000
26685 4.290000
26686 1.690000
26687 1.890000
26688 0.990000
26689 1.790000
26690 4.290000
26691 1.000000
26692 1.890000
26693 3.990000
26694 2.490000
26695 2.290000
26696 5.790000
26697 7.990000
26698 4.990000
26699 2.490000
26700 3.990000
26701 1.990000
26702 3.990000
26703 3.990000
26704 1.990000
26705 1.440000
26706 1.440000
26707 2.990000
26708 1.440000
26709 2.990000
26710 1.490000
26711 1.990000
26712 4.990000
26713 4.990000
26714 3.990000
26715 5.990000
26716 4.990000
26717 3.990000
26718 4.990000
26719 5.990000
26720 2.990000
26721 3.500000
26722 4.990000
26723 3.990000
26724 3.990000
26725 5.990000
26726 3.990000
26727 3.950000
26728 5.990000
26729 4.990000
26730 4.990000
26731 4.990000
26732 5.490000
26733 0.990000
26734 1.990000
26735 1.990000
26736 4.190000
26737 3.990000
26738 5.790000
26739 0.990000
26740 3.190000
26741 0.790000
26742 2.190000
26743 3.490000
26744 3.890000
26745 0.790000
26746 5.990000
26747 7.990000
26748 3.490000
26749 4.990000
26750 3.990000
26751 5.990000
26752 5.990000
26753 2.890000
26754 3.990000
26755 2.990000
26756 1.990000
26757 8.990000
26758 8.990000
26759 7.990000
26760 2.290000
26761 4.390000
26762 7.990000
26763 1.490000
26764 9.990000
26765 1.990000
26766 1.990000
26767 3.290000
26768 3.790000
26769 3.990000
26770 3.990000
26771 3.990000
26772 3.990000
26773 0.990000
26774 2.990000
26775 8.990000
26776 3.490000
26777 4.390000
26778 3.990000
26779 1.500000
26780 1.990000
26781 3.490000
26782 3.490000
26783 2.990000
26784 1.990000
26785 2.990000
26786 5.990000
26787 1.190000
26788 2.990000
26789 4.990000
26790 4.190000
26791 3.990000
26792 2.890000
26793 1.790000
26794 2.990000
26795 2.990000
26796 1.990000
26797 2.990000
26798 2.990000
26799 7.490000
26800 3.990000
26801 4.490000
26802 7.490000
26803 7.690000
26804 7.990000
26805 4.990000
26806 2.990000
26807 2.990000
26808 3.290000
26809 3.490000
26810 3.990000
26811 2.490000
26812 2.990000
26813 3.490000
26814 3.990000
26815 4.990000
26816 5.990000
26817 3.990000
26818 3.990000
26819 2.590000
26820 1.990000
26821 2.390000
26822 2.990000
26823 6.190000
26824 3.690000
26825 3.990000
26826 4.990000
26827 2.990000
26828 3.490000
26829 3.690000
26830 3.990000
26831 3.990000
26832 4.490000
26833 4.490000
26834 5.990000
26835 6.490000
26836 5.990000
26837 6.990000
26838 8.290000
26839 1.000000
26840 5.290000
26841 1.290000
26842 1.290000
26843 2.990000
26844 2.990000
26845 1.990000
26846 2.990000
26847 2.990000
26848 2.590000
26849 2.390000
26850 3.190000
26851 2.890000
26852 2.990000
26853 3.290000
26854 3.290000
26855 4.190000
26856 4.190000
26857 9.490000
26858 4.990000
26859 6.990000
26860 3.990000
26861 2.490000
26862 1.990000
26863 2.390000
26864 4.490000
26865 4.490000
26866 3.290000
26867 1.990000
26868 2.890000
26869 2.990000
26870 4.490000
26871 8.190000
26872 3.490000
26873 4.490000
26874 2.290000
26875 3.490000
26876 1.690000
26877 3.490000
26878 3.990000
26879 5.990000
26880 8.990000
26881 2.890000
26882 2.990000
26883 3.490000
26884 3.490000
26885 4.990000
26886 6.990000
26887 1.890000
26888 2.490000
26889 1.790000
26890 3.490000
26891 4.690000
26892 2.490000
26893 2.990000
26894 3.490000
26895 5.490000
26896 4.990000
26897 3.990000
26898 2.990000
26899 2.990000
26900 9.990000
26901 5.490000
26902 2.890000
26903 3.190000
26904 2.490000
26905 2.990000
26906 6.490000
26907 1.990000
26908 2.490000
26909 1.990000
26910 2.990000
26911 1.990000
26912 2.890000
26913 2.990000
26914 1.990000
26915 1.990000
26916 3.990000
26917 4.890000
26918 4.890000
26919 4.690000
26920 4.690000
26921 4.690000
26922 1.990000
26923 1.590000
26924 1.590000
26925 1.990000
26926 2.990000
26927 1.890000
26928 1.790000
26929 1.890000
26930 2.490000
26931 2.890000
26932 0.150000
26933 1.690000
26934 1.790000
26935 1.690000
26936 1.890000
26937 1.790000
26938 1.690000
26939 1.890000
26940 2.790000
26941 0.150000
26942 0.890000
26943 0.890000
26944 0.550000
26945 1.190000
26946 2.000000
26947 1.990000
26948 3.490000
26949 1.990000
26950 1.790000
26951 1.790000
26952 2.990000
26953 5.390000
26954 4.890000
26955 3.390000
26956 3.690000
26957 8.790000
26958 2.990000
26959 2.690000
26960 2.690000
26961 3.390000
26962 3.490000
26963 2.990000
26964 4.890000
26965 9.990000
26966 9.990000
26967 5.890000
26968 7.690000
26969 10.590000
26970 5.890000
26971 7.990000
26972 11.990000
26973 3.490000
26974 9.990000
26975 4.000000
26976 10.000000
26977 6.990000
26978 10.000000
26979 6.090000
26980 15.990000
26981 8.890000
26982 1.190000
26983 0.990000
26984 3.590000
26985 22.389999
26986 3.590000
26987 3.590000
26988 1.590000
26989 2.090000
26990 2.090000
26991 1.990000
26992 2.990000
26993 1.990000
26994 1.990000
26995 1.990000
26996 0.500000
26997 1.440000
26998 1.190000
26999 2.590000
27000 1.300000
27001 1.590000
27002 5.390000
27003 1.390000
27004 0.990000
27005 3.990000
27006 2.090000
27007 2.290000
27008 2.490000
27009 2.490000
27010 2.290000
27011 2.090000
27012 2.290000
27013 2.490000
27014 2.490000
27015 1.190000
27016 1.190000
27017 1.190000
27018 1.190000
27019 1.190000
27020 1.390000
27021 1.390000
27022 1.390000
27023 1.390000
27024 1.950000
27025 1.950000
27026 1.390000
27027 1.390000
27028 1.390000
27029 1.390000
27030 5.990000
27031 6.500000
27032 6.990000
27033 7.500000
27034 7.990000
27035 2.990000
27036 2.990000
27037 2.990000
27038 2.990000
27039 3.690000
27040 3.290000
27041 1.790000
27042 1.790000
27043 1.790000
27044 1.690000
27045 2.490000
27046 2.690000
27047 2.690000
27048 2.990000
27049 2.890000
27050 3.190000
27051 3.190000
27052 6.490000
27053 5.190000
27054 2.990000
27055 2.390000
27056 3.190000
27057 1.590000
27058 2.990000
27059 2.990000
27060 2.990000
27061 2.290000
27062 1.690000
27063 2.290000
27064 1.990000
27065 1.990000
27066 3.190000
27067 3.190000
27068 2.790000
27069 3.390000
27070 3.390000
27071 3.390000
27072 3.390000
27073 2.990000
27074 1.990000
27075 3.190000
27076 1.990000
27077 4.950000
27078 4.000000
27079 1.950000
27080 1.690000
27081 2.950000
27082 1.690000
27083 1.690000
27084 3.950000
27085 3.990000
27086 2.990000
27087 3.990000
27088 1.390000
27089 1.690000
27090 6.990000
27091 1.990000
27092 1.950000
27093 1.750000
27094 1.950000
27095 0.990000
27096 1.590000
27097 1.790000
27098 4.950000
27099 3.990000
27100 6.990000
27101 4.950000
27102 1.890000
27103 1.250000
27104 1.390000
27105 0.990000
27106 3.750000
27107 1.390000
27108 1.890000
27109 1.990000
27110 3.950000
27111 4.990000
27112 5.990000
27113 4.500000
27114 3.290000
27115 3.290000
27116 3.290000
27117 1.990000
27118 1.990000
27119 2.950000
27120 3.990000
27121 4.950000
27122 2.950000
27123 6.990000
27124 5.500000
27125 4.500000
27126 4.990000
27127 5.990000
27128 4.500000
27129 3.950000
27130 2.990000
27131 4.000000
27132 5.990000
27133 2.950000
27134 4.500000
27135 3.950000
27136 3.950000
27137 3.650000
27138 4.950000
27139 5.990000
27140 3.990000
27141 3.990000
27142 3.990000
27143 3.500000
27144 3.500000
27145 5.990000
27146 3.950000
27147 4.500000
27148 3.950000
27149 4.990000
27150 6.990000
27151 6.990000
27152 9.990000
27153 4.500000
27154 4.990000
27155 5.990000
27156 4.500000
27157 4.990000
27158 5.990000
27159 4.990000
27160 4.950000
27161 5.990000
27162 4.990000
27163 5.990000
27164 3.950000
27165 6.090000
27166 1.990000
27167 2.590000
27168 4.290000
27169 4.290000
27170 4.890000
27171 3.390000
27172 4.890000
27173 4.890000
27174 6.090000
27175 3.690000
27176 4.990000
27177 4.990000
27178 4.990000
27179 4.990000
27180 4.990000
27181 3.490000
27182 4.990000
27183 4.990000
27184 4.990000
27185 4.990000
27186 4.990000
27187 5.490000
27188 5.490000
27189 5.490000
27190 5.490000
27191 6.190000
27192 6.190000
27193 6.190000
27194 6.190000
27195 4.990000
27196 4.990000
27197 4.990000
27198 4.990000
27199 2.590000
27200 2.590000
27201 7.990000
27202 7.990000
27203 3.990000
27204 3.990000
27205 3.990000
27206 3.990000
27207 3.990000
27208 3.990000
27209 6.290000
27210 6.290000
27211 6.290000
27212 6.290000
27213 6.290000
27214 6.290000
27215 6.290000
27216 6.290000
27217 6.290000
27218 6.290000
27219 6.290000
27220 6.290000
27221 7.490000
27222 7.490000
27223 7.490000
27224 7.490000
27225 4.990000
27226 2.590000
27227 2.590000
27228 4.990000
27229 3.490000
27230 2.590000
27231 7.990000
27232 7.990000
27233 7.990000
27234 4.790000
27235 2.790000
27236 1.990000
27237 3.490000
27238 2.690000
27239 3.690000
27240 3.490000
27241 2.990000
27242 2.490000
27243 2.990000
27244 2.990000
27245 4.490000
27246 4.390000
27247 4.390000
27248 4.490000
27249 4.390000
27250 3.490000
27251 3.490000
27252 3.490000
27253 3.490000
27254 4.690000
27255 4.690000
27256 9.590000
27257 9.590000
27258 5.190000
27259 2.190000
27260 1.490000
27261 9.590000
27262 14.990000
27263 5.190000
27264 13.090000
27265 2.190000
27266 1.490000
27267 9.590000
27268 16.590000
27269 16.889999
27270 5.190000
27271 6.990000
27272 3.990000
27273 6.990000
27274 3.690000
27275 14.990000
27276 6.990000
27277 1.290000
27278 6.190000
27279 4.390000
27280 6.690000
27281 3.890000
27282 3.890000
27283 3.890000
27284 3.890000
27285 3.890000
27286 2.390000
27287 3.990000
27288 2.350000
27289 3.390000
27290 2.090000
27291 2.390000
27292 8.990000
27293 6.990000
27294 9.990000
27295 11.990000
27296 23.990000
27297 19.990000
27298 17.990000
27299 19.990000
27300 14.990000
27301 14.990000
27302 19.990000
27303 4.990000
27304 8.990000
27305 3.590000
27306 3.590000
27307 3.590000
27308 2.290000
27309 3.790000
27310 3.490000
27311 3.790000
27312 3.790000
27313 3.790000
27314 3.490000
27315 3.590000
27316 3.590000
27317 3.690000
27318 3.790000
27319 3.690000
27320 3.690000
27321 4.190000
27322 3.390000
27323 2.990000
27324 2.990000
27325 4.390000
27326 3.490000
27327 3.390000
27328 3.490000
27329 3.990000
27330 3.990000
27331 3.990000
27332 3.990000
27333 3.990000
27334 3.690000
27335 2.790000
27336 3.190000
27337 3.490000
27338 3.990000
27339 3.490000
27340 3.690000
27341 3.690000
27342 2.990000
27343 3.390000
27344 3.390000
27345 3.390000
27346 3.390000
27347 3.390000
27348 1.390000
27349 2.090000
27350 2.490000
27351 1.990000
27352 3.490000
27353 2.690000
27354 1.490000
27355 1.990000
27356 2.190000
27357 2.190000
27358 0.450000
27359 0.450000
27360 1.150000
27361 1.650000
27362 2.290000
27363 0.490000
27364 1.290000
27365 1.900000
27366 3.490000
27367 1.390000
27368 2.690000
27369 0.450000
27370 5.490000
27371 1.780000
27372 3.250000
27373 1.750000
27374 1.650000
27375 1.290000
27376 2.290000
27377 1.250000
27378 1.690000
27379 2.990000
27380 1.690000
27381 2.990000
27382 1.690000
27383 3.090000
27384 3.090000
27385 3.090000
27386 2.790000
27387 2.790000
27388 3.090000
27389 3.390000
27390 3.390000
27391 3.390000
27392 3.390000
27393 2.290000
27394 2.290000
27395 1.390000
27396 2.190000
27397 2.190000
27398 2.690000
27399 1.490000
27400 1.790000
27401 2.290000
27402 4.290000
27403 6.990000
27404 7.490000
27405 7.490000
27406 10.990000
27407 5.490000
27408 6.990000
27409 15.990000
27410 7.990000
27411 8.490000
27412 7.890000
27413 8.490000
27414 8.490000
27415 8.490000
27416 7.490000
27417 10.990000
27418 10.990000
27419 5.490000
27420 4.990000
27421 3.490000
27422 6.490000
27423 7.990000
27424 7.490000
27425 5.490000
27426 5.490000
27427 5.490000
27428 6.690000
27429 5.990000
27430 9.190000
27431 12.290000
27432 12.290000
27433 12.290000
27434 12.290000
27435 5.990000
27436 5.990000
27437 5.990000
27438 5.990000
27439 2.990000
27440 6.990000
27441 9.490000
27442 5.490000
27443 6.990000
27444 5.490000
27445 9.190000
27446 2.490000
27447 3.190000
27448 4.990000
27449 7.490000
27450 7.490000
27451 5.990000
27452 19.990000
27453 19.990000
27454 19.990000
27455 19.990000
27456 2.790000
27457 1.790000
27458 0.990000
27459 1.490000
27460 2.090000
27461 0.990000
27462 1.490000
27463 1.490000
27464 12.990000
27465 1.490000
27466 1.690000
27467 1.690000
27468 1.690000
27469 3.790000
27470 3.790000
27471 3.790000
27472 3.790000
27473 3.790000
27474 4.290000
27475 4.290000
27476 4.290000
27477 4.290000
27478 3.790000
27479 3.790000
27480 3.790000
27481 2.890000
27482 2.890000
27483 2.890000
27484 2.890000
27485 2.890000
27486 2.890000
27487 2.890000
27488 2.890000
27489 2.890000
27490 2.890000
27491 2.890000
27492 3.790000
27493 3.790000
27494 3.790000
27495 3.790000
27496 3.790000
27497 3.790000
27498 3.790000
27499 4.290000
27500 4.290000
27501 2.290000
27502 2.290000
27503 2.290000
27504 2.290000
27505 2.290000
27506 2.290000
27507 5.190000
27508 3.790000
27509 3.790000
27510 3.790000
27511 3.790000
27512 5.190000
27513 5.190000
27514 5.190000
27515 5.190000
27516 5.190000
27517 5.190000
27518 5.190000
27519 6.790000
27520 6.790000
27521 6.790000
27522 6.790000
27523 6.790000
27524 3.790000
27525 3.790000
27526 3.790000
27527 3.790000
27528 4.990000
27529 4.990000
27530 4.990000
27531 4.990000
27532 3.790000
27533 3.790000
27534 3.790000
27535 3.790000
27536 3.790000
27537 3.790000
27538 3.390000
27539 3.390000
27540 3.390000
27541 3.390000
27542 3.790000
27543 6.790000
27544 6.790000
27545 1.390000
27546 1.390000
27547 1.390000
27548 4.990000
27549 5.990000
27550 5.990000
27551 5.190000
27552 6.790000
27553 5.990000
27554 5.990000
27555 5.990000
27556 5.990000
27557 6.790000
27558 6.790000
27559 6.790000
27560 6.790000
27561 6.790000
27562 2.890000
27563 2.890000
27564 3.150000
27565 4.190000
27566 2.490000
27567 2.000000
27568 0.990000
27569 4.950000
27570 2.590000
27571 5.950000
27572 2.000000
27573 1.890000
27574 6.990000
27575 1.890000
27576 1.790000
27577 1.690000
27578 1.950000
27579 1.790000
27580 3.990000
27581 3.500000
27582 3.990000
27583 4.990000
27584 1.690000
27585 1.890000
27586 1.890000
27587 2.950000
27588 4.990000
27589 4.990000
27590 4.990000
27591 4.990000
27592 5.950000
27593 6.990000
27594 3.980000
27595 2.990000
27596 2.500000
27597 5.990000
27598 3.500000
27599 7.990000
27600 7.990000
27601 2.090000
27602 2.090000
27603 2.090000
27604 2.090000
27605 2.090000
27606 2.990000
27607 2.090000
27608 2.090000
27609 2.990000
27610 2.090000
27611 2.090000
27612 2.090000
27613 2.090000
27614 2.090000
27615 2.090000
27616 2.090000
27617 2.090000
27618 2.090000
27619 1.990000
27620 2.190000
27621 0.990000
27622 0.990000
27623 0.990000
27624 0.990000
27625 0.990000
27626 0.990000
27627 0.990000
27628 0.990000
27629 0.990000
27630 1.190000
27631 0.990000
27632 0.990000
27633 1.190000
27634 2.290000
27635 2.290000
27636 2.990000
27637 2.290000
27638 2.290000
27639 2.290000
27640 2.290000
27641 2.290000
27642 2.590000
27643 4.190000
27644 2.290000
27645 2.290000
27646 2.290000
27647 2.290000
27648 2.290000
27649 2.290000
27650 2.990000
27651 2.290000
27652 2.290000
27653 2.290000
27654 2.290000
27655 2.290000
27656 2.590000
27657 2.290000
27658 2.290000
27659 2.290000
27660 2.290000
27661 2.990000
27662 2.290000
27663 2.290000
27664 2.590000
27665 2.290000
27666 2.290000
27667 2.290000
27668 2.290000
27669 3.990000
27670 1.590000
27671 2.190000
27672 1.590000
27673 2.500000
27674 1.090000
27675 1.150000
27676 1.750000
27677 3.490000
27678 2.990000
27679 2.490000
27680 2.490000
27681 3.990000
27682 3.990000
27683 3.990000
27684 1.490000
27685 3.990000
27686 1.490000
27687 0.990000
27688 0.790000
27689 0.790000
27690 0.790000
27691 0.790000
27692 0.890000
27693 0.990000
27694 5.990000
27695 2.690000
27696 2.690000
27697 2.690000
27698 2.690000
27699 2.690000
27700 2.690000
27701 2.690000
27702 2.690000
27703 2.690000
27704 3.790000
27705 4.390000
27706 1.500000
27707 2.190000
27708 2.190000
27709 2.290000
27710 2.290000
27711 2.290000
27712 2.290000
27713 3.950000
27714 9.990000
27715 3.990000
27716 3.990000
27717 4.750000
27718 5.500000
27719 3.990000
27720 4.990000
27721 2.990000
27722 2.990000
27723 9.950000
27724 10.990000
27725 3.990000
27726 4.990000
27727 2.990000
27728 4.990000
27729 4.990000
27730 5.950000
27731 4.990000
27732 5.990000
27733 3.950000
27734 4.990000
27735 3.500000
27736 4.950000
27737 5.950000
27738 5.990000
27739 6.990000
27740 4.990000
27741 3.500000
27742 3.500000
27743 2.390000
27744 1.790000
27745 5.090000
27746 1.590000
27747 0.445000
27748 0.495000
27749 0.445000
27750 0.590000
27751 0.590000
27752 0.590000
27753 0.590000
27754 0.440000
27755 0.550000
27756 2.990000
27757 1.690000
27758 4.190000
27759 1.690000
27760 1.690000
27761 2.590000
27762 3.690000
27763 1.690000
27764 1.690000
27765 1.490000
27766 2.190000
27767 3.690000
27768 3.490000
27769 4.790000
27770 5.990000
27771 2.990000
27772 2.990000
27773 2.990000
27774 2.990000
27775 2.990000
27776 1.690000
27777 0.790000
27778 1.690000
27779 1.690000
27780 3.290000
27781 6.690000
27782 6.690000
27783 3.290000
27784 3.690000
27785 3.290000
27786 3.290000
27787 3.290000
27788 0.890000
27789 0.990000
27790 0.890000
27791 0.590000
27792 0.590000
27793 1.290000
27794 2.490000
27795 2.990000
27796 2.390000
27797 1.990000
27798 5.690000
27799 5.690000
27800 5.590000
27801 5.590000
27802 3.390000
27803 3.390000
27804 3.390000
27805 3.390000
27806 3.390000
27807 3.390000
27808 3.390000
27809 3.390000
27810 2.890000
27811 2.890000
27812 1.990000
27813 2.890000
27814 2.890000
27815 2.890000
27816 1.990000
27817 2.890000
27818 1.990000
27819 2.890000
27820 5.990000
27821 5.990000
27822 5.990000
27823 5.990000
27824 5.990000
27825 3.790000
27826 3.990000
27827 3.990000
27828 3.090000
27829 3.090000
27830 2.990000
27831 3.090000
27832 3.090000
27833 3.090000
27834 3.490000
27835 3.090000
27836 3.190000
27837 18.350000
27838 3.790000
27839 4.090000
27840 4.290000
27841 4.290000
27842 3.290000
27843 4.690000
27844 4.690000
27845 3.290000
27846 3.690000
27847 3.790000
27848 3.490000
27849 3.690000
27850 3.690000
27851 3.790000
27852 3.790000
27853 3.790000
27854 2.590000
27855 3.890000
27856 5.290000
27857 4.990000
27858 5.590000
27859 4.990000
27860 5.590000
27861 4.450000
27862 2.350000
27863 2.350000
27864 1.850000
27865 5.490000
27866 1.790000
27867 2.790000
27868 3.490000
27869 2.750000
27870 0.890000
27871 4.990000
27872 1.890000
27873 3.790000
27874 6.990000
27875 7.990000
27876 8.990000
27877 9.390000
27878 5.190000
27879 7.990000
27880 2.090000
27881 2.090000
27882 2.690000
27883 2.690000
27884 5.290000
27885 4.190000
27886 1.990000
27887 1.550000
27888 1.550000
27889 4.490000
27890 1.790000
27891 1.790000
27892 2.090000
27893 0.990000
27894 1.690000
27895 2.390000
27896 2.390000
27897 3.590000
27898 3.190000
27899 6.990000
27900 1.000000
27901 4.990000
27902 4.990000
27903 8.990000
27904 0.990000
27905 0.490000
27906 1.990000
27907 1.890000
27908 2.190000
27909 1.590000
27910 1.590000
27911 2.990000
27912 2.990000
27913 2.990000
27914 4.990000
27915 4.990000
27916 6.990000
27917 6.990000
27918 3.390000
27919 1.390000
27920 3.590000
27921 3.590000
27922 3.590000
27923 3.590000
27924 3.590000
27925 1.790000
27926 1.790000
27927 1.590000
27928 2.890000
27929 1.250000
27930 1.790000
27931 1.790000
27932 3.790000
27933 1.900000
27934 3.790000
27935 3.790000
27936 3.790000
27937 3.790000
27938 3.790000
27939 2.890000
27940 2.990000
27941 2.990000
27942 3.990000
27943 4.990000
27944 4.990000
27945 2.890000
27946 2.990000
27947 2.990000
27948 2.490000
27949 4.690000
27950 4.190000
27951 8.990000
27952 9.990000
27953 2.690000
27954 2.590000
27955 2.590000
27956 2.790000
27957 2.500000
27958 2.090000
27959 2.190000
27960 2.290000
27961 2.190000
27962 1.890000
27963 1.990000
27964 1.990000
27965 1.990000
27966 1.990000
27967 1.990000
27968 5.990000
27969 6.590000
27970 6.590000
27971 2.990000
27972 1.890000
27973 1.890000
27974 16.990000
27975 12.990000
27976 1.990000
27977 3.490000
27978 2.990000
27979 1.990000
27980 3.990000
27981 0.890000
27982 0.890000
27983 1.590000
27984 1.790000
27985 2.290000
27986 2.690000
27987 1.090000
27988 2.890000
27989 1.090000
27990 2.790000
27991 2.790000
27992 2.490000
27993 2.790000
27994 2.990000
27995 2.990000
27996 2.990000
27997 2.190000
27998 2.990000
27999 7.290000
28000 7.690000
28001 2.990000
28002 5.690000
28003 2.990000
28004 2.990000
28005 17.990000
28006 2.290000
28007 2.290000
28008 2.290000
28009 2.890000
28010 3.190000
28011 3.490000
28012 3.990000
28013 3.990000
28014 2.190000
28015 1.990000
28016 1.890000
28017 1.990000
28018 1.890000
28019 1.990000
28020 2.690000
28021 2.690000
28022 1.290000
28023 1.290000
28024 1.290000
28025 1.290000
28026 1.290000
28027 1.290000
28028 1.290000
28029 1.290000
28030 1.290000
28031 2.290000
28032 2.290000
28033 2.290000
28034 2.290000
28035 2.490000
28036 2.690000
28037 2.290000
28038 2.290000
28039 2.290000
28040 2.990000
28041 2.990000
28042 2.990000
28043 2.990000
28044 2.990000
28045 2.990000
28046 2.990000
28047 2.990000
28048 2.990000
28049 2.790000
28050 2.790000
28051 2.790000
28052 2.790000
28053 2.790000
28054 1.790000
28055 3.490000
28056 3.890000
28057 4.890000
28058 4.990000
28059 9.290000
28060 4.990000
28061 1.790000
28062 1.590000
28063 1.490000
28064 1.590000
28065 3.990000
28066 3.490000
28067 2.790000
28068 6.990000
28069 2.390000
28070 2.590000
28071 6.990000
28072 2.590000
28073 2.490000
28074 3.990000
28075 3.990000
28076 2.490000
28077 5.990000
28078 3.490000
28079 6.390000
28080 3.990000
28081 6.990000
28082 3.990000
28083 3.990000
28084 3.990000
28085 1.990000
28086 12.990000
28087 5.490000
28088 5.490000
28089 2.390000
28090 5.490000
28091 3.390000
28092 3.390000
28093 10.490000
28094 5.490000
28095 2.190000
28096 10.490000
28097 5.490000
28098 2.390000
28099 5.490000
28100 3.390000
28101 3.390000
28102 5.490000
28103 5.490000
28104 3.390000
28105 10.490000
28106 5.490000
28107 5.490000
28108 3.390000
28109 3.390000
28110 5.490000
28111 5.490000
28112 10.490000
28113 5.490000
28114 2.490000
28115 2.390000
28116 2.290000
28117 2.590000
28118 2.390000
28119 1.790000
28120 1.790000
28121 5.990000
28122 7.990000
28123 5.990000
28124 7.290000
28125 1.990000
28126 1.990000
28127 4.490000
28128 7.290000
28129 5.390000
28130 6.390000
28131 1.290000
28132 1.490000
28133 3.590000
28134 1.990000
28135 4.990000
28136 1.490000
28137 1.990000
28138 1.990000
28139 1.990000
28140 1.990000
28141 1.990000
28142 4.690000
28143 3.090000
28144 8.990000
28145 3.790000
28146 8.690000
28147 6.290000
28148 7.190000
28149 4.990000
28150 6.390000
28151 3.390000
28152 3.390000
28153 3.390000
28154 2.790000
28155 3.390000
28156 3.390000
28157 3.390000
28158 29.990000
28159 2.790000
28160 3.390000
28161 29.990000
28162 29.990000
28163 1.990000
28164 1.990000
28165 3.390000
28166 3.390000
28167 3.390000
28168 3.390000
28169 3.390000
28170 8.990000
28171 1.990000
28172 1.990000
28173 3.490000
28174 2.590000
28175 2.390000
28176 2.590000
28177 2.590000
28178 2.590000
28179 2.590000
28180 2.390000
28181 2.390000
28182 2.090000
28183 2.090000
28184 2.690000
28185 2.590000
28186 2.390000
28187 2.390000
28188 2.890000
28189 2.890000
28190 2.590000
28191 2.490000
28192 3.490000
28193 1.990000
28194 1.990000
28195 3.490000
28196 3.490000
28197 2.390000
28198 2.390000
28199 2.190000
28200 2.390000
28201 2.390000
28202 2.390000
28203 2.390000
28204 2.190000
28205 2.390000
28206 2.390000
28207 2.390000
28208 2.590000
28209 2.690000
28210 2.690000
28211 2.390000
28212 3.290000
28213 3.990000
28214 3.990000
28215 3.990000
28216 3.990000
28217 3.990000
28218 4.990000
28219 2.790000
28220 2.790000
28221 1.790000
28222 2.490000
28223 5.990000
28224 2.490000
28225 3.690000
28226 2.990000
28227 5.490000
28228 2.490000
28229 0.790000
28230 3.490000
28231 6.490000
28232 7.990000
28233 3.990000
28234 5.990000
28235 7.490000
28236 3.990000
28237 11.990000
28238 2.990000
28239 3.690000
28240 1.440000
28241 1.440000
28242 1.440000
28243 1.440000
28244 1.440000
28245 1.440000
28246 1.440000
28247 1.440000
28248 1.440000
28249 1.440000
28250 1.440000
28251 0.720000
28252 1.440000
28253 1.440000
28254 1.440000
28255 1.440000
28256 1.440000
28257 1.440000
28258 1.440000
28259 1.440000
28260 1.440000
28261 3.990000
28262 3.990000
28263 3.990000
28264 2.990000
28265 2.990000
28266 2.990000
28267 2.990000
28268 2.990000
28269 2.990000
28270 2.990000
28271 2.990000
28272 2.990000
28273 1.500000
28274 2.990000
28275 1.440000
28276 0.720000
28277 1.440000
28278 1.440000
28279 0.990000
28280 2.990000
28281 1.190000
28282 2.990000
28283 4.990000
28284 4.990000
28285 2.190000
28286 2.190000
28287 2.190000
28288 4.990000
28289 0.500000
28290 1.990000
28291 0.500000
28292 0.500000
28293 0.500000
28294 0.350000
28295 3.390000
28296 0.750000
28297 1.790000
28298 1.390000
28299 1.390000
28300 1.390000
28301 3.990000
28302 3.990000
28303 2.990000
28304 2.990000
28305 4.390000
28306 4.390000
28307 4.990000
28308 3.390000
28309 3.390000
28310 3.390000
28311 3.990000
28312 3.990000
28313 3.090000
28314 4.790000
28315 3.090000
28316 3.190000
28317 3.090000
28318 3.090000
28319 3.090000
28320 3.590000
28321 3.090000
28322 3.090000
28323 2.790000
28324 3.290000
28325 3.590000
28326 3.090000
28327 2.890000
28328 3.690000
28329 1.690000
28330 1.290000
28331 2.390000
28332 3.590000
28333 2.290000
28334 3.590000
28335 3.990000
28336 1.290000
28337 2.490000
28338 1.590000
28339 2.590000
28340 1.890000
28341 1.990000
28342 1.990000
28343 3.290000
28344 1.690000
28345 3.490000
28346 2.990000
28347 3.790000
28348 2.590000
28349 1.690000
28350 3.390000
28351 1.990000
28352 2.690000
28353 4.790000
28354 2.190000
28355 6.290000
28356 3.690000
28357 3.790000
28358 0.990000
28359 0.990000
28360 2.290000
28361 2.290000
28362 3.690000
28363 1.990000
28364 1.690000
28365 1.690000
28366 9.690000
28367 1.490000
28368 4.790000
28369 5.490000
28370 2.690000
28371 2.690000
28372 5.690000
28373 3.490000
28374 3.490000
28375 3.490000
28376 3.490000
28377 3.490000
28378 1.390000
28379 1.390000
28380 1.390000
28381 5.950000
28382 3.950000
28383 4.950000
28384 3.950000
28385 1.890000
28386 2.590000
28387 2.590000
28388 2.590000
28389 2.590000
28390 2.590000
28391 2.590000
28392 1.890000
28393 1.890000
28394 1.890000
28395 1.890000
28396 1.890000
28397 1.390000
28398 1.390000
28399 1.390000
28400 1.390000
28401 1.390000
28402 1.890000
28403 1.890000
28404 1.890000
28405 1.890000
28406 1.890000
28407 1.890000
28408 1.890000
28409 1.890000
28410 1.890000
28411 1.390000
28412 1.390000
28413 1.890000
28414 0.650000
28415 0.650000
28416 1.990000
28417 1.990000
28418 0.150000
28419 0.150000
28420 0.950000
28421 0.790000
28422 0.790000
28423 2.390000
28424 2.350000
28425 2.350000
28426 2.350000
28427 2.350000
28428 2.350000
28429 2.350000
28430 2.350000
28431 2.350000
28432 2.350000
28433 2.350000
28434 1.990000
28435 2.350000
28436 2.350000
28437 2.690000
28438 2.990000
28439 2.990000
28440 1.190000
28441 1.190000
28442 2.290000
28443 2.290000
28444 2.290000
28445 2.890000
28446 2.890000
28447 2.890000
28448 2.090000
28449 2.090000
28450 0.890000
28451 2.690000
28452 9.760000
28453 4.690000
28454 2.990000
28455 6.590000
28456 6.590000
28457 2.990000
28458 4.990000
28459 4.990000
28460 4.590000
28461 14.490000
28462 4.990000
28463 3.390000
28464 3.390000
28465 3.390000
28466 3.390000
28467 2.990000
28468 2.990000
28469 2.790000
28470 2.590000
28471 2.790000
28472 2.790000
28473 2.590000
28474 1.500000
28475 1.500000
28476 1.500000
28477 1.500000
28478 1.500000
28479 1.500000
28480 1.330000
28481 1.330000
28482 1.330000
28483 1.500000
28484 1.500000
28485 1.500000
28486 1.500000
28487 1.500000
28488 1.500000
28489 1.500000
28490 0.370000
28491 1.190000
28492 1.190000
28493 0.250000
28494 0.250000
28495 0.250000
28496 1.330000
28497 1.330000
28498 1.330000
28499 1.330000
28500 1.330000
28501 1.330000
28502 0.670000
28503 1.500000
28504 0.670000
28505 0.290000
28506 2.490000
28507 1.990000
28508 2.490000
28509 0.240000
28510 0.990000
28511 3.190000
28512 3.190000
28513 3.190000
28514 3.190000
28515 2.890000
28516 2.890000
28517 4.950000
28518 9.950000
28519 9.950000
28520 0.990000
28521 0.990000
28522 0.990000
28523 1.390000
28524 1.590000
28525 9.990000
28526 0.390000
28527 0.990000
28528 1.890000
28529 0.990000
28530 1.790000
28531 4.990000
28532 1.990000
28533 1.490000
28534 4.190000
28535 1.990000
28536 1.990000
28537 2.290000
28538 2.390000
28539 2.390000
28540 2.390000
28541 1.990000
28542 1.590000
28543 1.490000
28544 1.490000
28545 3.790000
28546 3.990000
28547 2.390000
28548 2.190000
28549 3.790000
28550 3.790000
28551 2.890000
28552 1.990000
28553 2.990000
28554 3.190000
28555 2.990000
28556 3.490000
28557 2.990000
28558 2.390000
28559 2.390000
28560 2.390000
28561 4.390000
28562 1.690000
28563 4.950000
28564 1.690000
28565 1.690000
28566 1.690000
28567 1.990000
28568 59.990002
28569 39.990002
28570 2.590000
28571 2.190000
28572 2.190000
28573 2.190000
28574 2.190000
28575 2.190000
28576 2.190000
28577 2.190000
28578 2.190000
28579 2.190000
28580 2.190000
28581 2.190000
28582 1.690000
28583 1.690000
28584 1.690000
28585 1.690000
28586 1.690000
28587 1.690000
28588 1.690000
28589 1.690000
28590 1.690000
28591 1.690000
28592 1.690000
28593 1.690000
28594 1.690000
28595 1.690000
28596 1.690000
28597 1.690000
28598 1.690000
28599 1.690000
28600 1.690000
28601 1.690000
28602 1.690000
28603 3.990000
28604 2.990000
28605 1.490000
28606 3.990000
28607 1.490000
28608 3.990000
28609 1.490000
28610 2.990000
28611 4.990000
28612 2.290000
28613 2.490000
28614 2.990000
28615 1.290000
28616 1.990000
28617 1.890000
28618 2.490000
28619 1.990000
28620 4.990000
28621 2.990000
28622 2.290000
28623 2.990000
28624 2.990000
28625 3.590000
28626 2.990000
28627 3.990000
28628 2.290000
28629 4.990000
28630 2.990000
28631 2.290000
28632 4.990000
28633 2.790000
28634 2.290000
28635 1.690000
28636 4.990000
28637 6.990000
28638 6.990000
28639 7.690000
28640 6.990000
28641 4.990000
28642 6.990000
28643 7.690000
28644 7.690000
28645 6.990000
28646 5.990000
28647 6.990000
28648 4.990000
28649 4.990000
28650 1.290000
28651 1.290000
28652 1.990000
28653 1.990000
28654 4.950000
28655 2.990000
28656 4.950000
28657 3.390000
28658 3.390000
28659 13.490000
28660 1.890000
28661 6.990000
28662 5.990000
28663 12.990000
28664 9.990000
28665 24.990000
28666 24.590000
28667 13.990000
28668 13.290000
28669 24.590000
28670 15.990000
28671 2.490000
28672 3.490000
28673 5.990000
28674 3.990000
28675 11.590000
28676 4.990000
28677 5.190000
28678 2.190000
28679 3.690000
28680 5.990000
28681 9.990000
28682 5.790000
28683 7.990000
28684 2.690000
28685 3.490000
28686 4.490000
28687 10.990000
28688 10.990000
28689 8.190000
28690 9.490000
28691 10.990000
28692 3.990000
28693 5.290000
28694 2.590000
28695 4.990000
28696 4.190000
28697 4.790000
28698 4.790000
28699 6.990000
28700 18.790001
28701 9.390000
28702 4.990000
28703 1.790000
28704 1.790000
28705 1.790000
28706 2.190000
28707 2.690000
28708 3.990000
28709 2.990000
28710 2.990000
28711 4.990000
28712 2.690000
28713 6.990000
28714 3.990000
28715 1.990000
28716 2.790000
28717 2.690000
28718 2.690000
28719 0.990000
28720 1.990000
28721 1.990000
28722 2.990000
28723 5.290000
28724 5.190000
28725 1.990000
28726 3.990000
28727 2.790000
28728 2.790000
28729 3.190000
28730 1.990000
28731 1.990000
28732 3.990000
28733 5.290000
28734 5.990000
28735 2.390000
28736 4.790000
28737 5.290000
28738 4.790000
28739 2.690000
28740 4.790000
28741 5.290000
28742 4.790000
28743 4.890000
28744 3.990000
28745 2.690000
28746 2.790000
28747 1.990000
28748 1.990000
28749 3.990000
28750 3.990000
28751 4.790000
28752 5.990000
28753 2.690000
28754 3.990000
28755 3.990000
28756 5.990000
28757 5.990000
28758 5.290000
28759 2.690000
28760 1.990000
28761 2.690000
28762 6.690000
28763 5.290000
28764 5.990000
28765 1.990000
28766 1.990000
28767 8.990000
28768 2.990000
28769 0.990000
28770 2.690000
28771 3.490000
28772 3.490000
28773 3.490000
28774 3.490000
28775 3.490000
28776 3.490000
28777 3.490000
28778 3.490000
28779 3.490000
28780 3.490000
28781 3.490000
28782 3.490000
28783 5.990000
28784 0.990000
28785 4.990000
28786 2.690000
28787 5.290000
28788 2.790000
28789 2.690000
28790 3.490000
28791 1.990000
28792 0.990000
28793 0.990000
28794 0.990000
28795 0.990000
28796 0.990000
28797 0.990000
28798 1.990000
28799 2.240000
28800 3.990000
28801 3.990000
28802 3.990000
28803 3.990000
28804 18.990000
28805 2.590000
28806 2.590000
28807 5.490000
28808 5.990000
28809 5.990000
28810 5.990000
28811 6.290000
28812 5.990000
28813 5.990000
28814 5.990000
28815 1.890000
28816 6.990000
28817 1.790000
28818 1.790000
28819 1.790000
28820 1.790000
28821 2.690000
28822 2.690000
28823 1.790000
28824 2.690000
28825 2.690000
28826 2.990000
28827 2.990000
28828 6.990000
28829 3.990000
28830 3.990000
28831 3.990000
28832 1.790000
28833 1.790000
28834 6.990000
28835 3.990000
28836 3.990000
28837 1.790000
28838 3.990000
28839 3.990000
28840 3.990000
28841 2.690000
28842 2.690000
28843 1.790000
28844 1.790000
28845 2.990000
28846 3.990000
28847 3.990000
28848 3.990000
28849 1.500000
28850 2.790000
28851 2.790000
28852 2.790000
28853 2.790000
28854 2.500000
28855 5.490000
28856 2.500000
28857 2.500000
28858 5.490000
28859 5.490000
28860 5.490000
28861 2.500000
28862 5.490000
28863 2.500000
28864 5.490000
28865 5.490000
28866 5.490000
28867 1.500000
28868 2.790000
28869 2.790000
28870 2.790000
28871 1.500000
28872 2.990000
28873 2.990000
28874 2.990000
28875 2.990000
28876 2.790000
28877 1.500000
28878 2.790000
28879 2.790000
28880 2.790000
28881 2.790000
28882 2.790000
28883 2.790000
28884 5.190000
28885 5.390000
28886 3.490000
28887 3.490000
28888 3.490000
28889 3.490000
28890 4.290000
28891 4.290000
28892 4.290000
28893 4.290000
28894 4.290000
28895 4.290000
28896 4.290000
28897 4.290000
28898 4.290000
28899 4.290000
28900 4.290000
28901 4.290000
28902 4.290000
28903 4.290000
28904 4.290000
28905 4.290000
28906 4.290000
28907 4.290000
28908 4.290000
28909 4.290000
28910 4.290000
28911 4.290000
28912 4.290000
28913 4.290000
28914 4.990000
28915 4.990000
28916 8.490000
28917 8.490000
28918 8.490000
28919 8.490000
28920 8.490000
28921 8.490000
28922 5.990000
28923 5.990000
28924 5.990000
28925 5.990000
28926 5.990000
28927 5.990000
28928 5.990000
28929 1.990000
28930 1.990000
28931 1.990000
28932 4.990000
28933 4.990000
28934 4.990000
28935 4.990000
28936 4.990000
28937 4.990000
28938 4.990000
28939 4.990000
28940 4.990000
28941 4.990000
28942 4.990000
28943 4.990000
28944 4.990000
28945 4.990000
28946 4.990000
28947 4.990000
28948 5.490000
28949 2.500000
28950 4.990000
28951 4.990000
28952 4.990000
28953 4.990000
28954 4.990000
28955 4.990000
28956 4.990000
28957 4.990000
28958 4.990000
28959 4.990000
28960 4.990000
28961 4.990000
28962 4.990000
28963 4.990000
28964 4.990000
28965 4.990000
28966 4.990000
28967 4.990000
28968 4.990000
28969 4.990000
28970 4.990000
28971 4.990000
28972 4.990000
28973 4.990000
28974 4.990000
28975 4.990000
28976 4.990000
28977 4.990000
28978 4.990000
28979 4.990000
28980 4.990000
28981 4.990000
28982 4.990000
28983 4.990000
28984 4.990000
28985 4.990000
28986 4.990000
28987 4.990000
28988 4.990000
28989 4.990000
28990 4.990000
28991 4.990000
28992 4.990000
28993 4.990000
28994 4.990000
28995 4.990000
28996 4.990000
28997 4.990000
28998 4.990000
28999 4.990000
29000 4.990000
29001 4.990000
29002 4.990000
29003 4.990000
29004 4.990000
29005 5.490000
29006 5.490000
29007 5.490000
29008 5.490000
29009 5.490000
29010 5.490000
29011 5.490000
29012 5.490000
29013 5.490000
29014 5.490000
29015 5.490000
29016 5.490000
29017 5.490000
29018 5.490000
29019 5.490000
29020 5.490000
29021 5.490000
29022 5.490000
29023 5.490000
29024 5.490000
29025 5.490000
29026 5.490000
29027 5.490000
29028 4.490000
29029 4.490000
29030 4.490000
29031 4.490000
29032 4.490000
29033 4.490000
29034 4.490000
29035 2.990000
29036 2.990000
29037 2.990000
29038 2.990000
29039 2.000000
29040 2.000000
29041 2.990000
29042 2.000000
29043 2.990000
29044 2.990000
29045 2.990000
29046 2.990000
29047 2.990000
29048 2.990000
29049 2.990000
29050 4.990000
29051 4.990000
29052 4.990000
29053 4.990000
29054 4.990000
29055 3.990000
29056 3.990000
29057 3.990000
29058 3.990000
29059 2.500000
29060 4.990000
29061 4.990000
29062 4.990000
29063 4.490000
29064 4.490000
29065 2.490000
29066 2.490000
29067 2.490000
29068 2.490000
29069 2.490000
29070 2.490000
29071 4.490000
29072 2.500000
29073 4.490000
29074 4.290000
29075 4.890000
29076 4.890000
29077 4.890000
29078 4.890000
29079 4.890000
29080 3.990000
29081 2.290000
29082 0.990000
29083 0.990000
29084 3.190000
29085 1.590000
29086 1.790000
29087 0.790000
29088 2.350000
29089 1.190000
29090 1.390000
29091 5.490000
29092 2.590000
29093 1.290000
29094 0.890000
29095 4.990000
29096 1.690000
29097 1.490000
29098 0.890000
29099 1.990000
29100 1.590000
29101 4.890000
29102 3.490000
29103 1.690000
29104 1.290000
29105 6.990000
29106 6.990000
29107 6.990000
29108 6.990000
29109 4.290000
29110 4.290000
29111 4.290000
29112 4.290000
29113 2.150000
29114 4.290000
29115 4.290000
29116 4.290000
29117 4.290000
29118 4.290000
29119 6.990000
29120 6.990000
29121 6.990000
29122 6.990000
29123 4.290000
29124 8.990000
29125 4.500000
29126 8.990000
29127 4.290000
29128 6.990000
29129 4.290000
29130 2.150000
29131 3.990000
29132 1.990000
29133 1.890000
29134 6.990000
29135 0.990000
29136 5.990000
29137 2.990000
29138 5.990000
29139 5.990000
29140 7.990000
29141 9.990000
29142 1.000000
29143 6.500000
29144 9.990000
29145 5.990000
29146 5.990000
29147 5.990000
29148 8.790000
29149 1.990000
29150 5.290000
29151 9.990000
29152 9.990000
29153 2.590000
29154 2.590000
29155 2.590000
29156 3.790000
29157 4.990000
29158 2.590000
29159 9.490000
29160 5.790000
29161 4.990000
29162 5.990000
29163 5.690000
29164 5.690000
29165 5.690000
29166 7.990000
29167 3.990000
29168 3.990000
29169 7.890000
29170 13.490000
29171 6.390000
29172 3.490000
29173 8.790000
29174 5.290000
29175 8.090000
29176 5.290000
29177 6.390000
29178 9.490000
29179 6.390000
29180 5.290000
29181 6.590000
29182 9.490000
29183 6.590000
29184 2.790000
29185 9.490000
29186 3.990000
29187 3.990000
29188 5.990000
29189 5.190000
29190 8.190000
29191 6.390000
29192 5.990000
29193 8.990000
29194 5.590000
29195 8.290000
29196 6.990000
29197 1.290000
29198 1.290000
29199 1.290000
29200 3.990000
29201 15.390000
29202 4.990000
29203 15.990000
29204 16.990000
29205 15.290000
29206 7.990000
29207 5.990000
29208 5.990000
29209 16.990000
29210 6.990000
29211 19.990000
29212 14.990000
29213 6.990000
29214 12.990000
29215 4.790000
29216 4.790000
29217 1.590000
29218 1.590000
29219 0.690000
29220 0.690000
29221 0.690000
29222 1.690000
29223 2.890000
29224 4.950000
29225 4.990000
29226 5.990000
29227 2.790000
29228 5.990000
29229 2.790000
29230 5.990000
29231 2.790000
29232 5.990000
29233 2.690000
29234 2.990000
29235 4.290000
29236 4.490000
29237 4.190000
29238 3.090000
29239 3.090000
29240 2.990000
29241 2.450000
29242 2.450000
29243 2.450000
29244 2.450000
29245 2.450000
29246 2.450000
29247 2.450000
29248 2.450000
29249 2.450000
29250 5.950000
29251 4.990000
29252 9.950000
29253 4.990000
29254 4.990000
29255 4.990000
29256 4.950000
29257 9.950000
29258 1.590000
29259 4.500000
29260 4.990000
29261 3.990000
29262 6.990000
29263 3.990000
29264 4.990000
29265 4.500000
29266 4.990000
29267 3.950000
29268 3.500000
29269 3.950000
29270 4.990000
29271 4.990000
29272 4.950000
29273 7.990000
29274 4.990000
29275 3.990000
29276 3.990000
29277 3.990000
29278 8.950000
29279 4.950000
29280 2.950000
29281 4.500000
29282 3.990000
29283 2.250000
29284 4.990000
29285 7.990000
29286 3.500000
29287 5.990000
29288 6.990000
29289 2.250000
29290 2.250000
29291 5.000000
29292 6.950000
29293 4.990000
29294 2.750000
29295 6.950000
29296 2.750000
29297 2.250000
29298 2.750000
29299 8.950000
29300 4.950000
29301 3.990000
29302 3.990000
29303 3.990000
29304 3.990000
29305 5.950000
29306 4.990000
29307 4.990000
29308 4.990000
29309 4.990000
29310 3.990000
29311 3.990000
29312 5.990000
29313 7.990000
29314 4.990000
29315 6.990000
29316 2.990000
29317 2.990000
29318 2.250000
29319 2.990000
29320 2.990000
29321 3.990000
29322 4.990000
29323 4.990000
29324 3.990000
29325 14.950000
29326 2.690000
29327 2.690000
29328 3.990000
29329 1.250000
29330 2.500000
29331 1.490000
29332 3.500000
29333 2.500000
29334 5.500000
29335 3.500000
29336 5.500000
29337 5.950000
29338 5.950000
29339 3.500000
29340 5.500000
29341 3.990000
29342 7.990000
29343 4.950000
29344 3.990000
29345 4.500000
29346 4.990000
29347 5.990000
29348 2.390000
29349 2.500000
29350 2.750000
29351 5.500000
29352 2.250000
29353 1.990000
29354 3.500000
29355 4.990000
29356 3.500000
29357 3.500000
29358 4.990000
29359 4.990000
29360 4.990000
29361 2.990000
29362 2.990000
29363 2.990000
29364 2.990000
29365 3.500000
29366 4.000000
29367 9.950000
29368 6.990000
29369 3.990000
29370 4.950000
29371 9.950000
29372 3.990000
29373 3.500000
29374 5.000000
29375 5.500000
29376 9.950000
29377 4.950000
29378 5.950000
29379 3.950000
29380 4.990000
29381 1.000000
29382 4.500000
29383 12.950000
29384 3.950000
29385 5.500000
29386 4.950000
29387 4.000000
29388 3.950000
29389 4.950000
29390 4.500000
29391 4.990000
29392 5.950000
29393 3.950000
29394 3.500000
29395 3.250000
29396 5.950000
29397 2.990000
29398 3.950000
29399 6.990000
29400 4.500000
29401 3.990000
29402 3.990000
29403 4.500000
29404 2.950000
29405 3.950000
29406 6.950000
29407 4.950000
29408 2.990000
29409 8.950000
29410 5.950000
29411 6.950000
29412 4.790000
29413 3.650000
29414 3.490000
29415 1.990000
29416 2.000000
29417 2.190000
29418 2.190000
29419 2.190000
29420 2.190000
29421 2.190000
29422 1.690000
29423 5.790000
29424 5.990000
29425 4.990000
29426 5.990000
29427 4.990000
29428 8.490000
29429 5.990000
29430 4.990000
29431 3.590000
29432 1.490000
29433 1.690000
29434 1.690000
29435 2.990000
29436 3.390000
29437 3.390000
29438 3.390000
29439 3.390000
29440 3.390000
29441 3.390000
29442 3.390000
29443 3.390000
29444 3.390000
29445 3.390000
29446 3.390000
29447 3.390000
29448 3.390000
29449 3.390000
29450 3.390000
29451 3.390000
29452 3.390000
29453 3.390000
29454 0.790000
29455 4.990000
29456 4.990000
29457 0.990000
29458 3.490000
29459 3.490000
29460 3.490000
29461 9.990000
29462 3.490000
29463 3.490000
29464 3.490000
29465 2.790000
29466 3.890000
29467 1.990000
29468 1.990000
29469 1.990000
29470 1.990000
29471 1.990000
29472 1.990000
29473 1.990000
29474 2.790000
29475 1.990000
29476 2.790000
29477 12.990000
29478 9.990000
29479 10.990000
29480 4.190000
29481 4.990000
29482 11.990000
29483 6.990000
29484 3.000000
29485 3.000000
29486 3.000000
29487 3.000000
29488 3.000000
29489 3.000000
29490 3.000000
29491 6.490000
29492 3.490000
29493 4.990000
29494 4.490000
29495 4.890000
29496 3.390000
29497 5.490000
29498 3.990000
29499 4.990000
29500 0.990000
29501 2.390000
29502 2.390000
29503 2.390000
29504 2.290000
29505 3.290000
29506 3.990000
29507 2.990000
29508 3.490000
29509 2.990000
29510 2.990000
29511 7.790000
29512 6.690000
29513 2.390000
29514 2.390000
29515 2.390000
29516 2.390000
29517 2.390000
29518 2.390000
29519 2.390000
29520 2.390000
29521 2.390000
29522 2.390000
29523 2.390000
29524 2.390000
29525 2.890000
29526 3.490000
29527 3.490000
29528 3.490000
29529 3.490000
29530 3.490000
29531 3.490000
29532 3.490000
29533 3.490000
29534 4.490000
29535 4.490000
29536 4.490000
29537 4.490000
29538 2.990000
29539 2.990000
29540 4.490000
29541 4.490000
29542 1.290000
29543 3.390000
29544 5.290000
29545 3.190000
29546 2.590000
29547 2.390000
29548 2.990000
29549 2.290000
29550 3.090000
29551 3.290000
29552 3.790000
29553 3.990000
29554 3.990000
29555 1.990000
29556 7.990000
29557 1.990000
29558 3.490000
29559 1.690000
29560 1.990000
29561 3.490000
29562 3.490000
29563 2.090000
29564 3.190000
29565 3.990000
29566 1.590000
29567 1.190000
29568 1.990000
29569 3.290000
29570 2.890000
29571 1.290000
29572 1.890000
29573 1.290000
29574 1.290000
29575 3.390000
29576 1.890000
29577 2.590000
29578 0.500000
29579 0.500000
29580 0.500000
29581 0.500000
29582 4.500000
29583 5.990000
29584 3.250000
29585 2.990000
29586 8.950000
29587 2.990000
29588 3.500000
29589 3.950000
29590 4.500000
29591 4.950000
29592 2.990000
29593 3.990000
29594 2.990000
29595 1.500000
29596 6.950000
29597 3.990000
29598 1.750000
29599 3.990000
29600 3.990000
29601 4.950000
29602 2.790000
29603 3.990000
29604 5.950000
29605 1.500000
29606 1.500000
29607 5.950000
29608 4.990000
29609 4.990000
29610 1.250000
29611 4.990000
29612 1.750000
29613 1.500000
29614 1.500000
29615 4.500000
29616 5.990000
29617 4.950000
29618 1.950000
29619 3.500000
29620 3.500000
29621 4.950000
29622 5.990000
29623 5.990000
29624 4.990000
29625 8.990000
29626 3.990000
29627 4.990000
29628 6.990000
29629 9.990000
29630 3.950000
29631 3.990000
29632 3.990000
29633 3.990000
29634 3.990000
29635 3.990000
29636 4.990000
29637 3.990000
29638 4.990000
29639 3.990000
29640 4.950000
29641 5.990000
29642 3.990000
29643 3.980000
29644 4.990000
29645 2.500000
29646 3.950000
29647 3.990000
29648 3.990000
29649 2.500000
29650 2.990000
29651 3.500000
29652 5.990000
29653 1.390000
29654 1.490000
29655 2.990000
29656 3.990000
29657 4.990000
29658 2.490000
29659 4.990000
29660 3.990000
29661 2.990000
29662 4.990000
29663 5.990000
29664 4.990000
29665 5.000000
29666 5.990000
29667 3.990000
29668 6.990000
29669 3.500000
29670 4.950000
29671 4.950000
29672 2.950000
29673 3.950000
29674 5.000000
29675 4.990000
29676 4.990000
29677 4.990000
29678 3.990000
29679 4.990000
29680 3.950000
29681 4.990000
29682 5.950000
29683 3.990000
29684 4.990000
29685 2.950000
29686 4.950000
29687 1.290000
29688 5.990000
29689 4.950000
29690 4.950000
29691 14.990000
29692 8.950000
29693 3.950000
29694 5.000000
29695 10.000000
29696 4.990000
29697 4.950000
29698 15.000000
29699 3.000000
29700 2.500000
29701 3.990000
29702 5.500000
29703 0.990000
29704 3.990000
29705 3.990000
29706 1.250000
29707 4.990000
29708 1.490000
29709 3.990000
29710 4.990000
29711 4.990000
29712 5.990000
29713 4.990000
29714 4.990000
29715 2.990000
29716 4.990000
29717 3.990000
29718 3.990000
29719 3.500000
29720 3.990000
29721 3.950000
29722 3.500000
29723 3.990000
29724 5.990000
29725 4.990000
29726 1.990000
29727 4.990000
29728 3.500000
29729 3.990000
29730 4.950000
29731 3.950000
29732 4.990000
29733 3.990000
29734 3.990000
29735 3.950000
29736 3.990000
29737 5.950000
29738 4.990000
29739 3.990000
29740 4.990000
29741 3.500000
29742 6.990000
29743 3.990000
29744 7.500000
29745 4.950000
29746 5.990000
29747 0.990000
29748 1.190000
29749 1.190000
29750 1.390000
29751 1.390000
29752 2.390000
29753 2.390000
29754 2.190000
29755 2.190000
29756 1.690000
29757 1.690000
29758 2.490000
29759 2.490000
29760 3.590000
29761 3.990000
29762 3.590000
29763 2.550000
29764 2.490000
29765 2.490000
29766 2.490000
29767 2.550000
29768 2.550000
29769 0.990000
29770 0.990000
29771 0.990000
29772 0.990000
29773 0.990000
29774 0.990000
29775 0.990000
29776 0.990000
29777 0.990000
29778 0.990000
29779 0.990000
29780 0.990000
29781 0.990000
29782 0.990000
29783 0.990000
29784 0.990000
29785 1.990000
29786 1.990000
29787 1.990000
29788 3.290000
29789 3.490000
29790 3.990000
29791 3.990000
29792 3.990000
29793 3.990000
29794 3.990000
29795 3.990000
29796 2.190000
29797 2.190000
29798 2.190000
29799 2.190000
29800 2.190000
29801 2.190000
29802 2.190000
29803 2.190000
29804 2.190000
29805 2.190000
29806 2.190000
29807 2.190000
29808 7.190000
29809 3.990000
29810 4.990000
29811 4.990000
29812 6.990000
29813 17.990000
29814 12.990000
29815 7.990000
29816 3.990000
29817 2.190000
29818 2.190000
29819 2.190000
29820 2.190000
29821 2.190000
29822 2.190000
29823 17.990000
29824 3.000000
29825 19.990000
29826 19.990000
29827 6.290000
29828 5.890000
29829 5.890000
29830 3.290000
29831 5.690000
29832 2.790000
29833 1.890000
29834 1.890000
29835 2.190000
29836 2.690000
29837 1.290000
29838 4.290000
29839 4.290000
29840 4.290000
29841 4.290000
29842 3.590000
29843 3.090000
29844 3.590000
29845 2.990000
29846 2.990000
29847 2.990000
29848 4.290000
29849 4.290000
29850 3.590000
29851 1.390000
29852 2.990000
29853 3.590000
29854 1.390000
29855 2.990000
29856 1.290000
29857 2.490000
29858 2.490000
29859 2.490000
29860 2.490000
29861 2.490000
29862 2.490000
29863 2.490000
29864 4.390000
29865 6.150000
29866 7.990000
29867 7.990000
29868 7.990000
29869 7.990000
29870 7.990000
29871 7.990000
29872 7.990000
29873 7.990000
29874 1.590000
29875 7.990000
29876 7.990000
29877 7.990000
29878 7.990000
29879 7.990000
29880 7.990000
29881 7.990000
29882 7.990000
29883 7.990000
29884 7.990000
29885 7.990000
29886 7.990000
29887 7.990000
29888 7.990000
29889 7.990000
29890 7.990000
29891 1.590000
29892 1.590000
29893 7.990000
29894 7.990000
29895 7.990000
29896 7.990000
29897 7.990000
29898 7.990000
29899 7.990000
29900 7.990000
29901 7.990000
29902 7.990000
29903 7.990000
29904 1.590000
29905 1.590000
29906 1.590000
29907 1.590000
29908 1.590000
29909 1.590000
29910 1.590000
29911 1.590000
29912 1.590000
29913 1.590000
29914 1.590000
29915 1.590000
29916 1.590000
29917 1.590000
29918 1.590000
29919 3.500000
29920 3.500000
29921 2.950000
29922 1.390000
29923 2.790000
29924 2.790000
29925 1.390000
29926 1.690000
29927 1.390000
29928 1.690000
29929 1.690000
29930 3.490000
29931 3.990000
29932 2.690000
29933 4.090000
29934 1.990000
29935 1.990000
29936 1.590000
29937 1.590000
29938 2.290000
29939 1.740000
29940 1.740000
29941 2.490000
29942 4.990000
29943 1.500000
29944 0.850000
29945 0.390000
29946 1.690000
29947 2.990000
29948 4.490000
29949 8.990000
29950 2.990000
29951 3.990000
29952 3.990000
29953 3.990000
29954 1.740000
29955 1.590000
29956 2.390000
29957 2.390000
29958 4.490000
29959 8.990000
29960 2.790000
29961 3.690000
29962 2.650000
29963 4.690000
29964 4.590000
29965 2.490000
29966 2.490000
29967 8.490000
29968 8.490000
29969 6.490000
29970 6.490000
29971 6.490000
29972 3.190000
29973 4.290000
29974 4.290000
29975 4.290000
29976 1.390000
29977 1.890000
29978 2.990000
29979 2.990000
29980 4.500000
29981 3.000000
29982 2.990000
29983 1.990000
29984 1.990000
29985 1.990000
29986 0.990000
29987 1.390000
29988 1.390000
29989 1.390000
29990 1.390000
29991 1.590000
29992 1.390000
29993 1.390000
29994 1.390000
29995 6.990000
29996 5.990000
29997 6.990000
29998 6.990000
29999 6.990000
30000 6.990000
30001 5.990000
30002 5.990000
30003 5.990000
30004 2.290000
30005 2.290000
30006 2.290000
30007 8.390000
30008 5.390000
30009 5.790000
30010 1.790000
30011 2.490000
30012 1.990000
30013 1.190000
30014 1.490000
30015 2.690000
30016 1.490000
30017 1.590000
30018 0.990000
30019 0.990000
30020 1.790000
30021 1.690000
30022 1.990000
30023 1.590000
30024 4.290000
30025 1.090000
30026 2.990000
30027 1.390000
30028 3.000000
30029 3.500000
30030 2.950000
30031 3.990000
30032 3.990000
30033 4.990000
30034 2.500000
30035 2.990000
30036 4.990000
30037 3.990000
30038 2.500000
30039 1.490000
30040 3.500000
30041 2.990000
30042 3.990000
30043 1.990000
30044 3.990000
30045 4.990000
30046 5.990000
30047 3.490000
30048 3.490000
30049 2.500000
30050 4.990000
30051 2.990000
30052 2.990000
30053 4.990000
30054 2.990000
30055 2.500000
30056 3.990000
30057 3.990000
30058 2.500000
30059 3.990000
30060 4.950000
30061 3.990000
30062 4.990000
30063 4.990000
30064 4.950000
30065 2.990000
30066 2.500000
30067 5.950000
30068 4.990000
30069 3.500000
30070 2.500000
30071 2.950000
30072 3.990000
30073 4.000000
30074 3.990000
30075 3.990000
30076 3.500000
30077 7.690000
30078 8.890000
30079 3.000000
30080 5.990000
30081 2.990000
30082 3.500000
30083 5.690000
30084 2.390000
30085 2.590000
30086 2.590000
30087 5.490000
30088 2.990000
30089 2.990000
30090 3.390000
30091 37.790001
30092 37.790001
30093 14.190000
30094 9.190000
30095 70.790001
30096 35.490002
30097 11.590000
30098 10.690000
30099 14.790000
30100 39.790001
30101 73.889999
30102 29.990000
30103 19.990000
30104 40.189999
30105 7.990000
30106 2.590000
30107 8.290000
30108 2.790000
30109 7.590000
30110 10.490000
30111 10.490000
30112 10.490000
30113 4.290000
30114 4.290000
30115 6.990000
30116 7.990000
30117 7.590000
30118 10.190000
30119 9.990000
30120 5.490000
30121 7.390000
30122 7.390000
30123 6.390000
30124 6.390000
30125 18.990000
30126 9.990000
30127 9.990000
30128 18.990000
30129 18.990000
30130 9.190000
30131 7.990000
30132 7.490000
30133 7.390000
30134 7.390000
30135 7.490000
30136 6.390000
30137 7.490000
30138 7.490000
30139 7.390000
30140 18.990000
30141 7.390000
30142 6.990000
30143 6.990000
30144 7.590000
30145 9.990000
30146 7.590000
30147 2.390000
30148 2.090000
30149 2.390000
30150 2.390000
30151 1.190000
30152 5.490000
30153 2.790000
30154 5.990000
30155 9.990000
30156 9.990000
30157 2.050000
30158 3.950000
30159 0.790000
30160 1.190000
30161 1.290000
30162 1.390000
30163 1.790000
30164 2.190000
30165 3.990000
30166 1.290000
30167 2.290000
30168 1.790000
30169 1.790000
30170 1.190000
30171 1.990000
30172 2.290000
30173 1.390000
30174 2.990000
30175 4.490000
30176 3.790000
30177 4.290000
30178 1.290000
30179 10.790000
30180 2.090000
30181 1.190000
30182 1.190000
30183 1.190000
30184 1.500000
30185 1.990000
30186 3.690000
30187 3.690000
30188 2.990000
30189 2.390000
30190 2.790000
30191 2.490000
30192 1.990000
30193 2.290000
30194 2.990000
30195 2.890000
30196 1.690000
30197 2.790000
30198 2.690000
30199 2.290000
30200 2.990000
30201 2.390000
30202 1.890000
30203 1.790000
30204 2.290000
30205 2.890000
30206 2.990000
30207 2.590000
30208 1.890000
30209 2.290000
30210 0.890000
30211 0.890000
30212 0.890000
30213 0.890000
30214 2.990000
30215 4.950000
30216 1.390000
30217 0.990000
30218 1.190000
30219 3.290000
30220 1.690000
30221 1.990000
30222 1.290000
30223 0.790000
30224 0.790000
30225 0.590000
30226 1.790000
30227 1.690000
30228 0.790000
30229 0.690000
30230 0.590000
30231 1.390000
30232 1.790000
30233 1.390000
30234 1.390000
30235 3.690000
30236 3.690000
30237 2.990000
30238 2.990000
30239 2.990000
30240 2.990000
30241 3.190000
30242 4.090000
30243 4.390000
30244 4.390000
30245 4.390000
30246 2.850000
30247 3.290000
30248 3.890000
30249 2.390000
30250 1.500000
30251 2.890000
30252 2.890000
30253 2.890000
30254 3.690000
30255 2.490000
30256 1.790000
30257 1.990000
30258 1.990000
30259 1.990000
30260 1.990000
30261 1.000000
30262 1.990000
30263 2.490000
30264 2.490000
30265 2.490000
30266 2.490000
30267 2.490000
30268 1.500000
30269 2.490000
30270 2.490000
30271 2.490000
30272 2.490000
30273 3.390000
30274 3.990000
30275 3.990000
30276 3.990000
30277 3.490000
30278 3.490000
30279 5.190000
30280 3.990000
30281 3.990000
30282 0.990000
30283 0.990000
30284 0.990000
30285 2.500000
30286 2.500000
30287 2.500000
30288 2.500000
30289 2.500000
30290 2.500000
30291 23.990000
30292 2.690000
30293 2.690000
30294 23.990000
30295 2.690000
30296 23.990000
30297 2.690000
30298 23.990000
30299 2.690000
30300 23.990000
30301 2.690000
30302 23.990000
30303 2.690000
30304 23.990000
30305 2.690000
30306 23.990000
30307 2.690000
30308 23.990000
30309 2.690000
30310 23.990000
30311 2.690000
30312 23.990000
30313 3.190000
30314 0.990000
30315 3.990000
30316 2.390000
30317 1.890000
30318 2.890000
30319 2.890000
30320 1.890000
30321 2.790000
30322 2.090000
30323 2.690000
30324 0.990000
30325 0.990000
30326 0.990000
30327 0.990000
30328 0.990000
30329 0.990000
30330 0.990000
30331 0.990000
30332 0.990000
30333 0.990000
30334 7.990000
30335 3.490000
30336 3.490000
30337 3.990000
30338 3.990000
30339 3.990000
30340 3.990000
30341 1.190000
30342 1.190000
30343 1.190000
30344 1.190000
30345 1.190000
30346 1.190000
30347 1.190000
30348 3.490000
30349 3.490000
30350 3.990000
30351 3.990000
30352 4.290000
30353 6.990000
30354 6.990000
30355 6.990000
30356 1.190000
30357 3.490000
30358 3.990000
30359 1.190000
30360 1.190000
30361 3.490000
30362 3.990000
30363 1.190000
30364 1.190000
30365 3.990000
30366 7.990000
30367 7.990000
30368 7.990000
30369 7.990000
30370 7.990000
30371 7.990000
30372 3.000000
30373 7.990000
30374 3.000000
30375 2.140000
30376 2.140000
30377 2.140000
30378 4.290000
30379 4.290000
30380 0.790000
30381 0.790000
30382 1.990000
30383 0.790000
30384 0.790000
30385 2.990000
30386 0.790000
30387 0.790000
30388 0.790000
30389 0.790000
30390 3.990000
30391 3.990000
30392 3.990000
30393 0.790000
30394 0.790000
30395 0.790000
30396 0.790000
30397 4.290000
30398 4.290000
30399 4.290000
30400 0.070000
30401 2.490000
30402 1.000000
30403 1.000000
30404 1.000000
30405 1.000000
30406 2.190000
30407 6.490000
30408 6.490000
30409 1.000000
30410 6.490000
30411 6.690000
30412 6.690000
30413 6.690000
30414 6.690000
30415 6.690000
30416 5.990000
30417 5.990000
30418 5.990000
30419 5.990000
30420 5.990000
30421 7.690000
30422 7.690000
30423 6.690000
30424 6.690000
30425 5.990000
30426 2.190000
30427 6.490000
30428 8.990000
30429 1.000000
30430 5.990000
30431 2.190000
30432 5.990000
30433 5.990000
30434 5.490000
30435 5.490000
30436 5.490000
30437 5.490000
30438 5.490000
30439 5.490000
30440 5.490000
30441 5.490000
30442 5.490000
30443 5.490000
30444 4.290000
30445 7.990000
30446 7.990000
30447 7.990000
30448 1.990000
30449 1.190000
30450 1.190000
30451 1.190000
30452 0.990000
30453 0.990000
30454 0.990000
30455 0.990000
30456 0.990000
30457 0.990000
30458 0.990000
30459 0.990000
30460 0.990000
30461 0.990000
30462 0.990000
30463 2.590000
30464 2.990000
30465 2.490000
30466 2.690000
30467 2.990000
30468 2.790000
30469 2.390000
30470 1.390000
30471 1.690000
30472 1.790000
30473 2.190000
30474 2.990000
30475 1.890000
30476 1.890000
30477 2.090000
30478 1.090000
30479 1.890000
30480 2.990000
30481 3.290000
30482 3.690000
30483 3.690000
30484 3.690000
30485 3.690000
30486 6.690000
30487 6.690000
30488 3.690000
30489 3.690000
30490 3.690000
30491 6.690000
30492 6.690000
30493 6.690000
30494 6.690000
30495 6.690000
30496 2.990000
30497 2.990000
30498 2.990000
30499 6.690000
30500 1.290000
30501 1.290000
30502 1.290000
30503 1.990000
30504 1.990000
30505 1.990000
30506 3.490000
30507 0.590000
30508 1.990000
30509 3.990000
30510 1.990000
30511 3.490000
30512 3.290000
30513 3.990000
30514 2.190000
30515 1.590000
30516 1.590000
30517 1.190000
30518 1.590000
30519 1.690000
30520 1.790000
30521 0.990000
30522 0.990000
30523 0.990000
30524 1.090000
30525 1.090000
30526 1.090000
30527 0.990000
30528 0.990000
30529 0.990000
30530 1.290000
30531 1.290000
30532 1.390000
30533 1.290000
30534 1.290000
30535 1.290000
30536 1.290000
30537 1.390000
30538 1.290000
30539 0.750000
30540 0.690000
30541 0.690000
30542 0.690000
30543 1.990000
30544 2.590000
30545 2.990000
30546 3.490000
30547 2.990000
30548 2.990000
30549 2.690000
30550 2.690000
30551 2.790000
30552 2.790000
30553 2.790000
30554 2.290000
30555 3.290000
30556 1.590000
30557 2.690000
30558 3.890000
30559 5.890000
30560 4.490000
30561 2.590000
30562 2.390000
30563 3.890000
30564 5.590000
30565 2.490000
30566 2.590000
30567 5.690000
30568 4.290000
30569 2.490000
30570 5.690000
30571 1.450000
30572 1.450000
30573 2.000000
30574 1.450000
30575 1.450000
30576 0.990000
30577 3.950000
30578 2.490000
30579 3.490000
30580 2.390000
30581 1.990000
30582 1.090000
30583 1.590000
30584 0.790000
30585 4.790000
30586 0.890000
30587 1.490000
30588 0.890000
30589 1.190000
30590 1.990000
30591 0.790000
30592 1.190000
30593 2.090000
30594 0.890000
30595 1.490000
30596 0.890000
30597 1.690000
30598 2.490000
30599 0.990000
30600 0.990000
30601 0.500000
30602 0.500000
30603 0.500000
30604 0.500000
30605 0.500000
30606 0.500000
30607 0.500000
30608 0.500000
30609 0.500000
30610 0.500000
30611 0.500000
30612 0.500000
30613 0.500000
30614 1.650000
30615 1.650000
30616 1.650000
30617 0.330000
30618 0.250000
30619 0.250000
30620 0.250000
30621 0.250000
30622 0.250000
30623 1.350000
30624 1.990000
30625 2.190000
30626 2.190000
30627 2.190000
30628 2.190000
30629 2.190000
30630 2.190000
30631 2.190000
30632 2.190000
30633 2.190000
30634 2.190000
30635 2.190000
30636 3.490000
30637 1.890000
30638 1.890000
30639 3.690000
30640 3.690000
30641 3.690000
30642 3.690000
30643 3.690000
30644 3.690000
30645 3.690000
30646 1.090000
30647 1.090000
30648 2.290000
30649 1.390000
30650 1.490000
30651 2.000000
30652 2.000000
30653 2.000000
30654 2.000000
30655 2.990000
30656 4.990000
30657 18.990000
30658 1.990000
30659 2.990000
30660 1.090000
30661 1.090000
30662 1.090000
30663 1.090000
30664 1.090000
30665 1.090000
30666 1.090000
30667 1.090000
30668 1.090000
30669 1.090000
30670 1.090000
30671 1.090000
30672 1.590000
30673 1.490000
30674 1.590000
30675 1.590000
30676 1.590000
30677 1.490000
30678 1.990000
30679 1.490000
30680 2.490000
30681 1.590000
30682 1.590000
30683 3.990000
30684 3.990000
30685 2.990000
30686 0.890000
30687 0.890000
30688 0.890000
30689 0.890000
30690 0.890000
30691 0.890000
30692 0.890000
30693 0.890000
30694 0.890000
30695 0.890000
30696 0.890000
30697 0.890000
30698 0.890000
30699 0.890000
30700 0.890000
30701 0.890000
30702 0.890000
30703 0.890000
30704 1.690000
30705 1.590000
30706 6.390000
30707 1.490000
30708 1.990000
30709 2.500000
30710 3.890000
30711 4.390000
30712 3.890000
30713 4.390000
30714 4.390000
30715 4.190000
30716 5.490000
30717 0.750000
30718 1.490000
30719 2.990000
30720 2.990000
30721 1.130000
30722 0.970000
30723 0.740000
30724 1.120000
30725 1.490000
30726 2.990000
30727 0.500000
30728 2.990000
30729 3.590000
30730 3.590000
30731 3.590000
30732 3.590000
30733 2.890000
30734 3.590000
30735 4.090000
30736 3.250000
30737 3.500000
30738 3.990000
30739 4.990000
30740 5.990000
30741 6.990000
30742 7.500000
30743 7.990000
30744 1.190000
30745 1.190000
30746 1.190000
30747 1.190000
30748 1.190000
30749 8.990000
30750 15.990000
30751 1.490000
30752 0.990000
30753 2.290000
30754 3.990000
30755 3.990000
30756 1.490000
30757 3.990000
30758 2.490000
30759 8.990000
30760 3.990000
30761 2.490000
30762 4.990000
30763 5.990000
30764 2.890000
30765 2.690000
30766 5.990000
30767 1.890000
30768 3.490000
30769 6.590000
30770 1.990000
30771 2.790000
30772 1.490000
30773 2.990000
30774 1.390000
30775 4.500000
30776 4.990000
30777 5.500000
30778 5.990000
30779 6.500000
30780 6.990000
30781 7.500000
30782 7.990000
30783 1.990000
30784 4.190000
30785 3.990000
30786 5.490000
30787 2.000000
30788 3.590000
30789 8.790000
30790 1.990000
30791 2.490000
30792 4.990000
30793 3.990000
30794 1.290000
30795 2.290000
30796 2.990000
30797 3.990000
30798 5.590000
30799 2.090000
30800 2.790000
30801 3.790000
30802 3.490000
30803 1.990000
30804 5.490000
30805 3.000000
30806 6.990000
30807 6.990000
30808 7.990000
30809 9.490000
30810 9.490000
30811 10.490000
30812 11.490000
30813 7.490000
30814 8.490000
30815 13.490000
30816 2.500000
30817 7.590000
30818 11.490000
30819 4.390000
30820 4.390000
30821 5.490000
30822 3.990000
30823 6.090000
30824 9.390000
30825 7.990000
30826 4.490000
30827 8.490000
30828 1.990000
30829 1.990000
30830 1.990000
30831 1.990000
30832 1.990000
30833 1.990000
30834 1.990000
30835 1.990000
30836 1.990000
30837 2.090000
30838 1.990000
30839 1.990000
30840 1.990000
30841 1.990000
30842 2.290000
30843 2.290000
30844 2.290000
30845 2.290000
30846 3.590000
30847 2.490000
30848 2.490000
30849 2.490000
30850 2.490000
30851 3.190000
30852 3.890000
30853 3.890000
30854 3.890000
30855 3.890000
30856 3.890000
30857 3.890000
30858 3.890000
30859 3.890000
30860 3.890000
30861 3.890000
30862 3.890000
30863 3.890000
30864 3.890000
30865 3.890000
30866 3.890000
30867 3.890000
30868 3.890000
30869 3.890000
30870 3.890000
30871 3.890000
30872 3.890000
30873 3.890000
30874 3.890000
30875 3.890000
30876 3.990000
30877 3.990000
30878 3.990000
30879 3.990000
30880 0.990000
30881 0.390000
30882 0.390000
30883 1.390000
30884 1.390000
30885 3.990000
30886 3.990000
30887 0.990000
30888 1.190000
30889 2.390000
30890 5.690000
30891 1.790000
30892 1.250000
30893 1.190000
30894 2.390000
30895 1.990000
30896 10.990000
30897 6.990000
30898 1.990000
30899 1.990000
30900 9.990000
30901 9.990000
30902 9.990000
30903 10.990000
30904 10.990000
30905 3.650000
30906 5.890000
30907 1.550000
30908 1.550000
30909 1.550000
30910 4.290000
30911 4.290000
30912 4.290000
30913 4.290000
30914 4.690000
30915 4.990000
30916 4.990000
30917 5.990000
30918 1.490000
30919 11.990000
30920 4.190000
30921 4.990000
30922 4.990000
30923 4.290000
30924 2.690000
30925 2.690000
30926 2.690000
30927 2.690000
30928 2.690000
30929 0.990000
30930 2.690000
30931 3.890000
30932 3.890000
30933 3.890000
30934 3.890000
30935 3.890000
30936 3.890000
30937 2.990000
30938 2.990000
30939 7.490000
30940 8.990000
30941 8.990000
30942 8.990000
30943 8.990000
30944 8.990000
30945 6.790000
30946 4.290000
30947 4.190000
30948 4.290000
30949 2.990000
30950 2.990000
30951 2.990000
30952 2.990000
30953 2.990000
30954 2.990000
30955 3.990000
30956 2.990000
30957 3.890000
30958 3.890000
30959 3.890000
30960 5.990000
30961 1.890000
30962 2.490000
30963 1.490000
30964 1.990000
30965 4.790000
30966 7.990000
30967 0.990000
30968 1.090000
30969 2.190000
30970 2.190000
30971 2.190000
30972 2.190000
30973 2.190000
30974 1.990000
30975 1.990000
30976 0.500000
30977 0.500000
30978 4.290000
30979 8.590000
30980 3.790000
30981 2.090000
30982 2.590000
30983 3.590000
30984 2.490000
30985 5.590000
30986 1.000000
30987 2.990000
30988 7.990000
30989 13.990000
30990 0.990000
30991 3.750000
30992 3.750000
30993 6.990000
30994 13.990000
30995 3.750000
30996 7.990000
30997 3.750000
30998 6.990000
30999 13.990000
31000 5.990000
31001 9.990000
31002 5.990000
31003 11.990000
31004 4.990000
31005 5.990000
31006 4.990000
31007 5.750000
31008 6.990000
31009 3.750000
31010 8.750000
31011 2.500000
31012 4.500000
31013 3.990000
31014 3.990000
31015 4.990000
31016 2.990000
31017 7.990000
31018 4.990000
31019 9.990000
31020 4.500000
31021 2.990000
31022 2.990000
31023 2.990000
31024 2.990000
31025 0.500000
31026 0.840000
31027 0.490000
31028 0.840000
31029 0.890000
31030 0.890000
31031 0.490000
31032 0.120000
31033 0.890000
31034 0.690000
31035 0.690000
31036 0.590000
31037 3.750000
31038 7.990000
31039 13.990000
31040 3.750000
31041 6.990000
31042 13.990000
31043 0.990000
31044 8.990000
31045 14.990000
31046 14.990000
31047 3.990000
31048 8.990000
31049 4.990000
31050 9.990000
31051 11.990000
31052 9.990000
31053 8.990000
31054 1.490000
31055 5.990000
31056 0.500000
31057 0.500000
31058 0.500000
31059 2.490000
31060 11.990000
31061 6.990000
31062 3.990000
31063 0.500000
31064 2.990000
31065 8.990000
31066 8.990000
31067 0.500000
31068 0.990000
31069 1.490000
31070 0.500000
31071 1.490000
31072 0.500000
31073 0.990000
31074 0.990000
31075 0.500000
31076 0.500000
31077 0.500000
31078 3.990000
31079 1.490000
31080 1.490000
31081 4.990000
31082 3.990000
31083 3.750000
31084 3.990000
31085 3.750000
31086 2.990000
31087 0.990000
31088 1.490000
31089 2.990000
31090 1.490000
31091 1.990000
31092 2.990000
31093 2.990000
31094 1.990000
31095 5.990000
31096 0.990000
31097 1.990000
31098 7.990000
31099 0.500000
31100 2.500000
31101 2.500000
31102 5.990000
31103 1.690000
31104 1.690000
31105 1.690000
31106 1.690000
31107 1.690000
31108 1.690000
31109 1.690000
31110 0.500000
31111 2.990000
31112 3.990000
31113 2.690000
31114 12.990000
31115 12.990000
31116 2.490000
31117 2.490000
31118 2.490000
31119 1.990000
31120 0.990000
31121 0.990000
31122 0.990000
31123 2.390000
31124 2.290000
31125 2.290000
31126 2.290000
31127 2.890000
31128 2.890000
31129 2.890000
31130 4.190000
31131 4.190000
31132 3.290000
31133 3.290000
31134 5.890000
31135 5.890000
31136 0.890000
31137 0.890000
31138 0.890000
31139 0.890000
31140 0.890000
31141 0.890000
31142 0.890000
31143 0.890000
31144 0.890000
31145 0.890000
31146 1.990000
31147 1.990000
31148 3.890000
31149 3.690000
31150 1.390000
31151 1.290000
31152 0.990000
31153 1.490000
31154 1.490000
31155 1.490000
31156 6.990000
31157 8.990000
31158 3.490000
31159 3.490000
31160 0.790000
31161 0.790000
31162 0.890000
31163 4.990000
31164 4.990000
31165 2.790000
31166 2.790000
31167 2.790000
31168 2.790000
31169 1.890000
31170 2.990000
31171 1.890000
31172 2.990000
31173 2.690000
31174 1.790000
31175 3.290000
31176 1.890000
31177 3.780000
31178 2.490000
31179 4.590000
31180 4.990000
31181 5.990000
31182 3.490000
31183 3.490000
31184 0.990000
31185 4.990000
31186 6.990000
31187 4.590000
31188 3.590000
31189 6.990000
31190 1.650000
31191 2.990000
31192 2.990000
31193 3.790000
31194 3.790000
31195 2.390000
31196 2.990000
31197 3.590000
31198 2.690000
31199 2.690000
31200 3.290000
31201 3.790000
31202 3.290000
31203 3.590000
31204 2.190000
31205 2.990000
31206 3.790000
31207 2.390000
31208 2.990000
31209 5.890000
31210 5.890000
31211 5.890000
31212 5.890000
31213 5.890000
31214 5.890000
31215 5.890000
31216 5.890000
31217 5.890000
31218 5.890000
31219 5.890000
31220 5.890000
31221 5.890000
31222 5.890000
31223 5.890000
31224 5.890000
31225 5.890000
31226 5.890000
31227 5.890000
31228 5.890000
31229 5.890000
31230 5.890000
31231 5.890000
31232 5.890000
31233 5.890000
31234 5.890000
31235 5.890000
31236 1.980000
31237 1.980000
31238 1.690000
31239 3.290000
31240 1.250000
31241 2.980000
31242 0.790000
31243 2.890000
31244 1.390000
31245 1.590000
31246 1.000000
31247 0.990000
31248 1.390000
31249 3.790000
31250 3.790000
31251 1.290000
31252 9.090000
31253 4.190000
31254 2.990000
31255 2.990000
31256 2.990000
31257 2.990000
31258 2.990000
31259 2.990000
31260 2.990000
31261 2.990000
31262 2.990000
31263 2.990000
31264 2.990000
31265 2.990000
31266 2.990000
31267 1.290000
31268 4.790000
31269 4.790000
31270 4.790000
31271 4.790000
31272 1.490000
31273 2.490000
31274 3.890000
31275 6.990000
31276 2.990000
31277 1.490000
31278 2.990000
31279 1.290000
31280 1.290000
31281 1.790000
31282 3.290000
31283 3.290000
31284 3.290000
31285 3.690000
31286 3.690000
31287 3.790000
31288 3.790000
31289 3.690000
31290 3.690000
31291 4.990000
31292 4.990000
31293 4.990000
31294 6.990000
31295 4.990000
31296 3.390000
31297 3.790000
31298 3.690000
31299 4.990000
31300 4.990000
31301 1.590000
31302 0.990000
31303 0.990000
31304 0.990000
31305 0.990000
31306 0.990000
31307 0.990000
31308 0.990000
31309 0.990000
31310 0.990000
31311 0.990000
31312 0.990000
31313 0.990000
31314 0.990000
31315 0.990000
31316 0.990000
31317 0.990000
31318 0.990000
31319 0.990000
31320 0.990000
31321 0.990000
31322 0.990000
31323 0.990000
31324 0.990000
31325 0.990000
31326 0.990000
31327 0.990000
31328 0.990000
31329 0.990000
31330 0.990000
31331 0.990000
31332 0.990000
31333 0.990000
31334 0.990000
31335 0.990000
31336 0.990000
31337 0.990000
31338 0.990000
31339 0.990000
31340 1.990000
31341 1.990000
31342 1.990000
31343 1.990000
31344 1.990000
31345 1.990000
31346 1.990000
31347 1.990000
31348 1.990000
31349 1.990000
31350 1.990000
31351 0.990000
31352 0.990000
31353 0.990000
31354 0.990000
31355 0.990000
31356 0.990000
31357 0.990000
31358 0.990000
31359 0.990000
31360 0.990000
31361 0.990000
31362 0.990000
31363 0.990000
31364 0.990000
31365 0.990000
31366 0.990000
31367 0.990000
31368 0.990000
31369 0.990000
31370 0.990000
31371 0.990000
31372 0.990000
31373 0.990000
31374 0.990000
31375 0.990000
31376 0.990000
31377 0.990000
31378 0.990000
31379 0.990000
31380 0.990000
31381 0.990000
31382 1.790000
31383 1.790000
31384 1.790000
31385 1.790000
31386 1.790000
31387 2.890000
31388 2.890000
31389 1.490000
31390 1.490000
31391 1.990000
31392 1.990000
31393 0.990000
31394 0.990000
31395 0.990000
31396 0.990000
31397 0.990000
31398 0.990000
31399 0.990000
31400 0.990000
31401 0.990000
31402 0.990000
31403 0.990000
31404 1.990000
31405 1.990000
31406 1.990000
31407 1.990000
31408 1.990000
31409 1.990000
31410 1.990000
31411 1.990000
31412 1.990000
31413 1.990000
31414 1.490000
31415 1.490000
31416 2.590000
31417 2.590000
31418 2.590000
31419 2.590000
31420 1.990000
31421 1.990000
31422 1.990000
31423 1.990000
31424 1.990000
31425 1.990000
31426 1.990000
31427 2.990000
31428 1.990000
31429 1.990000
31430 0.990000
31431 0.990000
31432 1.990000
31433 1.990000
31434 1.990000
31435 1.990000
31436 1.990000
31437 1.990000
31438 1.990000
31439 0.990000
31440 0.990000
31441 0.990000
31442 0.490000
31443 0.990000
31444 0.990000
31445 0.990000
31446 0.490000
31447 0.990000
31448 0.990000
31449 0.990000
31450 0.990000
31451 0.990000
31452 0.990000
31453 0.990000
31454 0.990000
31455 0.990000
31456 0.990000
31457 1.990000
31458 1.990000
31459 1.990000
31460 1.790000
31461 1.790000
31462 0.990000
31463 0.990000
31464 0.990000
31465 1.990000
31466 0.990000
31467 0.990000
31468 0.990000
31469 0.990000
31470 0.990000
31471 0.990000
31472 1.990000
31473 1.990000
31474 1.990000
31475 1.790000
31476 0.990000
31477 1.990000
31478 0.990000
31479 0.990000
31480 2.890000
31481 2.890000
31482 2.890000
31483 2.890000
31484 1.490000
31485 1.990000
31486 0.890000
31487 1.590000
31488 3.290000
31489 9.290000
31490 2.990000
31491 2.990000
31492 2.990000
31493 5.990000
31494 2.490000
31495 2.990000
31496 2.990000
31497 2.990000
31498 2.990000
31499 2.990000
31500 2.990000
31501 2.990000
31502 2.990000
31503 5.990000
31504 2.990000
31505 5.990000
31506 5.990000
31507 4.990000
31508 4.990000
31509 4.990000
31510 0.990000
31511 1.690000
31512 1.690000
31513 1.690000
31514 1.690000
31515 2.190000
31516 2.290000
31517 2.190000
31518 2.190000
31519 1.990000
31520 1.990000
31521 2.190000
31522 2.190000
31523 2.190000
31524 2.190000
31525 1.990000
31526 1.990000
31527 1.090000
31528 1.390000
31529 1.390000
31530 0.390000
31531 0.500000
31532 1.390000
31533 3.190000
31534 1.090000
31535 1.090000
31536 1.090000
31537 1.390000
31538 1.290000
31539 0.990000
31540 1.990000
31541 1.290000
31542 3.990000
31543 3.990000
31544 6.990000
31545 2.990000
31546 2.990000
31547 6.990000
31548 3.990000
31549 6.990000
31550 3.890000
31551 3.690000
31552 5.000000
31553 3.500000
31554 3.990000
31555 4.500000
31556 4.990000
31557 5.990000
31558 6.990000
31559 7.990000
31560 2.790000
31561 5.290000
31562 2.990000
31563 3.490000
31564 4.990000
31565 3.490000
31566 2.990000
31567 6.490000
31568 4.990000
31569 5.990000
31570 2.590000
31571 3.690000
31572 3.690000
31573 3.690000
31574 4.190000
31575 4.590000
31576 4.590000
31577 2.390000
31578 9.990000
31579 2.390000
31580 3.690000
31581 3.590000
31582 2.390000
31583 2.390000
31584 4.390000
31585 4.390000
31586 4.390000
31587 3.690000
31588 3.690000
31589 3.690000
31590 4.390000
31591 4.390000
31592 3.390000
31593 4.190000
31594 3.990000
31595 4.390000
31596 5.990000
31597 4.790000
31598 3.890000
31599 3.490000
31600 14.990000
31601 7.390000
31602 3.890000
31603 3.890000
31604 3.890000
31605 6.290000
31606 4.890000
31607 4.790000
31608 5.690000
31609 5.990000
31610 13.790000
31611 3.890000
31612 4.690000
31613 4.190000
31614 4.090000
31615 4.090000
31616 8.890000
31617 9.990000
31618 4.790000
31619 7.390000
31620 4.990000
31621 3.990000
31622 2.690000
31623 2.690000
31624 2.690000
31625 1.790000
31626 1.790000
31627 1.790000
31628 0.990000
31629 3.990000
31630 3.690000
31631 3.690000
31632 3.690000
31633 3.690000
31634 3.690000
31635 3.690000
31636 1.890000
31637 2.890000
31638 2.890000
31639 9.290000
31640 9.290000
31641 5.390000
31642 5.390000
31643 9.290000
31644 9.290000
31645 5.390000
31646 5.390000
31647 5.390000
31648 5.390000
31649 5.390000
31650 5.390000
31651 5.390000
31652 5.390000
31653 5.390000
31654 5.390000
31655 5.390000
31656 5.390000
31657 9.290000
31658 9.290000
31659 9.290000
31660 9.290000
31661 7.990000
31662 7.990000
31663 7.990000
31664 9.490000
31665 7.990000
31666 33.990002
31667 6.790000
31668 2.990000
31669 4.990000
31670 6.990000
31671 6.990000
31672 3.790000
31673 3.790000
31674 2.990000
31675 2.990000
31676 3.790000
31677 2.990000
31678 7.190000
31679 2.490000
31680 4.090000
31681 4.090000
31682 2.490000
31683 4.090000
31684 4.090000
31685 10.290000
31686 6.990000
31687 6.490000
31688 2.790000
31689 6.990000
31690 3.000000
31691 1.490000
31692 3.990000
31693 4.990000
31694 5.490000
31695 4.990000
31696 2.490000
31697 2.590000
31698 2.190000
31699 2.190000
31700 2.290000
31701 2.590000
31702 2.190000
31703 2.290000
31704 2.590000
31705 2.590000
31706 2.590000
31707 2.990000
31708 2.290000
31709 2.290000
31710 3.090000
31711 2.590000
31712 2.290000
31713 1.990000
31714 2.290000
31715 2.290000
31716 4.690000
31717 4.690000
31718 4.690000
31719 4.690000
31720 6.490000
31721 6.190000
31722 3.490000
31723 3.990000
31724 3.790000
31725 3.790000
31726 4.990000
31727 4.690000
31728 4.690000
31729 4.690000
31730 4.690000
31731 3.790000
31732 4.690000
31733 4.690000
31734 15.990000
31735 1.390000
31736 1.490000
31737 2.430000
31738 4.790000
31739 6.990000
31740 1.990000
31741 4.990000
31742 1.790000
31743 0.390000
31744 2.490000
31745 3.990000
31746 1.290000
31747 0.990000
31748 1.290000
31749 1.290000
31750 1.290000
31751 3.290000
31752 3.990000
31753 3.990000
31754 3.990000
31755 2.690000
31756 2.690000
31757 2.690000
31758 2.690000
31759 2.690000
31760 3.990000
31761 1.490000
31762 1.490000
31763 0.940000
31764 1.690000
31765 1.690000
31766 1.690000
31767 1.570000
31768 1.790000
31769 1.990000
31770 9.490000
31771 2.990000
31772 3.990000
31773 3.990000
31774 3.990000
31775 4.990000
31776 3.990000
31777 2.990000
31778 3.990000
31779 3.990000
31780 3.990000
31781 3.990000
31782 3.990000
31783 0.330000
31784 1.290000
31785 1.290000
31786 1.290000
31787 1.290000
31788 1.290000
31789 1.290000
31790 1.290000
31791 1.290000
31792 1.290000
31793 1.290000
31794 1.290000
31795 1.290000
31796 1.290000
31797 1.290000
31798 1.290000
31799 0.450000
31800 0.450000
31801 0.450000
31802 0.450000
31803 0.450000
31804 0.450000
31805 0.450000
31806 0.330000
31807 3.490000
31808 4.390000
31809 7.990000
31810 4.990000
31811 3.190000
31812 3.590000
31813 3.590000
31814 3.590000
31815 1.490000
31816 1.490000
31817 1.490000
31818 3.290000
31819 3.290000
31820 3.290000
31821 2.690000
31822 1.790000
31823 3.490000
31824 2.490000
31825 2.690000
31826 3.190000
31827 4.190000
31828 3.490000
31829 9.890000
31830 4.190000
31831 1.990000
31832 7.890000
31833 1.290000
31834 3.990000
31835 10.990000
31836 10.990000
31837 4.890000
31838 3.290000
31839 1.190000
31840 3.290000
31841 1.190000
31842 0.590000
31843 0.590000
31844 0.590000
31845 0.490000
31846 0.490000
31847 0.490000
31848 0.490000
31849 0.490000
31850 0.490000
31851 1.490000
31852 1.490000
31853 1.490000
31854 0.990000
31855 0.990000
31856 3.890000
31857 3.890000
31858 2.090000
31859 3.790000
31860 4.790000
31861 7.990000
31862 6.990000
31863 4.990000
31864 7.490000
31865 4.990000
31866 4.990000
31867 0.500000
31868 0.500000
31869 0.500000
31870 0.500000
31871 0.170000
31872 0.990000
31873 2.690000
31874 2.990000
31875 1.190000
31876 1.790000
31877 0.990000
31878 0.990000
31879 0.990000
31880 1.090000
31881 1.790000
31882 2.490000
31883 2.490000
31884 3.990000
31885 1.790000
31886 0.500000
31887 0.500000
31888 0.500000
31889 2.690000
31890 4.990000
31891 0.090000
31892 4.990000
31893 2.690000
31894 1.790000
31895 2.990000
31896 2.690000
31897 1.000000
31898 1.000000
31899 1.000000
31900 0.990000
31901 0.990000
31902 0.990000
31903 0.990000
31904 0.990000
31905 0.990000
31906 1.190000
31907 3.590000
31908 3.590000
31909 3.590000
31910 3.590000
31911 3.590000
31912 2.290000
31913 1.790000
31914 1.190000
31915 2.790000
31916 0.590000
31917 1.090000
31918 1.190000
31919 4.990000
31920 3.490000
31921 9.990000
31922 5.290000
31923 5.090000
31924 3.190000
31925 1.990000
31926 8.990000
31927 1.490000
31928 1.190000
31929 2.390000
31930 0.890000
31931 1.090000
31932 1.090000
31933 1.890000
31934 1.890000
31935 2.490000
31936 2.690000
31937 2.090000
31938 0.790000
31939 0.890000
31940 1.390000
31941 1.490000
31942 2.990000
31943 1.490000
31944 2.690000
31945 2.690000
31946 0.690000
31947 3.290000
31948 3.590000
31949 1.690000
31950 3.190000
31951 3.190000
31952 4.190000
31953 2.790000
31954 4.490000
31955 4.490000
31956 4.190000
31957 2.890000
31958 3.490000
31959 1.950000
31960 1.290000
31961 0.790000
31962 1.190000
31963 1.390000
31964 1.790000
31965 1.690000
31966 2.290000
31967 2.490000
31968 3.690000
31969 3.690000
31970 3.690000
31971 3.590000
31972 3.690000
31973 3.690000
31974 3.690000
31975 3.690000
31976 3.590000
31977 3.590000
31978 3.790000
31979 3.790000
31980 3.790000
31981 3.790000
31982 3.790000
31983 3.790000
31984 3.790000
31985 3.790000
31986 3.790000
31987 3.790000
31988 3.790000
31989 3.790000
31990 3.790000
31991 3.790000
31992 6.290000
31993 6.290000
31994 6.290000
31995 6.290000
31996 6.290000
31997 6.290000
31998 3.790000
31999 3.790000
32000 3.790000
32001 4.790000
32002 3.790000
32003 3.790000
32004 3.790000
32005 3.790000
32006 3.790000
32007 2.690000
32008 2.690000
32009 2.690000
32010 4.190000
32011 1.990000
32012 1.990000
32013 1.990000
32014 1.990000
32015 3.090000
32016 2.990000
32017 2.990000
32018 2.990000
32019 2.990000
32020 4.190000
32021 3.090000
32022 3.890000
32023 3.890000
32024 3.890000
32025 1.990000
32026 1.990000
32027 2.990000
32028 2.990000
32029 2.990000
32030 1.990000
32031 2.990000
32032 2.990000
32033 2.990000
32034 2.990000
32035 5.490000
32036 5.490000
32037 3.690000
32038 3.590000
32039 3.590000
32040 6.290000
32041 6.290000
32042 6.290000
32043 3.590000
32044 3.490000
32045 5.990000
32046 5.990000
32047 5.990000
32048 3.490000
32049 3.490000
32050 3.490000
32051 3.490000
32052 3.490000
32053 3.490000
32054 3.490000
32055 3.490000
32056 3.490000
32057 3.490000
32058 3.490000
32059 3.490000
32060 3.490000
32061 3.490000
32062 3.490000
32063 3.490000
32064 3.490000
32065 3.490000
32066 3.490000
32067 3.490000
32068 3.490000
32069 3.490000
32070 3.490000
32071 3.490000
32072 3.490000
32073 3.490000
32074 3.490000
32075 1.990000
32076 1.990000
32077 1.990000
32078 1.990000
32079 2.990000
32080 2.990000
32081 2.990000
32082 1.990000
32083 1.990000
32084 1.990000
32085 2.990000
32086 2.990000
32087 2.990000
32088 2.990000
32089 2.990000
32090 2.990000
32091 2.990000
32092 4.190000
32093 4.190000
32094 4.190000
32095 3.290000
32096 3.290000
32097 5.490000
32098 5.490000
32099 2.490000
32100 1.890000
32101 0.990000
32102 0.990000
32103 2.190000
32104 0.990000
32105 0.990000
32106 0.990000
32107 0.990000
32108 0.990000
32109 1.690000
32110 1.690000
32111 0.990000
32112 0.990000
32113 1.890000
32114 0.990000
32115 1.890000
32116 1.890000
32117 1.890000
32118 1.890000
32119 1.890000
32120 1.890000
32121 1.890000
32122 1.890000
32123 1.890000
32124 1.890000
32125 1.890000
32126 1.890000
32127 0.990000
32128 0.990000
32129 1.890000
32130 1.690000
32131 0.990000
32132 1.890000
32133 1.890000
32134 1.690000
32135 1.490000
32136 1.490000
32137 2.190000
32138 2.190000
32139 0.990000
32140 0.990000
32141 0.990000
32142 0.990000
32143 1.690000
32144 0.990000
32145 2.190000
32146 2.790000
32147 2.790000
32148 2.690000
32149 2.690000
32150 2.690000
32151 2.690000
32152 2.690000
32153 2.390000
32154 2.390000
32155 2.390000
32156 1.890000
32157 1.890000
32158 2.390000
32159 0.990000
32160 0.990000
32161 0.990000
32162 1.890000
32163 1.590000
32164 1.590000
32165 1.590000
32166 1.590000
32167 1.590000
32168 1.590000
32169 1.590000
32170 1.590000
32171 1.590000
32172 1.590000
32173 1.590000
32174 1.590000
32175 1.590000
32176 1.590000
32177 1.590000
32178 2.190000
32179 1.690000
32180 1.690000
32181 1.890000
32182 1.890000
32183 1.890000
32184 2.390000
32185 1.590000
32186 0.990000
32187 0.990000
32188 0.990000
32189 0.990000
32190 0.990000
32191 0.990000
32192 1.890000
32193 1.890000
32194 1.890000
32195 1.890000
32196 1.890000
32197 1.890000
32198 1.890000
32199 1.890000
32200 2.390000
32201 2.390000
32202 1.890000
32203 1.890000
32204 1.890000
32205 1.890000
32206 1.890000
32207 1.890000
32208 1.590000
32209 2.190000
32210 2.190000
32211 2.190000
32212 2.190000
32213 2.190000
32214 1.890000
32215 0.890000
32216 1.990000
32217 0.590000
32218 2.490000
32219 2.890000
32220 3.490000
32221 1.390000
32222 1.490000
32223 1.390000
32224 1.990000
32225 2.590000
32226 1.090000
32227 1.090000
32228 1.090000
32229 1.090000
32230 1.090000
32231 0.990000
32232 0.990000
32233 0.990000
32234 0.990000
32235 0.990000
32236 0.990000
32237 0.990000
32238 0.990000
32239 0.990000
32240 0.990000
32241 0.990000
32242 0.990000
32243 0.990000
32244 0.990000
32245 0.990000
32246 0.990000
32247 0.990000
32248 1.990000
32249 0.990000
32250 4.990000
32251 4.990000
32252 5.590000
32253 0.990000
32254 0.990000
32255 0.990000
32256 0.990000
32257 0.990000
32258 0.890000
32259 0.990000
32260 0.890000
32261 0.990000
32262 0.990000
32263 0.890000
32264 0.990000
32265 0.990000
32266 0.990000
32267 0.990000
32268 0.990000
32269 0.990000
32270 0.990000
32271 0.990000
32272 0.990000
32273 0.990000
32274 0.990000
32275 0.990000
32276 0.990000
32277 0.990000
32278 0.990000
32279 0.990000
32280 0.990000
32281 0.990000
32282 0.990000
32283 1.490000
32284 1.490000
32285 1.590000
32286 1.590000
32287 2.790000
32288 1.590000
32289 1.490000
32290 1.290000
32291 1.290000
32292 1.490000
32293 1.490000
32294 1.490000
32295 1.490000
32296 5.390000
32297 2.490000
32298 2.490000
32299 1.790000
32300 3.490000
32301 3.990000
32302 1.290000
32303 2.990000
32304 2.490000
32305 2.490000
32306 2.490000
32307 2.490000
32308 2.900000
32309 2.900000
32310 2.900000
32311 4.490000
32312 6.790000
32313 1.390000
32314 5.790000
32315 2.090000
32316 5.490000
32317 5.490000
32318 2.590000
32319 1.490000
32320 2.990000
32321 2.990000
32322 5.190000
32323 1.990000
32324 1.990000
32325 2.990000
32326 6.190000
32327 8.690000
32328 1.990000
32329 6.190000
32330 7.390000
32331 8.690000
32332 6.190000
32333 2.990000
32334 1.790000
32335 5.990000
32336 1.990000
32337 2.990000
32338 2.990000
32339 3.250000
32340 3.990000
32341 4.990000
32342 6.890000
32343 6.890000
32344 6.290000
32345 4.690000
32346 2.390000
32347 2.490000
32348 2.490000
32349 9.590000
32350 9.590000
32351 1.490000
32352 1.990000
32353 7.990000
32354 6.990000
32355 12.990000
32356 0.990000
32357 2.490000
32358 1.590000
32359 2.090000
32360 1.490000
32361 1.290000
32362 1.290000
32363 1.590000
32364 1.090000
32365 0.850000
32366 0.850000
32367 2.390000
32368 1.190000
32369 2.990000
32370 1.390000
32371 1.390000
32372 1.790000
32373 1.990000
32374 1.990000
32375 2.790000
32376 4.790000
32377 4.790000
32378 4.790000
32379 4.790000
32380 4.790000
32381 4.790000
32382 4.790000
32383 4.790000
32384 4.790000
32385 4.790000
32386 4.790000
32387 4.790000
32388 4.790000
32389 4.790000
32390 4.790000
32391 4.790000
32392 4.790000
32393 4.790000
32394 4.790000
32395 4.790000
32396 4.790000
32397 4.790000
32398 4.790000
32399 4.790000
32400 4.790000
32401 4.790000
32402 4.390000
32403 4.390000
32404 4.390000
32405 4.390000
32406 5.790000
32407 5.790000
32408 7.190000
32409 7.190000
32410 7.190000
32411 7.190000
32412 7.190000
32413 7.190000
32414 7.190000
32415 7.190000
32416 7.190000
32417 7.190000
32418 7.190000
32419 7.190000
32420 7.190000
32421 7.190000
32422 7.190000
32423 7.190000
32424 4.390000
32425 4.390000
32426 7.190000
32427 7.190000
32428 7.190000
32429 7.190000
32430 7.190000
32431 4.390000
32432 4.390000
32433 1.690000
32434 3.390000
32435 3.290000
32436 3.390000
32437 3.590000
32438 6.490000
32439 6.490000
32440 6.490000
32441 3.490000
32442 3.490000
32443 6.490000
32444 6.490000
32445 7.990000
32446 7.990000
32447 7.990000
32448 7.990000
32449 4.990000
32450 4.990000
32451 4.990000
32452 4.990000
32453 4.990000
32454 4.990000
32455 4.990000
32456 4.990000
32457 4.990000
32458 4.990000
32459 4.990000
32460 4.990000
32461 7.990000
32462 4.990000
32463 4.990000
32464 4.990000
32465 4.990000
32466 7.990000
32467 3.990000
32468 3.990000
32469 3.990000
32470 3.990000
32471 3.990000
32472 3.990000
32473 7.990000
32474 3.990000
32475 3.990000
32476 3.990000
32477 3.990000
32478 3.990000
32479 3.990000
32480 3.990000
32481 3.990000
32482 3.990000
32483 3.490000
32484 3.490000
32485 3.990000
32486 3.990000
32487 6.490000
32488 6.490000
32489 6.490000
32490 7.990000
32491 6.490000
32492 6.490000
32493 6.490000
32494 3.990000
32495 4.990000
32496 3.990000
32497 4.990000
32498 4.990000
32499 6.490000
32500 3.990000
32501 3.990000
32502 3.990000
32503 3.990000
32504 4.950000
32505 4.950000
32506 4.950000
32507 4.950000
32508 4.950000
32509 3.390000
32510 3.690000
32511 3.990000
32512 4.490000
32513 6.890000
32514 3.790000
32515 3.490000
32516 4.890000
32517 3.790000
32518 3.990000
32519 5.790000
32520 3.890000
32521 3.790000
32522 4.190000
32523 3.890000
32524 3.390000
32525 4.490000
32526 4.390000
32527 6.290000
32528 7.090000
32529 7.990000
32530 3.490000
32531 6.990000
32532 5.190000
32533 3.790000
32534 3.990000
32535 4.290000
32536 3.890000
32537 3.290000
32538 3.890000
32539 4.390000
32540 3.990000
32541 4.290000
32542 5.990000
32543 3.790000
32544 4.390000
32545 3.990000
32546 3.990000
32547 4.190000
32548 3.590000
32549 3.990000
32550 3.390000
32551 3.390000
32552 4.990000
32553 6.390000
32554 3.790000
32555 3.390000
32556 3.390000
32557 3.490000
32558 4.090000
32559 2.890000
32560 4.190000
32561 4.390000
32562 4.090000
32563 4.590000
32564 4.190000
32565 5.090000
32566 5.490000
32567 5.290000
32568 7.190000
32569 3.790000
32570 3.790000
32571 4.790000
32572 3.090000
32573 6.690000
32574 3.490000
32575 3.890000
32576 3.590000
32577 5.790000
32578 4.090000
32579 3.290000
32580 4.590000
32581 9.690000
32582 4.190000
32583 1.490000
32584 1.490000
32585 1.490000
32586 1.490000
32587 1.490000
32588 1.490000
32589 1.490000
32590 1.490000
32591 1.490000
32592 1.490000
32593 2.090000
32594 2.090000
32595 2.090000
32596 1.290000
32597 1.290000
32598 1.290000
32599 1.290000
32600 0.120000
32601 0.120000
32602 0.370000
32603 0.370000
32604 0.370000
32605 4.950000
32606 4.490000
32607 2.990000
32608 2.990000
32609 3.990000
32610 5.090000
32611 2.440000
32612 1.490000
32613 3.290000
32614 3.290000
32615 3.290000
32616 3.290000
32617 3.290000
32618 3.290000
32619 3.290000
32620 3.290000
32621 1.990000
32622 1.990000
32623 1.990000
32624 1.990000
32625 1.990000
32626 1.990000
32627 1.990000
32628 1.990000
32629 1.990000
32630 1.990000
32631 2.490000
32632 1.990000
32633 1.990000
32634 1.990000
32635 1.990000
32636 1.990000
32637 1.990000
32638 1.990000
32639 1.990000
32640 1.990000
32641 1.990000
32642 1.990000
32643 1.990000
32644 2.490000
32645 1.990000
32646 2.490000
32647 2.490000
32648 1.990000
32649 1.990000
32650 1.990000
32651 1.990000
32652 1.990000
32653 1.990000
32654 1.990000
32655 1.990000
32656 1.990000
32657 1.990000
32658 1.990000
32659 1.990000
32660 1.990000
32661 1.990000
32662 1.990000
32663 1.990000
32664 1.990000
32665 1.990000
32666 2.490000
32667 1.990000
32668 1.990000
32669 1.990000
32670 1.990000
32671 1.990000
32672 1.990000
32673 1.990000
32674 1.990000
32675 1.990000
32676 1.990000
32677 1.990000
32678 1.990000
32679 1.990000
32680 2.490000
32681 1.990000
32682 1.990000
32683 1.990000
32684 1.990000
32685 1.990000
32686 1.990000
32687 1.990000
32688 1.990000
32689 1.990000
32690 1.990000
32691 1.990000
32692 1.990000
32693 1.990000
32694 2.490000
32695 1.990000
32696 2.490000
32697 1.990000
32698 1.990000
32699 1.990000
32700 1.990000
32701 1.990000
32702 1.990000
32703 1.990000
32704 1.990000
32705 2.490000
32706 1.990000
32707 2.490000
32708 2.490000
32709 1.990000
32710 17.990000
32711 17.990000
32712 19.990000
32713 7.990000
32714 7.990000
32715 5.990000
32716 19.990000
32717 4.490000
32718 4.490000
32719 1.990000
32720 1.990000
32721 1.990000
32722 1.990000
32723 1.990000
32724 1.990000
32725 1.990000
32726 1.990000
32727 1.690000
32728 1.990000
32729 1.990000
32730 5.690000
32731 2.490000
32732 5.990000
32733 9.990000
32734 4.190000
32735 0.690000
32736 2.990000
32737 2.990000
32738 2.990000
32739 2.990000
32740 2.990000
32741 3.990000
32742 1.990000
32743 1.290000
32744 1.290000
32745 5.500000
32746 3.090000
32747 4.890000
32748 4.990000
32749 4.390000
32750 5.990000
32751 2.090000
32752 3.390000
32753 2.090000
32754 3.390000
32755 3.190000
32756 0.990000
32757 0.690000
32758 1.190000
32759 1.190000
32760 1.390000
32761 1.190000
32762 3.990000
32763 3.990000
32764 1.090000
32765 2.990000
32766 1.290000
32767 1.290000
32768 1.290000
32769 1.190000
32770 1.190000
32771 1.190000
32772 1.190000
32773 4.990000
32774 3.990000
32775 3.990000
32776 3.990000
32777 3.990000
32778 3.990000
32779 2.190000
32780 2.190000
32781 2.390000
32782 2.390000
32783 2.190000
32784 2.390000
32785 2.090000
32786 2.090000
32787 2.090000
32788 3.350000
32789 3.350000
32790 1.990000
32791 2.690000
32792 2.490000
32793 2.250000
32794 2.390000
32795 2.390000
32796 2.350000
32797 2.850000
32798 2.390000
32799 2.390000
32800 2.390000
32801 1.990000
32802 1.990000
32803 2.390000
32804 2.190000
32805 2.190000
32806 2.490000
32807 2.490000
32808 2.490000
32809 2.850000
32810 2.850000
32811 2.850000
32812 3.990000
32813 3.990000
32814 1.790000
32815 1.690000
32816 1.690000
32817 1.690000
32818 3.790000
32819 3.790000
32820 2.290000
32821 1.190000
32822 2.590000
32823 2.590000
32824 2.590000
32825 2.590000
32826 1.190000
32827 1.190000
32828 3.490000
32829 3.490000
32830 3.490000
32831 3.490000
32832 3.190000
32833 3.490000
32834 3.490000
32835 3.290000
32836 3.590000
32837 3.290000
32838 3.290000
32839 3.490000
32840 3.490000
32841 3.290000
32842 3.290000
32843 4.490000
32844 4.490000
32845 4.490000
32846 4.490000
32847 4.490000
32848 8.950000
32849 9.950000
32850 9.950000
32851 14.950000
32852 14.950000
32853 14.950000
32854 14.950000
32855 3.290000
32856 2.190000
32857 2.190000
32858 2.190000
32859 2.490000
32860 2.490000
32861 2.490000
32862 3.890000
32863 3.890000
32864 3.890000
32865 3.890000
32866 3.890000
32867 5.290000
32868 0.720000
32869 1.490000
32870 9.950000
32871 9.950000
32872 6.950000
32873 4.590000
32874 4.590000
32875 4.590000
32876 1.990000
32877 2.490000
32878 9.950000
32879 1.790000
32880 3.950000
32881 2.990000
32882 3.990000
32883 9.950000
32884 9.950000
32885 2.990000
32886 5.990000
32887 4.950000
32888 2.990000
32889 4.950000
32890 3.990000
32891 0.250000
32892 2.490000
32893 3.490000
32894 1.790000
32895 1.490000
32896 2.190000
32897 0.850000
32898 0.850000
32899 3.590000
32900 2.490000
32901 2.990000
32902 2.390000
32903 3.190000
32904 4.190000
32905 2.990000
32906 2.090000
32907 1.890000
32908 2.790000
32909 1.490000
32910 8.990000
32911 9.990000
32912 8.990000
32913 8.990000
32914 11.790000
32915 11.790000
32916 11.790000
32917 11.790000
32918 8.490000
32919 11.790000
32920 11.790000
32921 11.790000
32922 11.790000
32923 13.990000
32924 13.990000
32925 13.990000
32926 10.990000
32927 10.990000
32928 11.790000
32929 11.790000
32930 11.790000
32931 11.790000
32932 11.790000
32933 11.790000
32934 11.790000
32935 11.790000
32936 9.790000
32937 9.790000
32938 9.790000
32939 9.790000
32940 6.790000
32941 8.990000
32942 8.990000
32943 8.990000
32944 4.290000
32945 3.990000
32946 4.290000
32947 4.290000
32948 4.290000
32949 3.590000
32950 3.590000
32951 3.590000
32952 3.590000
32953 3.590000
32954 3.590000
32955 4.190000
32956 3.290000
32957 3.590000
32958 3.290000
32959 3.290000
32960 4.990000
32961 3.190000
32962 4.990000
32963 4.990000
32964 4.990000
32965 4.990000
32966 2.500000
32967 3.990000
32968 3.990000
32969 3.990000
32970 1.290000
32971 3.990000
32972 3.990000
32973 3.990000
32974 3.990000
32975 1.290000
32976 3.990000
32977 3.990000
32978 3.990000
32979 1.290000
32980 1.290000
32981 1.290000
32982 1.290000
32983 3.990000
32984 3.990000
32985 3.990000
32986 3.990000
32987 1.290000
32988 1.290000
32989 1.290000
32990 3.990000
32991 3.990000
32992 3.990000
32993 3.990000
32994 1.290000
32995 1.290000
32996 3.990000
32997 3.990000
32998 3.990000
32999 1.290000
33000 1.290000
33001 1.290000
33002 0.800000
33003 5.990000
33004 5.990000
33005 5.990000
33006 5.990000
33007 4.990000
33008 4.990000
33009 4.990000
33010 4.990000
33011 4.990000
33012 6.500000
33013 12.990000
33014 7.990000
33015 7.990000
33016 2.500000
33017 4.690000
33018 2.590000
33019 2.390000
33020 2.390000
33021 2.390000
33022 1.000000
33023 1.000000
33024 1.000000
33025 2.490000
33026 2.490000
33027 2.490000
33028 2.490000
33029 2.490000
33030 2.990000
33031 2.490000
33032 2.490000
33033 2.490000
33034 2.990000
33035 2.990000
33036 2.990000
33037 2.990000
33038 2.990000
33039 2.990000
33040 2.990000
33041 2.990000
33042 2.990000
33043 2.990000
33044 2.990000
33045 2.990000
33046 2.990000
33047 2.990000
33048 2.990000
33049 5.690000
33050 4.990000
33051 9.990000
33052 3.990000
33053 4.990000
33054 5.490000
33055 5.490000
33056 32.990002
33057 31.990000
33058 31.990000
33059 31.990000
33060 32.990002
33061 14.990000
33062 16.290001
33063 14.990000
33064 16.990000
33065 35.990002
33066 35.990002
33067 14.990000
33068 3.290000
33069 3.290000
33070 3.290000
33071 3.290000
33072 3.290000
33073 3.290000
33074 3.290000
33075 3.290000
33076 3.290000
33077 2.690000
33078 1.990000
33079 1.990000
33080 1.990000
33081 1.990000
33082 1.990000
33083 4.590000
33084 4.590000
33085 6.190000
33086 6.190000
33087 6.190000
33088 6.190000
33089 6.190000
33090 6.190000
33091 6.190000
33092 1.490000
33093 1.290000
33094 1.290000
33095 1.290000
33096 1.490000
33097 1.090000
33098 1.090000
33099 1.090000
33100 1.090000
33101 1.090000
33102 1.090000
33103 1.090000
33104 1.490000
33105 7.490000
33106 3.790000
33107 6.490000
33108 5.890000
33109 4.990000
33110 3.490000
33111 4.390000
33112 1.990000
33113 1.990000
33114 1.990000
33115 1.990000
33116 1.990000
33117 1.990000
33118 1.990000
33119 1.990000
33120 1.990000
33121 1.990000
33122 1.990000
33123 1.990000
33124 1.990000
33125 1.990000
33126 1.990000
33127 1.990000
33128 1.990000
33129 1.990000
33130 1.990000
33131 1.990000
33132 1.180000
33133 0.470000
33134 2.990000
33135 5.790000
33136 5.990000
33137 9.950000
33138 2.990000
33139 3.250000
33140 3.990000
33141 4.990000
33142 0.720000
33143 0.720000
33144 0.720000
33145 0.720000
33146 0.720000
33147 0.720000
33148 0.720000
33149 0.720000
33150 0.720000
33151 0.790000
33152 1.490000
33153 1.490000
33154 1.490000
33155 1.490000
33156 1.790000
33157 0.990000
33158 0.990000
33159 0.990000
33160 0.990000
33161 2.390000
33162 2.390000
33163 2.390000
33164 2.390000
33165 2.390000
33166 2.190000
33167 3.390000
33168 4.390000
33169 4.390000
33170 4.390000
33171 4.390000
33172 4.390000
33173 4.390000
33174 4.390000
33175 4.390000
33176 4.390000
33177 4.390000
33178 9.990000
33179 9.990000
33180 9.990000
33181 9.990000
33182 9.990000
33183 9.990000
33184 9.990000
33185 9.990000
33186 12.990000
33187 12.990000
33188 12.990000
33189 12.990000
33190 12.990000
33191 12.990000
33192 12.990000
33193 12.990000
33194 4.390000
33195 7.190000
33196 7.190000
33197 7.190000
33198 9.990000
33199 9.990000
33200 9.990000
33201 9.990000
33202 4.390000
33203 4.390000
33204 7.190000
33205 7.190000
33206 4.390000
33207 4.390000
33208 2.580000
33209 4.790000
33210 4.790000
33211 9.990000
33212 9.990000
33213 9.990000
33214 9.990000
33215 9.990000
33216 9.990000
33217 9.990000
33218 9.990000
33219 9.990000
33220 2.090000
33221 0.990000
33222 2.190000
33223 2.990000
33224 1.790000
33225 2.190000
33226 1.990000
33227 0.990000
33228 1.150000
33229 1.990000
33230 1.590000
33231 3.290000
33232 1.190000
33233 5.090000
33234 5.090000
33235 5.090000
33236 5.090000
33237 4.490000
33238 2.990000
33239 1.790000
33240 2.090000
33241 2.090000
33242 2.090000
33243 2.090000
33244 2.090000
33245 2.090000
33246 2.090000
33247 2.090000
33248 1.950000
33249 2.190000
33250 2.190000
33251 2.090000
33252 2.090000
33253 2.090000
33254 4.190000
33255 3.190000
33256 3.190000
33257 3.190000
33258 1.390000
33259 2.390000
33260 1.490000
33261 1.390000
33262 1.490000
33263 1.390000
33264 1.390000
33265 1.390000
33266 1.490000
33267 1.390000
33268 2.390000
33269 2.390000
33270 2.390000
33271 2.390000
33272 2.390000
33273 2.390000
33274 2.390000
33275 2.390000
33276 2.390000
33277 1.290000
33278 2.390000
33279 2.390000
33280 2.390000
33281 2.390000
33282 2.390000
33283 2.390000
33284 2.390000
33285 2.390000
33286 1.290000
33287 1.290000
33288 1.290000
33289 1.290000
33290 1.290000
33291 1.290000
33292 1.590000
33293 1.590000
33294 1.590000
33295 1.590000
33296 1.590000
33297 1.590000
33298 2.290000
33299 2.290000
33300 2.290000
33301 2.290000
33302 2.290000
33303 2.290000
33304 2.290000
33305 2.290000
33306 2.290000
33307 2.290000
33308 2.290000
33309 1.890000
33310 1.890000
33311 1.890000
33312 1.890000
33313 1.890000
33314 1.890000
33315 1.890000
33316 3.950000
33317 3.500000
33318 2.950000
33319 2.950000
33320 11.990000
33321 4.500000
33322 4.990000
33323 4.750000
33324 2.490000
33325 9.990000
33326 3.500000
33327 4.990000
33328 3.990000
33329 9.990000
33330 9.990000
33331 9.990000
33332 4.990000
33333 5.990000
33334 5.990000
33335 5.990000
33336 5.990000
33337 2.490000
33338 4.990000
33339 5.990000
33340 3.500000
33341 4.950000
33342 5.990000
33343 5.390000
33344 5.390000
33345 5.390000
33346 11.990000
33347 19.990000
33348 1.790000
33349 6.990000
33350 6.990000
33351 6.990000
33352 6.990000
33353 6.990000
33354 6.990000
33355 6.990000
33356 6.990000
33357 8.690000
33358 8.690000
33359 8.690000
33360 8.690000
33361 8.690000
33362 8.690000
33363 8.690000
33364 11.290000
33365 11.290000
33366 11.290000
33367 11.290000
33368 11.290000
33369 11.290000
33370 3.790000
33371 3.790000
33372 3.790000
33373 3.790000
33374 3.790000
33375 3.790000
33376 8.690000
33377 8.690000
33378 8.690000
33379 13.990000
33380 13.990000
33381 13.990000
33382 13.990000
33383 13.990000
33384 13.990000
33385 13.990000
33386 8.690000
33387 8.690000
33388 13.990000
33389 13.990000
33390 13.990000
33391 13.990000
33392 13.990000
33393 3.790000
33394 3.790000
33395 3.790000
33396 3.790000
33397 9.990000
33398 9.990000
33399 9.990000
33400 12.990000
33401 12.990000
33402 12.990000
33403 12.990000
33404 12.990000
33405 8.990000
33406 8.990000
33407 8.990000
33408 8.990000
33409 8.990000
33410 6.990000
33411 6.990000
33412 6.990000
33413 6.990000
33414 6.990000
33415 6.990000
33416 3.790000
33417 11.290000
33418 11.290000
33419 11.290000
33420 11.290000
33421 11.290000
33422 8.690000
33423 3.790000
33424 3.790000
33425 3.790000
33426 3.790000
33427 2.690000
33428 2.490000
33429 2.490000
33430 2.990000
33431 2.990000
33432 59.990002
33433 37.689999
33434 69.989998
33435 12.890000
33436 18.389999
33437 10.890000
33438 16.090000
33439 37.990002
33440 0.490000
33441 3.990000
33442 5.290000
33443 3.490000
33444 5.290000
33445 3.690000
33446 4.090000
33447 3.290000
33448 4.190000
33449 0.890000
33450 0.890000
33451 1.290000
33452 0.890000
33453 0.990000
33454 0.990000
33455 1.490000
33456 1.290000
33457 1.590000
33458 1.490000
33459 3.590000
33460 2.290000
33461 0.990000
33462 0.250000
33463 2.790000
33464 0.590000
33465 1.690000
33466 0.990000
33467 1.490000
33468 1.790000
33469 1.790000
33470 1.490000
33471 1.290000
33472 1.690000
33473 0.990000
33474 0.690000
33475 0.990000
33476 1.590000
33477 1.290000
33478 1.390000
33479 1.990000
33480 0.600000
33481 1.690000
33482 0.990000
33483 0.990000
33484 0.990000
33485 1.590000
33486 0.890000
33487 0.990000
33488 1.190000
33489 1.190000
33490 1.790000
33491 1.390000
33492 1.890000
33493 2.490000
33494 0.690000
33495 1.790000
33496 1.190000
33497 1.590000
33498 1.690000
33499 1.690000
33500 0.650000
33501 1.590000
33502 1.590000
33503 1.490000
33504 1.790000
33505 1.090000
33506 0.690000
33507 1.190000
33508 0.690000
33509 1.590000
33510 1.290000
33511 0.990000
33512 4.990000
33513 4.990000
33514 0.990000
33515 0.990000
33516 3.090000
33517 2.990000
33518 2.990000
33519 2.990000
33520 2.990000
33521 2.990000
33522 3.490000
33523 3.490000
33524 3.490000
33525 3.490000
33526 3.490000
33527 1.190000
33528 1.390000
33529 1.990000
33530 1.990000
33531 1.990000
33532 1.990000
33533 3.390000
33534 4.490000
33535 4.490000
33536 3.690000
33537 2.490000
33538 1.390000
33539 2.290000
33540 1.690000
33541 2.000000
33542 3.990000
33543 1.190000
33544 1.290000
33545 1.190000
33546 1.190000
33547 9.690000
33548 6.790000
33549 6.790000
33550 6.790000
33551 7.890000
33552 10.990000
33553 7.890000
33554 14.950000
33555 13.950000
33556 14.950000
33557 2.090000
33558 2.290000
33559 0.990000
33560 1.090000
33561 2.490000
33562 2.490000
33563 2.490000
33564 2.490000
33565 9.950000
33566 9.950000
33567 8.950000
33568 1.350000
33569 1.350000
33570 1.350000
33571 1.350000
33572 1.350000
33573 1.350000
33574 1.290000
33575 1.290000
33576 1.290000
33577 1.350000
33578 1.350000
33579 1.350000
33580 1.350000
33581 1.350000
33582 1.350000
33583 1.350000
33584 2.490000
33585 2.490000
33586 2.490000
33587 1.350000
33588 1.350000
33589 1.190000
33590 8.890000
33591 11.990000
33592 0.390000
33593 0.780000
33594 1.170000
33595 1.950000
33596 6.190000
33597 2.990000
33598 2.990000
33599 4.390000
33600 4.390000
33601 2.090000
33602 2.990000
33603 2.990000
33604 2.990000
33605 2.990000
33606 2.990000
33607 2.990000
33608 3.990000
33609 3.190000
33610 3.190000
33611 4.250000
33612 4.500000
33613 6.990000
33614 7.500000
33615 7.990000
33616 2.990000
33617 24.690001
33618 25.190001
33619 25.190001
33620 24.690001
33621 25.190001
33622 25.190001
33623 5.890000
33624 15.990000
33625 12.390000
33626 9.590000
33627 7.090000
33628 9.590000
33629 14.990000
33630 6.290000
33631 6.290000
33632 7.290000
33633 18.990000
33634 9.590000
33635 14.890000
33636 14.890000
33637 6.290000
33638 9.990000
33639 11.790000
33640 11.790000
33641 11.790000
33642 14.890000
33643 19.990000
33644 16.590000
33645 8.590000
33646 7.990000
33647 7.990000
33648 7.990000
33649 7.990000
33650 7.990000
33651 5.090000
33652 11.090000
33653 5.090000
33654 11.490000
33655 5.090000
33656 11.490000
33657 6.490000
33658 15.990000
33659 4.590000
33660 4.590000
33661 3.290000
33662 5.190000
33663 4.590000
33664 5.190000
33665 5.190000
33666 4.590000
33667 8.490000
33668 2.290000
33669 4.590000
33670 3.490000
33671 4.590000
33672 25.990000
33673 49.990002
33674 2.390000
33675 7.890000
33676 5.190000
33677 5.090000
33678 5.090000
33679 4.390000
33680 4.390000
33681 6.990000
33682 6.990000
33683 31.389999
33684 49.990002
33685 9.490000
33686 15.490000
33687 5.090000
33688 5.090000
33689 5.090000
33690 6.390000
33691 6.390000
33692 6.390000
33693 6.390000
33694 8.290000
33695 3.490000
33696 7.590000
33697 12.290000
33698 3.490000
33699 8.990000
33700 12.390000
33701 9.990000
33702 5.990000
33703 9.990000
33704 8.890000
33705 12.990000
33706 5.590000
33707 5.990000
33708 6.590000
33709 8.990000
33710 7.890000
33711 11.190000
33712 5.490000
33713 8.690000
33714 14.990000
33715 8.890000
33716 7.990000
33717 4.390000
33718 6.090000
33719 8.990000
33720 5.590000
33721 4.590000
33722 4.090000
33723 3.990000
33724 7.490000
33725 2.490000
33726 2.490000
33727 4.390000
33728 1.290000
33729 2.190000
33730 3.890000
33731 5.290000
33732 9.190000
33733 5.290000
33734 5.290000
33735 5.190000
33736 1.790000
33737 1.890000
33738 5.190000
33739 7.990000
33740 5.290000
33741 5.290000
33742 5.290000
33743 5.190000
33744 5.190000
33745 4.990000
33746 5.190000
33747 5.190000
33748 4.890000
33749 4.890000
33750 1.990000
33751 1.990000
33752 1.690000
33753 1.590000
33754 1.690000
33755 1.590000
33756 3.390000
33757 5.490000
33758 1.590000
33759 1.690000
33760 1.590000
33761 4.990000
33762 5.590000
33763 4.990000
33764 4.990000
33765 5.590000
33766 5.590000
33767 4.890000
33768 4.890000
33769 7.490000
33770 9.590000
33771 4.590000
33772 4.890000
33773 7.190000
33774 9.590000
33775 4.890000
33776 4.890000
33777 11.490000
33778 5.990000
33779 15.490000
33780 6.390000
33781 4.990000
33782 13.890000
33783 25.190001
33784 3.190000
33785 3.190000
33786 4.990000
33787 4.990000
33788 4.990000
33789 4.990000
33790 4.990000
33791 2.790000
33792 2.490000
33793 2.490000
33794 2.490000
33795 2.490000
33796 3.490000
33797 2.490000
33798 1.790000
33799 2.890000
33800 2.990000
33801 2.790000
33802 2.790000
33803 2.790000
33804 1.990000
33805 2.190000
33806 2.790000
33807 2.790000
33808 2.290000
33809 2.290000
33810 3.190000
33811 2.790000
33812 2.790000
33813 3.190000
33814 2.290000
33815 5.190000
33816 4.190000
33817 4.190000
33818 4.790000
33819 4.790000
33820 8.490000
33821 6.290000
33822 6.290000
33823 2.190000
33824 5.790000
33825 4.790000
33826 9.990000
33827 5.590000
33828 5.590000
33829 5.590000
33830 5.590000
33831 5.290000
33832 5.290000
33833 5.290000
33834 5.290000
33835 3.490000
33836 5.290000
33837 5.290000
33838 5.590000
33839 5.590000
33840 5.590000
33841 5.590000
33842 5.590000
33843 5.590000
33844 5.390000
33845 5.590000
33846 5.590000
33847 5.590000
33848 5.590000
33849 5.590000
33850 5.590000
33851 5.590000
33852 5.590000
33853 5.590000
33854 5.590000
33855 7.190000
33856 4.990000
33857 7.990000
33858 5.190000
33859 5.990000
33860 7.990000
33861 13.590000
33862 3.590000
33863 5.290000
33864 6.590000
33865 9.990000
33866 2.490000
33867 2.490000
33868 14.990000
33869 6.990000
33870 2.490000
33871 9.990000
33872 4.690000
33873 7.890000
33874 4.690000
33875 7.890000
33876 5.190000
33877 7.990000
33878 5.590000
33879 5.990000
33880 4.990000
33881 5.290000
33882 5.290000
33883 5.290000
33884 4.390000
33885 5.290000
33886 8.190000
33887 4.690000
33888 8.690000
33889 5.490000
33890 6.990000
33891 9.790000
33892 2.890000
33893 4.890000
33894 6.190000
33895 7.190000
33896 5.990000
33897 5.990000
33898 5.590000
33899 5.290000
33900 8.190000
33901 5.990000
33902 4.390000
33903 3.490000
33904 5.290000
33905 8.190000
33906 5.290000
33907 1.990000
33908 3.590000
33909 5.290000
33910 7.990000
33911 1.990000
33912 13.590000
33913 7.990000
33914 5.290000
33915 15.290000
33916 5.290000
33917 5.290000
33918 5.290000
33919 8.190000
33920 3.590000
33921 6.090000
33922 9.690000
33923 4.990000
33924 7.990000
33925 3.590000
33926 15.290000
33927 5.290000
33928 13.590000
33929 7.990000
33930 3.490000
33931 5.290000
33932 8.190000
33933 9.690000
33934 6.090000
33935 3.590000
33936 15.290000
33937 9.990000
33938 13.990000
33939 4.690000
33940 7.890000
33941 4.990000
33942 8.590000
33943 4.990000
33944 4.590000
33945 7.990000
33946 7.290000
33947 6.490000
33948 5.590000
33949 5.290000
33950 5.990000
33951 5.990000
33952 5.990000
33953 5.290000
33954 5.290000
33955 5.290000
33956 7.190000
33957 3.590000
33958 6.090000
33959 9.690000
33960 5.590000
33961 5.590000
33962 5.590000
33963 5.590000
33964 5.290000
33965 10.390000
33966 13.490000
33967 3.890000
33968 17.990000
33969 6.490000
33970 3.790000
33971 3.390000
33972 5.290000
33973 5.290000
33974 4.790000
33975 8.190000
33976 10.290000
33977 15.990000
33978 6.590000
33979 13.090000
33980 4.990000
33981 4.990000
33982 7.690000
33983 3.590000
33984 4.990000
33985 5.290000
33986 5.290000
33987 9.690000
33988 3.590000
33989 6.090000
33990 6.990000
33991 9.790000
33992 4.390000
33993 6.790000
33994 12.990000
33995 5.990000
33996 5.990000
33997 2.990000
33998 5.990000
33999 12.790000
34000 12.790000
34001 7.590000
34002 12.290000
34003 14.990000
34004 14.990000
34005 14.990000
34006 9.990000
34007 14.990000
34008 14.990000
34009 4.990000
34010 7.990000
34011 4.290000
34012 6.990000
34013 6.990000
34014 6.990000
34015 2.990000
34016 4.390000
34017 7.590000
34018 5.190000
34019 5.990000
34020 3.190000
34021 2.850000
34022 7.890000
34023 5.390000
34024 8.990000
34025 8.990000
34026 11.890000
34027 12.290000
34028 7.990000
34029 3.490000
34030 7.290000
34031 2.090000
34032 5.990000
34033 3.590000
34034 7.990000
34035 5.990000
34036 5.990000
34037 4.790000
34038 4.790000
34039 8.290000
34040 13.490000
34041 8.290000
34042 8.490000
34043 6.190000
34044 6.190000
34045 4.690000
34046 3.100000
34047 8.790000
34048 6.190000
34049 6.190000
34050 6.190000
34051 3.390000
34052 3.390000
34053 6.190000
34054 3.390000
34055 13.690000
34056 6.490000
34057 13.690000
34058 6.990000
34059 6.490000
34060 6.490000
34061 6.490000
34062 9.390000
34063 13.990000
34064 9.390000
34065 9.390000
34066 9.390000
34067 9.390000
34068 5.490000
34069 5.690000
34070 11.290000
34071 11.290000
34072 9.990000
34073 9.990000
34074 3.390000
34075 4.990000
34076 8.690000
34077 8.390000
34078 13.990000
34079 8.390000
34080 13.990000
34081 4.390000
34082 7.590000
34083 6.390000
34084 4.590000
34085 6.890000
34086 5.290000
34087 4.990000
34088 6.590000
34089 5.890000
34090 7.990000
34091 10.290000
34092 3.490000
34093 4.990000
34094 4.890000
34095 6.990000
34096 5.990000
34097 4.390000
34098 2.990000
34099 3.490000
34100 3.690000
34101 6.490000
34102 7.990000
34103 3.790000
34104 6.490000
34105 7.990000
34106 6.990000
34107 5.190000
34108 6.190000
34109 5.090000
34110 4.890000
34111 4.090000
34112 7.490000
34113 4.790000
34114 4.990000
34115 8.190000
34116 4.990000
34117 5.590000
34118 5.590000
34119 19.690001
34120 12.290000
34121 5.090000
34122 4.890000
34123 4.890000
34124 7.890000
34125 5.590000
34126 4.890000
34127 4.090000
34128 5.590000
34129 6.790000
34130 12.990000
34131 4.890000
34132 8.590000
34133 4.890000
34134 8.990000
34135 6.790000
34136 6.190000
34137 4.990000
34138 9.790000
34139 19.690001
34140 6.290000
34141 11.990000
34142 4.990000
34143 5.590000
34144 9.190000
34145 5.990000
34146 6.790000
34147 5.990000
34148 5.490000
34149 9.190000
34150 5.790000
34151 7.590000
34152 3.190000
34153 7.390000
34154 10.490000
34155 5.490000
34156 9.190000
34157 6.090000
34158 5.790000
34159 7.490000
34160 7.390000
34161 7.490000
34162 11.990000
34163 3.290000
34164 4.990000
34165 6.590000
34166 5.790000
34167 5.490000
34168 5.490000
34169 6.790000
34170 11.490000
34171 7.190000
34172 1.990000
34173 7.190000
34174 10.790000
34175 4.890000
34176 3.290000
34177 4.890000
34178 6.590000
34179 3.590000
34180 5.290000
34181 12.690000
34182 12.690000
34183 22.990000
34184 20.990000
34185 23.889999
34186 8.990000
34187 8.990000
34188 5.790000
34189 7.390000
34190 3.290000
34191 4.990000
34192 11.590000
34193 22.389999
34194 1.690000
34195 1.690000
34196 9.090000
34197 3.990000
34198 3.990000
34199 1.090000
34200 4.990000
34201 4.990000
34202 4.990000
34203 4.990000
34204 9.090000
34205 7.190000
34206 5.890000
34207 5.890000
34208 4.990000
34209 4.990000
34210 5.990000
34211 4.190000
34212 12.490000
34213 6.390000
34214 7.490000
34215 12.490000
34216 22.790001
34217 3.990000
34218 6.590000
34219 4.990000
34220 6.590000
34221 7.890000
34222 7.890000
34223 2.890000
34224 7.090000
34225 7.690000
34226 7.690000
34227 1.290000
34228 2.190000
34229 1.290000
34230 2.990000
34231 4.090000
34232 3.490000
34233 1.090000
34234 1.990000
34235 1.390000
34236 1.990000
34237 2.090000
34238 2.090000
34239 2.190000
34240 3.890000
34241 3.290000
34242 5.690000
34243 5.690000
34244 4.590000
34245 4.590000
34246 3.590000
34247 3.590000
34248 3.290000
34249 6.990000
34250 10.990000
34251 11.490000
34252 6.790000
34253 2.980000
34254 2.980000
34255 9.190000
34256 8.490000
34257 8.790000
34258 18.490000
34259 35.290001
34260 62.889999
34261 19.190001
34262 34.889999
34263 62.189999
34264 2.890000
34265 4.290000
34266 7.090000
34267 10.090000
34268 1.790000
34269 6.490000
34270 7.990000
34271 7.990000
34272 9.790000
34273 5.490000
34274 7.090000
34275 5.490000
34276 7.990000
34277 7.990000
34278 7.290000
34279 5.290000
34280 14.990000
34281 14.990000
34282 15.990000
34283 3.290000
34284 11.790000
34285 8.990000
34286 9.990000
34287 3.690000
34288 3.690000
34289 6.990000
34290 9.990000
34291 13.490000
34292 6.790000
34293 2.490000
34294 4.290000
34295 2.290000
34296 3.890000
34297 5.990000
34298 3.890000
34299 5.990000
34300 2.190000
34301 4.290000
34302 4.290000
34303 4.290000
34304 4.290000
34305 4.290000
34306 4.290000
34307 1.290000
34308 5.990000
34309 5.990000
34310 5.990000
34311 5.590000
34312 2.690000
34313 2.690000
34314 2.690000
34315 1.190000
34316 7.990000
34317 5.990000
34318 2.990000
34319 4.990000
34320 3.990000
34321 3.990000
34322 3.990000
34323 4.290000
34324 1.390000
34325 1.990000
34326 3.490000
34327 3.690000
34328 2.890000
34329 3.690000
34330 5.990000
34331 2.690000
34332 2.690000
34333 2.690000
34334 2.690000
34335 2.690000
34336 1.990000
34337 1.190000
34338 1.190000
34339 5.990000
34340 5.990000
34341 4.290000
34342 1.290000
34343 1.290000
34344 1.290000
34345 1.290000
34346 1.290000
34347 1.290000
34348 1.290000
34349 1.290000
34350 1.290000
34351 2.690000
34352 1.290000
34353 3.890000
34354 1.290000
34355 1.290000
34356 1.290000
34357 2.490000
34358 2.490000
34359 2.490000
34360 2.490000
34361 1.990000
34362 1.990000
34363 2.390000
34364 3.890000
34365 5.490000
34366 5.490000
34367 2.390000
34368 3.890000
34369 5.490000
34370 5.490000
34371 2.390000
34372 3.890000
34373 3.890000
34374 5.490000
34375 3.490000
34376 1.990000
34377 3.490000
34378 2.190000
34379 2.190000
34380 2.290000
34381 2.390000
34382 9.690000
34383 9.690000
34384 4.290000
34385 7.490000
34386 6.390000
34387 7.490000
34388 6.390000
34389 3.890000
34390 3.290000
34391 5.990000
34392 6.490000
34393 6.990000
34394 4.290000
34395 4.290000
34396 4.290000
34397 4.290000
34398 10.790000
34399 10.790000
34400 2.690000
34401 2.690000
34402 3.990000
34403 3.990000
34404 3.990000
34405 2.390000
34406 3.890000
34407 5.490000
34408 5.490000
34409 5.490000
34410 5.490000
34411 3.990000
34412 7.190000
34413 19.990000
34414 31.990000
34415 3.590000
34416 5.290000
34417 8.190000
34418 8.190000
34419 8.190000
34420 14.990000
34421 16.490000
34422 16.490000
34423 5.290000
34424 8.190000
34425 3.590000
34426 5.290000
34427 8.190000
34428 8.190000
34429 14.990000
34430 16.490000
34431 16.490000
34432 5.290000
34433 3.590000
34434 5.290000
34435 8.190000
34436 8.190000
34437 14.990000
34438 16.490000
34439 16.490000
34440 5.290000
34441 3.590000
34442 5.290000
34443 8.190000
34444 8.190000
34445 8.190000
34446 3.590000
34447 5.290000
34448 5.290000
34449 8.190000
34450 14.990000
34451 8.190000
34452 16.490000
34453 8.190000
34454 5.290000
34455 6.190000
34456 6.190000
34457 6.190000
34458 6.190000
34459 6.190000
34460 4.190000
34461 4.890000
34462 5.490000
34463 5.490000
34464 9.490000
34465 5.490000
34466 5.690000
34467 5.690000
34468 9.390000
34469 6.490000
34470 6.490000
34471 6.690000
34472 7.990000
34473 4.690000
34474 4.390000
34475 5.490000
34476 8.990000
34477 5.490000
34478 8.990000
34479 5.490000
34480 8.990000
34481 5.490000
34482 8.990000
34483 7.990000
34484 7.990000
34485 8.990000
34486 10.090000
34487 6.190000
34488 6.590000
34489 6.190000
34490 9.790000
34491 6.190000
34492 9.790000
34493 6.990000
34494 12.490000
34495 12.890000
34496 11.490000
34497 44.990002
34498 26.990000
34499 44.990002
34500 26.990000
34501 53.990002
34502 29.990000
34503 53.990002
34504 29.990000
34505 44.990002
34506 26.990000
34507 53.990002
34508 29.990000
34509 13.990000
34510 0.590000
34511 1.590000
34512 4.290000
34513 0.590000
34514 4.290000
34515 1.590000
34516 0.590000
34517 2.690000
34518 4.290000
34519 1.590000
34520 4.290000
34521 4.290000
34522 4.290000
34523 4.290000
34524 7.890000
34525 7.890000
34526 7.890000
34527 7.890000
34528 6.390000
34529 6.390000
34530 14.990000
34531 7.590000
34532 44.990002
34533 44.990002
34534 44.990002
34535 26.990000
34536 44.990002
34537 44.990002
34538 16.990000
34539 16.990000
34540 5.990000
34541 10.090000
34542 15.090000
34543 4.990000
34544 4.990000
34545 3.490000
34546 4.990000
34547 3.490000
34548 3.490000
34549 4.990000
34550 4.290000
34551 4.290000
34552 4.290000
34553 1.590000
34554 4.290000
34555 5.190000
34556 2.690000
34557 4.290000
34558 4.290000
34559 1.590000
34560 1.590000
34561 4.290000
34562 4.290000
34563 4.290000
34564 4.290000
34565 4.990000
34566 4.990000
34567 0.750000
34568 1.290000
34569 1.490000
34570 1.990000
34571 1.490000
34572 1.490000
34573 1.490000
34574 1.490000
34575 5.290000
34576 5.290000
34577 5.290000
34578 2.500000
34579 7.490000
34580 7.490000
34581 7.490000
34582 7.490000
34583 7.190000
34584 7.190000
34585 8.290000
34586 2.490000
34587 7.590000
34588 7.290000
34589 7.290000
34590 7.290000
34591 7.290000
34592 7.290000
34593 2.490000
34594 1.990000
34595 2.590000
34596 2.490000
34597 5.290000
34598 5.290000
34599 5.290000
34600 8.490000
34601 3.290000
34602 6.690000
34603 6.690000
34604 2.490000
34605 9.990000
34606 9.990000
34607 9.990000
34608 9.990000
34609 9.990000
34610 9.990000
34611 9.990000
34612 7.490000
34613 7.490000
34614 7.490000
34615 8.990000
34616 8.990000
34617 8.990000
34618 8.990000
34619 8.990000
34620 8.990000
34621 8.990000
34622 8.990000
34623 8.990000
34624 8.990000
34625 8.990000
34626 8.990000
34627 8.990000
34628 8.990000
34629 8.990000
34630 3.290000
34631 3.290000
34632 3.290000
34633 3.290000
34634 12.990000
34635 12.990000
34636 12.990000
34637 12.990000
34638 12.990000
34639 6.390000
34640 6.390000
34641 6.390000
34642 6.390000
34643 6.390000
34644 6.390000
34645 6.390000
34646 6.690000
34647 2.490000
34648 9.290000
34649 9.290000
34650 9.290000
34651 9.290000
34652 9.290000
34653 9.290000
34654 9.290000
34655 9.290000
34656 9.290000
34657 9.290000
34658 9.290000
34659 9.290000
34660 6.690000
34661 6.690000
34662 9.990000
34663 9.990000
34664 6.090000
34665 6.090000
34666 6.090000
34667 6.090000
34668 6.090000
34669 6.090000
34670 6.090000
34671 6.090000
34672 2.490000
34673 9.990000
34674 9.990000
34675 9.990000
34676 9.990000
34677 9.990000
34678 9.990000
34679 9.990000
34680 9.990000
34681 9.990000
34682 13.990000
34683 13.990000
34684 13.990000
34685 8.990000
34686 8.990000
34687 8.990000
34688 8.990000
34689 8.990000
34690 8.990000
34691 8.990000
34692 8.990000
34693 8.990000
34694 8.990000
34695 8.990000
34696 8.990000
34697 8.990000
34698 8.990000
34699 8.990000
34700 8.990000
34701 8.990000
34702 8.990000
34703 8.990000
34704 8.990000
34705 4.490000
34706 4.490000
34707 6.690000
34708 7.490000
34709 7.490000
34710 7.490000
34711 8.990000
34712 8.990000
34713 8.990000
34714 8.990000
34715 8.990000
34716 8.990000
34717 7.490000
34718 7.490000
34719 12.990000
34720 12.990000
34721 12.990000
34722 12.990000
34723 12.990000
34724 12.990000
34725 5.990000
34726 5.990000
34727 5.990000
34728 5.990000
34729 5.990000
34730 16.290001
34731 8.150000
34732 3.290000
34733 3.290000
34734 8.990000
34735 8.990000
34736 8.990000
34737 8.990000
34738 8.990000
34739 8.990000
34740 8.990000
34741 8.990000
34742 8.990000
34743 8.990000
34744 8.990000
34745 8.990000
34746 8.990000
34747 8.990000
34748 8.990000
34749 8.990000
34750 7.190000
34751 7.190000
34752 7.190000
34753 7.190000
34754 7.190000
34755 7.190000
34756 7.190000
34757 7.190000
34758 7.190000
34759 2.490000
34760 7.190000
34761 3.290000
34762 9.290000
34763 9.290000
34764 9.290000
34765 9.290000
34766 9.290000
34767 9.290000
34768 9.290000
34769 9.290000
34770 9.290000
34771 9.290000
34772 9.290000
34773 9.290000
34774 9.290000
34775 9.290000
34776 9.690000
34777 9.690000
34778 9.690000
34779 7.190000
34780 2.990000
34781 2.990000
34782 2.990000
34783 2.990000
34784 9.290000
34785 10.990000
34786 8.990000
34787 14.990000
34788 2.990000
34789 5.790000
34790 2.990000
34791 1.990000
34792 4.490000
34793 2.990000
34794 2.990000
34795 5.790000
34796 5.790000
34797 3.690000
34798 5.790000
34799 7.290000
34800 9.990000
34801 9.890000
34802 4.190000
34803 7.990000
34804 4.190000
34805 5.490000
34806 4.190000
34807 7.990000
34808 8.490000
34809 5.490000
34810 5.890000
34811 6.590000
34812 3.090000
34813 3.290000
34814 6.390000
34815 7.990000
34816 5.490000
34817 5.590000
34818 9.490000
34819 5.490000
34820 5.790000
34821 4.290000
34822 6.990000
34823 5.990000
34824 5.990000
34825 6.290000
34826 4.990000
34827 6.190000
34828 1.290000
34829 3.390000
34830 5.290000
34831 3.090000
34832 4.990000
34833 3.190000
34834 4.990000
34835 3.190000
34836 3.190000
34837 5.990000
34838 6.290000
34839 4.990000
34840 6.790000
34841 6.790000
34842 3.790000
34843 6.790000
34844 5.990000
34845 5.990000
34846 3.190000
34847 5.990000
34848 6.290000
34849 3.890000
34850 4.990000
34851 4.990000
34852 3.890000
34853 4.990000
34854 4.990000
34855 3.990000
34856 4.990000
34857 4.990000
34858 4.990000
34859 4.990000
34860 3.590000
34861 5.490000
34862 4.190000
34863 7.990000
34864 7.490000
34865 3.290000
34866 3.990000
34867 3.990000
34868 4.190000
34869 4.490000
34870 6.290000
34871 5.890000
34872 3.990000
34873 6.290000
34874 6.290000
34875 4.990000
34876 2.890000
34877 4.490000
34878 2.490000
34879 5.390000
34880 1.090000
34881 4.490000
34882 3.790000
34883 1.090000
34884 6.290000
34885 1.990000
34886 1.690000
34887 3.990000
34888 3.190000
34889 3.290000
34890 3.190000
34891 3.190000
34892 3.990000
34893 3.190000
34894 4.990000
34895 4.990000
34896 3.190000
34897 3.990000
34898 7.790000
34899 8.490000
34900 7.790000
34901 7.790000
34902 4.990000
34903 9.790000
34904 9.790000
34905 4.990000
34906 4.090000
34907 7.290000
34908 6.490000
34909 6.490000
34910 6.990000
34911 6.490000
34912 4.990000
34913 5.290000
34914 5.290000
34915 8.490000
34916 3.990000
34917 7.990000
34918 6.790000
34919 6.690000
34920 8.990000
34921 3.990000
34922 8.690000
34923 5.590000
34924 2.990000
34925 4.890000
34926 9.990000
34927 9.190000
34928 9.190000
34929 4.390000
34930 2.990000
34931 2.990000
34932 2.990000
34933 1.590000
34934 1.590000
34935 0.990000
34936 0.990000
34937 1.690000
34938 1.690000
34939 0.990000
34940 0.990000
34941 0.990000
34942 0.990000
34943 0.990000
34944 0.990000
34945 1.590000
34946 0.590000
34947 1.590000
34948 0.990000
34949 0.590000
34950 1.590000
34951 0.990000
34952 0.990000
34953 0.590000
34954 3.990000
34955 0.590000
34956 3.990000
34957 1.490000
34958 1.490000
34959 1.490000
34960 3.990000
34961 0.590000
34962 1.490000
34963 0.590000
34964 1.490000
34965 5.190000
34966 6.390000
34967 4.390000
34968 4.990000
34969 5.090000
34970 5.090000
34971 5.090000
34972 7.590000
34973 5.290000
34974 2.990000
34975 5.090000
34976 6.390000
34977 4.790000
34978 5.090000
34979 8.590000
34980 5.290000
34981 5.290000
34982 8.590000
34983 5.090000
34984 9.590000
34985 7.190000
34986 6.590000
34987 5.490000
34988 4.290000
34989 4.390000
34990 5.990000
34991 2.990000
34992 4.390000
34993 5.990000
34994 2.990000
34995 4.290000
34996 4.390000
34997 5.990000
34998 5.190000
34999 5.190000
35000 3.390000
35001 2.190000
35002 4.990000
35003 9.190000
35004 8.090000
35005 9.190000
35006 23.490000
35007 17.990000
35008 17.990000
35009 4.290000
35010 4.390000
35011 5.990000
35012 4.390000
35013 4.390000
35014 4.390000
35015 4.390000
35016 4.390000
35017 4.390000
35018 4.790000
35019 4.990000
35020 5.990000
35021 5.990000
35022 5.990000
35023 7.590000
35024 7.590000
35025 7.890000
35026 4.390000
35027 4.390000
35028 4.390000
35029 4.390000
35030 6.990000
35031 10.390000
35032 6.490000
35033 1.890000
35034 4.090000
35035 5.990000
35036 5.390000
35037 3.190000
35038 6.990000
35039 4.290000
35040 7.000000
35041 4.290000
35042 6.990000
35043 6.990000
35044 5.390000
35045 1.500000
35046 1.500000
35047 5.490000
35048 5.490000
35049 5.490000
35050 5.490000
35051 5.390000
35052 4.290000
35053 2.490000
35054 4.790000
35055 7.990000
35056 5.890000
35057 4.790000
35058 5.390000
35059 4.790000
35060 7.990000
35061 6.990000
35062 7.000000
35063 6.990000
35064 6.990000
35065 4.790000
35066 10.390000
35067 8.390000
35068 10.790000
35069 8.190000
35070 13.990000
35071 8.190000
35072 8.190000
35073 8.390000
35074 10.790000
35075 11.390000
35076 8.190000
35077 9.990000
35078 8.190000
35079 4.890000
35080 6.590000
35081 8.390000
35082 4.490000
35083 4.490000
35084 4.490000
35085 8.290000
35086 4.090000
35087 6.390000
35088 5.190000
35089 6.090000
35090 4.390000
35091 8.390000
35092 10.790000
35093 4.390000
35094 8.390000
35095 10.790000
35096 8.390000
35097 8.390000
35098 8.190000
35099 10.790000
35100 10.790000
35101 10.790000
35102 10.790000
35103 10.790000
35104 10.790000
35105 10.790000
35106 10.790000
35107 8.190000
35108 4.890000
35109 3.990000
35110 9.590000
35111 6.090000
35112 10.790000
35113 4.390000
35114 9.790000
35115 8.990000
35116 6.090000
35117 6.090000
35118 3.490000
35119 3.490000
35120 3.490000
35121 5.690000
35122 5.690000
35123 2.690000
35124 5.590000
35125 2.690000
35126 2.690000
35127 3.390000
35128 0.990000
35129 3.390000
35130 5.690000
35131 2.590000
35132 3.890000
35133 3.890000
35134 5.190000
35135 3.890000
35136 4.990000
35137 4.190000
35138 5.390000
35139 3.290000
35140 3.890000
35141 4.990000
35142 3.990000
35143 3.990000
35144 4.990000
35145 3.890000
35146 3.890000
35147 3.890000
35148 3.890000
35149 4.990000
35150 3.890000
35151 3.890000
35152 3.890000
35153 3.890000
35154 2.890000
35155 5.190000
35156 3.890000
35157 4.990000
35158 4.790000
35159 6.390000
35160 3.890000
35161 3.890000
35162 4.790000
35163 6.390000
35164 5.290000
35165 4.790000
35166 4.790000
35167 14.780000
35168 5.250000
35169 10.690000
35170 10.990000
35171 2.090000
35172 2.090000
35173 2.090000
35174 2.690000
35175 1.790000
35176 6.890000
35177 11.990000
35178 11.990000
35179 11.990000
35180 5.090000
35181 8.890000
35182 6.790000
35183 8.690000
35184 4.190000
35185 4.190000
35186 6.790000
35187 6.790000
35188 8.690000
35189 8.690000
35190 8.690000
35191 8.690000
35192 8.690000
35193 8.690000
35194 5.090000
35195 11.990000
35196 21.990000
35197 33.990002
35198 6.490000
35199 6.990000
35200 7.990000
35201 9.390000
35202 9.990000
35203 10.190000
35204 9.990000
35205 5.990000
35206 5.990000
35207 11.990000
35208 10.790000
35209 6.990000
35210 12.290000
35211 12.290000
35212 12.290000
35213 11.190000
35214 7.990000
35215 6.990000
35216 8.890000
35217 9.990000
35218 9.390000
35219 6.990000
35220 7.290000
35221 9.990000
35222 5.490000
35223 4.290000
35224 7.790000
35225 3.590000
35226 7.090000
35227 3.590000
35228 0.590000
35229 1.490000
35230 1.490000
35231 4.990000
35232 4.990000
35233 4.990000
35234 1.990000
35235 7.190000
35236 7.190000
35237 8.990000
35238 2.990000
35239 7.990000
35240 5.590000
35241 8.190000
35242 11.190000
35243 11.190000
35244 7.990000
35245 2.890000
35246 7.990000
35247 7.590000
35248 19.990000
35249 19.990000
35250 7.290000
35251 4.990000
35252 8.990000
35253 2.990000
35254 4.790000
35255 2.990000
35256 6.990000
35257 4.290000
35258 8.390000
35259 63.689999
35260 20.889999
35261 38.990002
35262 71.889999
35263 36.490002
35264 69.989998
35265 67.389999
35266 35.990002
35267 8.590000
35268 35.990002
35269 10.990000
35270 18.990000
35271 12.390000
35272 1.990000
35273 3.790000
35274 2.530000
35275 8.990000
35276 12.990000
35277 9.590000
35278 12.590000
35279 9.790000
35280 9.690000
35281 19.990000
35282 19.950001
35283 19.950001
35284 19.950001
35285 3.190000
35286 4.990000
35287 2.790000
35288 2.790000
35289 1.990000
35290 1.790000
35291 2.290000
35292 1.390000
35293 1.390000
35294 1.390000
35295 1.390000
35296 1.390000
35297 1.390000
35298 2.290000
35299 1.390000
35300 1.390000
35301 1.390000
35302 1.390000
35303 1.390000
35304 1.390000
35305 1.390000
35306 1.390000
35307 1.390000
35308 1.390000
35309 1.390000
35310 1.390000
35311 1.390000
35312 2.290000
35313 3.490000
35314 3.490000
35315 3.490000
35316 3.490000
35317 5.790000
35318 7.190000
35319 7.790000
35320 7.490000
35321 8.590000
35322 5.790000
35323 5.690000
35324 5.690000
35325 7.690000
35326 3.490000
35327 4.190000
35328 5.690000
35329 5.690000
35330 4.190000
35331 4.190000
35332 4.790000
35333 4.790000
35334 4.790000
35335 3.190000
35336 4.790000
35337 5.490000
35338 9.990000
35339 4.990000
35340 2.990000
35341 2.990000
35342 6.090000
35343 7.190000
35344 2.990000
35345 18.990000
35346 2.990000
35347 6.090000
35348 2.990000
35349 2.990000
35350 6.090000
35351 2.990000
35352 2.990000
35353 2.990000
35354 6.090000
35355 6.090000
35356 2.990000
35357 3.290000
35358 1.190000
35359 1.190000
35360 1.190000
35361 3.290000
35362 1.190000
35363 1.190000
35364 1.890000
35365 1.190000
35366 3.290000
35367 3.290000
35368 3.490000
35369 3.490000
35370 5.990000
35371 3.490000
35372 5.990000
35373 3.190000
35374 3.490000
35375 3.190000
35376 3.490000
35377 9.990000
35378 14.990000
35379 14.990000
35380 15.990000
35381 2.290000
35382 3.990000
35383 4.290000
35384 3.990000
35385 4.290000
35386 3.990000
35387 4.290000
35388 4.290000
35389 4.290000
35390 4.290000
35391 3.990000
35392 3.990000
35393 3.990000
35394 3.990000
35395 3.990000
35396 5.990000
35397 5.990000
35398 2.290000
35399 4.990000
35400 2.990000
35401 2.990000
35402 2.990000
35403 2.990000
35404 2.990000
35405 2.990000
35406 2.990000
35407 4.190000
35408 4.190000
35409 4.190000
35410 4.190000
35411 4.190000
35412 3.290000
35413 3.990000
35414 7.990000
35415 3.090000
35416 3.090000
35417 3.890000
35418 3.890000
35419 2.790000
35420 2.790000
35421 9.990000
35422 4.390000
35423 4.290000
35424 3.490000
35425 3.490000
35426 2.690000
35427 4.390000
35428 3.490000
35429 4.290000
35430 3.490000
35431 4.190000
35432 3.190000
35433 3.490000
35434 4.290000
35435 3.490000
35436 3.490000
35437 3.490000
35438 3.490000
35439 3.490000
35440 4.390000
35441 1.990000
35442 4.390000
35443 2.690000
35444 3.490000
35445 4.990000
35446 3.490000
35447 4.390000
35448 3.490000
35449 3.490000
35450 3.490000
35451 3.490000
35452 4.290000
35453 3.490000
35454 4.290000
35455 4.590000
35456 3.990000
35457 4.590000
35458 4.990000
35459 4.990000
35460 3.490000
35461 4.990000
35462 4.990000
35463 4.990000
35464 4.990000
35465 4.990000
35466 3.990000
35467 4.990000
35468 4.590000
35469 11.390000
35470 2.990000
35471 4.390000
35472 4.390000
35473 8.990000
35474 2.490000
35475 8.790000
35476 5.990000
35477 5.890000
35478 3.490000
35479 3.490000
35480 4.390000
35481 3.490000
35482 3.490000
35483 4.990000
35484 5.590000
35485 4.590000
35486 8.190000
35487 6.890000
35488 2.990000
35489 6.890000
35490 6.890000
35491 5.990000
35492 5.990000
35493 5.990000
35494 13.490000
35495 13.990000
35496 5.790000
35497 8.490000
35498 4.290000
35499 4.290000
35500 4.290000
35501 4.290000
35502 4.990000
35503 3.390000
35504 7.190000
35505 7.190000
35506 6.990000
35507 3.590000
35508 8.190000
35509 3.290000
35510 13.990000
35511 4.290000
35512 3.490000
35513 2.590000
35514 3.490000
35515 4.290000
35516 3.490000
35517 3.490000
35518 4.290000
35519 4.290000
35520 4.890000
35521 6.390000
35522 8.790000
35523 4.190000
35524 6.390000
35525 2.990000
35526 2.990000
35527 2.990000
35528 2.990000
35529 2.990000
35530 2.990000
35531 2.990000
35532 2.990000
35533 2.990000
35534 2.990000
35535 2.990000
35536 2.990000
35537 2.990000
35538 2.990000
35539 2.990000
35540 3.190000
35541 4.590000
35542 4.590000
35543 4.590000
35544 2.390000
35545 3.190000
35546 3.190000
35547 3.190000
35548 2.390000
35549 2.390000
35550 3.790000
35551 2.390000
35552 4.190000
35553 3.190000
35554 3.190000
35555 4.190000
35556 2.390000
35557 2.390000
35558 2.390000
35559 3.190000
35560 3.190000
35561 2.390000
35562 2.390000
35563 2.890000
35564 3.190000
35565 2.390000
35566 1.990000
35567 2.490000
35568 3.490000
35569 3.190000
35570 3.690000
35571 4.990000
35572 4.990000
35573 2.290000
35574 3.490000
35575 4.990000
35576 2.290000
35577 3.490000
35578 2.290000
35579 2.990000
35580 3.490000
35581 4.990000
35582 3.190000
35583 1.990000
35584 2.690000
35585 2.690000
35586 4.290000
35587 3.390000
35588 4.090000
35589 8.290000
35590 7.290000
35591 1.290000
35592 9.290000
35593 2.390000
35594 3.190000
35595 3.190000
35596 3.190000
35597 3.190000
35598 3.190000
35599 4.590000
35600 2.390000
35601 3.190000
35602 3.190000
35603 3.190000
35604 3.190000
35605 2.390000
35606 3.190000
35607 3.190000
35608 2.990000
35609 2.990000
35610 3.190000
35611 2.390000
35612 2.390000
35613 2.390000
35614 4.490000
35615 9.990000
35616 16.990000
35617 2.790000
35618 2.790000
35619 2.790000
35620 3.690000
35621 3.690000
35622 3.690000
35623 3.690000
35624 2.590000
35625 2.790000
35626 2.790000
35627 3.690000
35628 3.690000
35629 3.490000
35630 4.590000
35631 14.990000
35632 1.790000
35633 2.690000
35634 1.990000
35635 1.790000
35636 7.990000
35637 14.990000
35638 17.990000
35639 17.990000
35640 17.990000
35641 18.990000
35642 18.990000
35643 8.390000
35644 7.990000
35645 17.990000
35646 1.790000
35647 3.990000
35648 2.290000
35649 4.790000
35650 3.490000
35651 4.990000
35652 4.290000
35653 4.990000
35654 4.990000
35655 3.790000
35656 2.290000
35657 2.990000
35658 3.490000
35659 2.990000
35660 7.990000
35661 4.290000
35662 3.990000
35663 3.990000
35664 3.090000
35665 1.590000
35666 1.590000
35667 1.590000
35668 1.590000
35669 1.990000
35670 1.990000
35671 2.590000
35672 3.090000
35673 3.190000
35674 3.090000
35675 3.090000
35676 4.990000
35677 4.290000
35678 5.590000
35679 10.190000
35680 6.590000
35681 6.590000
35682 6.590000
35683 6.590000
35684 6.590000
35685 6.590000
35686 6.590000
35687 6.590000
35688 6.590000
35689 6.590000
35690 6.590000
35691 6.590000
35692 6.590000
35693 6.590000
35694 6.590000
35695 6.590000
35696 6.590000
35697 6.590000
35698 6.590000
35699 6.590000
35700 6.590000
35701 6.590000
35702 6.590000
35703 6.590000
35704 6.590000
35705 6.590000
35706 6.590000
35707 6.590000
35708 6.590000
35709 6.590000
35710 6.590000
35711 6.590000
35712 6.590000
35713 6.590000
35714 6.590000
35715 6.590000
35716 6.590000
35717 6.590000
35718 6.590000
35719 5.990000
35720 5.990000
35721 5.990000
35722 5.990000
35723 5.990000
35724 5.990000
35725 5.990000
35726 12.590000
35727 4.690000
35728 9.990000
35729 2.190000
35730 2.190000
35731 2.990000
35732 3.490000
35733 3.490000
35734 3.490000
35735 3.790000
35736 3.790000
35737 3.790000
35738 3.790000
35739 3.790000
35740 3.790000
35741 3.790000
35742 3.790000
35743 5.690000
35744 1.990000
35745 1.990000
35746 1.990000
35747 4.390000
35748 4.390000
35749 4.390000
35750 4.390000
35751 4.390000
35752 4.390000
35753 4.390000
35754 4.390000
35755 4.390000
35756 3.190000
35757 3.190000
35758 1.990000
35759 1.990000
35760 1.990000
35761 7.990000
35762 7.990000
35763 7.990000
35764 7.990000
35765 7.990000
35766 7.990000
35767 7.990000
35768 7.990000
35769 7.990000
35770 7.990000
35771 7.990000
35772 7.990000
35773 7.990000
35774 7.990000
35775 7.990000
35776 7.990000
35777 3.790000
35778 3.790000
35779 3.790000
35780 3.790000
35781 3.790000
35782 3.790000
35783 3.790000
35784 3.790000
35785 5.290000
35786 5.290000
35787 5.290000
35788 5.290000
35789 3.790000
35790 5.290000
35791 5.290000
35792 3.990000
35793 3.990000
35794 3.990000
35795 3.990000
35796 3.990000
35797 3.990000
35798 3.990000
35799 7.390000
35800 7.390000
35801 8.990000
35802 8.990000
35803 8.990000
35804 8.990000
35805 8.990000
35806 8.990000
35807 8.990000
35808 8.990000
35809 8.990000
35810 8.590000
35811 8.590000
35812 8.590000
35813 8.590000
35814 8.590000
35815 8.590000
35816 8.590000
35817 8.590000
35818 3.490000
35819 3.490000
35820 3.490000
35821 3.490000
35822 3.490000
35823 3.490000
35824 3.990000
35825 3.990000
35826 6.690000
35827 6.690000
35828 6.690000
35829 6.690000
35830 3.990000
35831 3.490000
35832 3.490000
35833 3.490000
35834 3.790000
35835 6.690000
35836 6.690000
35837 6.690000
35838 3.690000
35839 3.690000
35840 3.690000
35841 3.690000
35842 7.990000
35843 7.990000
35844 7.990000
35845 4.690000
35846 4.690000
35847 4.690000
35848 4.690000
35849 3.490000
35850 3.990000
35851 3.990000
35852 3.790000
35853 3.790000
35854 3.790000
35855 9.990000
35856 9.990000
35857 9.990000
35858 9.990000
35859 9.990000
35860 9.990000
35861 9.990000
35862 9.990000
35863 9.990000
35864 9.990000
35865 9.990000
35866 9.990000
35867 9.990000
35868 9.990000
35869 9.990000
35870 3.990000
35871 3.990000
35872 4.690000
35873 4.690000
35874 4.690000
35875 4.690000
35876 3.990000
35877 23.790001
35878 23.790001
35879 8.990000
35880 9.690000
35881 6.490000
35882 6.490000
35883 6.490000
35884 6.490000
35885 6.490000
35886 6.490000
35887 6.490000
35888 5.990000
35889 5.990000
35890 5.990000
35891 5.990000
35892 10.990000
35893 10.990000
35894 7.290000
35895 5.790000
35896 5.390000
35897 17.590000
35898 17.590000
35899 14.290000
35900 4.090000
35901 12.990000
35902 3.290000
35903 2.290000
35904 11.490000
35905 11.490000
35906 8.990000
35907 9.990000
35908 4.190000
35909 6.990000
35910 19.790001
35911 19.790001
35912 19.790001
35913 7.490000
35914 2.290000
35915 2.690000
35916 1.490000
35917 0.990000
35918 1.990000
35919 2.690000
35920 8.290000
35921 9.890000
35922 9.890000
35923 10.490000
35924 10.490000
35925 11.790000
35926 11.190000
35927 11.190000
35928 10.690000
35929 8.690000
35930 9.790000
35931 9.490000
35932 4.190000
35933 3.290000
35934 4.990000
35935 3.990000
35936 9.590000
35937 10.390000
35938 10.390000
35939 12.790000
35940 11.190000
35941 10.990000
35942 19.389999
35943 3.390000
35944 4.290000
35945 5.190000
35946 9.790000
35947 3.090000
35948 1.690000
35949 5.090000
35950 6.990000
35951 8.690000
35952 4.690000
35953 25.690001
35954 9.590000
35955 5.290000
35956 9.390000
35957 2.290000
35958 1.790000
35959 7.690000
35960 7.690000
35961 7.190000
35962 7.690000
35963 9.990000
35964 11.990000
35965 2.490000
35966 23.389999
35967 2.890000
35968 26.790001
35969 2.590000
35970 2.890000
35971 22.889999
35972 26.790001
35973 24.190001
35974 2.890000
35975 25.490000
35976 2.890000
35977 14.990000
35978 79.989998
35979 14.990000
35980 7.990000
35981 7.690000
35982 1.590000
35983 1.490000
35984 1.490000
35985 1.990000
35986 1.490000
35987 1.990000
35988 1.390000
35989 1.490000
35990 5.950000
35991 6.990000
35992 6.990000
35993 6.990000
35994 6.990000
35995 6.990000
35996 6.990000
35997 6.990000
35998 6.990000
35999 6.990000
36000 6.990000
36001 6.990000
36002 6.990000
36003 6.990000
36004 6.990000
36005 6.990000
36006 6.990000
36007 6.990000
36008 6.990000
36009 6.990000
36010 6.990000
36011 6.990000
36012 6.990000
36013 6.990000
36014 6.990000
36015 6.990000
36016 6.990000
36017 6.990000
36018 6.990000
36019 6.990000
36020 6.990000
36021 6.990000
36022 6.990000
36023 6.990000
36024 6.990000
36025 6.990000
36026 6.990000
36027 6.990000
36028 6.990000
36029 6.990000
36030 3.690000
36031 3.690000
36032 3.690000
36033 4.490000
36034 0.330000
36035 4.390000
36036 4.390000
36037 4.390000
36038 4.390000
36039 2.990000
36040 4.390000
36041 4.390000
36042 2.590000
36043 2.590000
36044 2.590000
36045 2.590000
36046 2.590000
36047 0.990000
36048 1.990000
36049 0.990000
36050 11.990000
36051 11.990000
36052 11.990000
36053 2.990000
36054 1.990000
36055 2.990000
36056 3.990000
36057 3.990000
36058 3.490000
36059 1.990000
36060 4.990000
36061 1.990000
36062 5.990000
36063 3.990000
36064 1.990000
36065 1.990000
36066 1.990000
36067 1.990000
36068 1.990000
36069 1.990000
36070 1.990000
36071 1.990000
36072 1.990000
36073 4.990000
36074 2.490000
36075 2.990000
36076 5.990000
36077 0.490000
36078 3.490000
36079 1.190000
36080 1.190000
36081 1.190000
36082 1.290000
36083 1.290000
36084 1.190000
36085 1.290000
36086 2.290000
36087 1.890000
36088 1.890000
36089 1.290000
36090 3.990000
36091 3.990000
36092 3.990000
36093 3.990000
36094 3.990000
36095 4.490000
36096 3.990000
36097 3.990000
36098 4.490000
36099 3.490000
36100 3.990000
36101 5.990000
36102 1.990000
36103 2.490000
36104 2.990000
36105 2.990000
36106 1.990000
36107 1.990000
36108 1.490000
36109 1.490000
36110 0.890000
36111 1.290000
36112 1.490000
36113 1.790000
36114 1.990000
36115 2.290000
36116 2.490000
36117 2.790000
36118 2.990000
36119 3.290000
36120 3.990000
36121 4.790000
36122 4.990000
36123 5.990000
36124 6.990000
36125 0.790000
36126 2.290000
36127 2.990000
36128 1.990000
36129 2.290000
36130 2.290000
36131 1.890000
36132 0.590000
36133 0.790000
36134 1.990000
36135 2.490000
36136 1.790000
36137 2.490000
36138 3.290000
36139 2.290000
36140 0.490000
36141 0.490000
36142 0.490000
36143 0.490000
36144 0.490000
36145 0.490000
36146 0.490000
36147 0.490000
36148 0.490000
36149 0.590000
36150 0.790000
36151 0.790000
36152 0.790000
36153 0.590000
36154 0.790000
36155 2.990000
36156 0.590000
36157 0.590000
36158 0.990000
36159 0.790000
36160 2.990000
36161 2.590000
36162 2.990000
36163 1.990000
36164 1.990000
36165 2.990000
36166 1.990000
36167 2.990000
36168 1.990000
36169 2.990000
36170 2.990000
36171 2.990000
36172 1.990000
36173 1.990000
36174 1.990000
36175 2.890000
36176 1.190000
36177 1.790000
36178 0.890000
36179 0.890000
36180 0.890000
36181 0.890000
36182 1.190000
36183 1.190000
36184 1.190000
36185 1.190000
36186 1.190000
36187 1.190000
36188 1.390000
36189 1.290000
36190 1.590000
36191 1.590000
36192 1.590000
36193 1.590000
36194 1.590000
36195 2.490000
36196 1.240000
36197 4.990000
36198 5.990000
36199 1.990000
36200 1.990000
36201 2.490000
36202 2.990000
36203 3.990000
36204 4.990000
36205 5.990000
36206 6.490000
36207 4.990000
36208 2.990000
36209 1.990000
36210 1.990000
36211 1.990000
36212 0.990000
36213 1.990000
36214 2.690000
36215 2.890000
36216 2.290000
36217 2.290000
36218 3.290000
36219 3.290000
36220 3.290000
36221 2.290000
36222 3.290000
36223 4.990000
36224 4.990000
36225 2.890000
36226 2.890000
36227 1.490000
36228 0.590000
36229 0.590000
36230 0.790000
36231 3.290000
36232 0.790000
36233 1.990000
36234 1.990000
36235 2.490000
36236 1.990000
36237 1.990000
36238 1.990000
36239 2.990000
36240 2.890000
36241 1.790000
36242 2.990000
36243 2.990000
36244 2.990000
36245 1.990000
36246 1.990000
36247 1.990000
36248 3.890000
36249 2.290000
36250 3.290000
36251 1.790000
36252 1.390000
36253 1.390000
36254 0.790000
36255 2.290000
36256 0.790000
36257 3.290000
36258 2.590000
36259 2.290000
36260 0.490000
36261 0.490000
36262 0.790000
36263 3.290000
36264 2.290000
36265 0.790000
36266 3.590000
36267 3.590000
36268 2.590000
36269 2.990000
36270 2.990000
36271 3.990000
36272 3.590000
36273 2.290000
36274 2.990000
36275 3.290000
36276 3.890000
36277 3.890000
36278 3.890000
36279 0.790000
36280 2.290000
36281 2.990000
36282 1.990000
36283 1.990000
36284 1.990000
36285 0.590000
36286 3.890000
36287 1.790000
36288 1.590000
36289 3.890000
36290 0.990000
36291 1.990000
36292 2.590000
36293 2.290000
36294 1.990000
36295 1.490000
36296 1.490000
36297 1.490000
36298 1.490000
36299 1.490000
36300 0.990000
36301 0.990000
36302 2.590000
36303 0.370000
36304 2.690000
36305 3.490000
36306 0.790000
36307 2.690000
36308 2.290000
36309 2.290000
36310 3.990000
36311 1.590000
36312 1.590000
36313 1.590000
36314 1.990000
36315 2.290000
36316 3.890000
36317 2.890000
36318 3.290000
36319 2.990000
36320 1.990000
36321 3.590000
36322 3.290000
36323 2.890000
36324 2.290000
36325 0.790000
36326 0.590000
36327 0.790000
36328 2.290000
36329 2.590000
36330 2.590000
36331 2.890000
36332 2.890000
36333 3.590000
36334 3.590000
36335 3.590000
36336 3.590000
36337 3.590000
36338 1.390000
36339 1.390000
36340 1.390000
36341 1.390000
36342 1.390000
36343 1.690000
36344 1.690000
36345 1.690000
36346 3.290000
36347 3.490000
36348 3.490000
36349 3.990000
36350 3.490000
36351 3.490000
36352 2.990000
36353 2.990000
36354 2.990000
36355 2.990000
36356 2.990000
36357 2.990000
36358 3.490000
36359 3.490000
36360 3.490000
36361 2.990000
36362 2.990000
36363 2.990000
36364 2.990000
36365 2.990000
36366 2.990000
36367 2.990000
36368 3.490000
36369 3.990000
36370 3.990000
36371 3.990000
36372 3.990000
36373 3.490000
36374 2.590000
36375 2.590000
36376 4.990000
36377 1.690000
36378 1.390000
36379 4.990000
36380 4.990000
36381 4.990000
36382 0.490000
36383 0.590000
36384 1.390000
36385 3.490000
36386 2.990000
36387 1.990000
36388 1.990000
36389 0.590000
36390 1.990000
36391 1.990000
36392 1.990000
36393 1.590000
36394 1.590000
36395 1.990000
36396 1.990000
36397 1.990000
36398 1.990000
36399 1.090000
36400 1.090000
36401 1.090000
36402 1.090000
36403 1.590000
36404 1.590000
36405 1.590000
36406 1.590000
36407 1.590000
36408 1.090000
36409 1.090000
36410 1.090000
36411 2.590000
36412 1.590000
36413 2.990000
36414 2.590000
36415 3.290000
36416 1.990000
36417 1.990000
36418 3.990000
36419 3.990000
36420 1.390000
36421 2.990000
36422 0.790000
36423 2.490000
36424 5.790000
36425 5.790000
36426 2.990000
36427 1.000000
36428 1.290000
36429 1.290000
36430 1.290000
36431 2.990000
36432 3.990000
36433 4.490000
36434 1.690000
36435 3.990000
36436 6.490000
36437 2.990000
36438 2.990000
36439 5.490000
36440 1.090000
36441 2.290000
36442 3.290000
36443 4.290000
36444 2.990000
36445 2.990000
36446 3.590000
36447 3.590000
36448 2.990000
36449 1.500000
36450 2.990000
36451 1.590000
36452 2.990000
36453 1.090000
36454 0.590000
36455 1.090000
36456 1.090000
36457 2.990000
36458 6.490000
36459 0.990000
36460 3.990000
36461 3.490000
36462 2.990000
36463 2.990000
36464 2.990000
36465 3.490000
36466 3.490000
36467 2.990000
36468 2.990000
36469 2.990000
36470 2.990000
36471 3.990000
36472 2.990000
36473 2.990000
36474 2.990000
36475 2.990000
36476 2.990000
36477 2.990000
36478 2.990000
36479 3.990000
36480 3.990000
36481 4.090000
36482 4.390000
36483 2.290000
36484 2.990000
36485 1.590000
36486 1.990000
36487 3.990000
36488 3.990000
36489 3.990000
36490 4.990000
36491 4.990000
36492 4.990000
36493 3.690000
36494 4.290000
36495 2.990000
36496 2.990000
36497 1.990000
36498 2.990000
36499 2.590000
36500 3.590000
36501 3.590000
36502 3.590000
36503 2.590000
36504 2.390000
36505 4.290000
36506 2.690000
36507 1.990000
36508 1.990000
36509 1.990000
36510 1.190000
36511 0.590000
36512 3.590000
36513 3.590000
36514 2.590000
36515 2.590000
36516 1.990000
36517 1.590000
36518 1.590000
36519 1.590000
36520 1.590000
36521 1.590000
36522 3.890000
36523 1.090000
36524 1.090000
36525 1.090000
36526 1.090000
36527 1.590000
36528 1.590000
36529 1.590000
36530 1.590000
36531 1.990000
36532 1.990000
36533 2.990000
36534 2.990000
36535 2.990000
36536 0.790000
36537 3.590000
36538 3.290000
36539 2.290000
36540 3.290000
36541 3.890000
36542 0.790000
36543 2.990000
36544 1.990000
36545 1.990000
36546 2.990000
36547 2.990000
36548 5.490000
36549 2.990000
36550 3.890000
36551 2.890000
36552 2.290000
36553 2.990000
36554 1.090000
36555 1.090000
36556 4.490000
36557 2.990000
36558 0.990000
36559 5.990000
36560 0.790000
36561 2.990000
36562 2.290000
36563 3.290000
36564 1.490000
36565 1.490000
36566 1.490000
36567 0.590000
36568 0.590000
36569 0.590000
36570 3.490000
36571 2.590000
36572 2.890000
36573 0.790000
36574 1.590000
36575 1.990000
36576 1.590000
36577 1.590000
36578 1.090000
36579 1.090000
36580 1.090000
36581 1.090000
36582 1.590000
36583 2.990000
36584 1.590000
36585 3.990000
36586 3.990000
36587 3.990000
36588 3.490000
36589 3.490000
36590 1.790000
36591 1.590000
36592 1.590000
36593 1.590000
36594 1.590000
36595 2.990000
36596 1.490000
36597 1.490000
36598 1.490000
36599 1.490000
36600 1.490000
36601 1.490000
36602 1.490000
36603 1.490000
36604 1.490000
36605 1.490000
36606 1.490000
36607 4.990000
36608 4.990000
36609 4.990000
36610 4.990000
36611 4.990000
36612 4.990000
36613 1.990000
36614 1.990000
36615 1.990000
36616 1.990000
36617 3.990000
36618 3.990000
36619 5.990000
36620 5.990000
36621 5.990000
36622 5.990000
36623 2.990000
36624 2.990000
36625 2.990000
36626 2.990000
36627 2.990000
36628 1.990000
36629 1.990000
36630 1.990000
36631 1.990000
36632 1.990000
36633 1.990000
36634 3.990000
36635 3.990000
36636 3.990000
36637 3.990000
36638 3.990000
36639 3.990000
36640 3.990000
36641 3.990000
36642 2.490000
36643 2.490000
36644 2.490000
36645 2.490000
36646 2.490000
36647 2.490000
36648 3.990000
36649 2.990000
36650 2.990000
36651 2.990000
36652 2.990000
36653 2.990000
36654 2.990000
36655 3.490000
36656 2.990000
36657 3.990000
36658 2.990000
36659 1.590000
36660 2.990000
36661 2.990000
36662 2.990000
36663 2.990000
36664 0.590000
36665 2.690000
36666 2.690000
36667 2.690000
36668 3.590000
36669 3.590000
36670 2.290000
36671 0.790000
36672 2.990000
36673 2.990000
36674 2.990000
36675 1.590000
36676 1.090000
36677 1.990000
36678 1.990000
36679 2.990000
36680 3.890000
36681 3.990000
36682 2.590000
36683 1.990000
36684 2.590000
36685 3.990000
36686 2.990000
36687 3.490000
36688 2.890000
36689 2.990000
36690 2.990000
36691 2.990000
36692 3.990000
36693 1.590000
36694 2.990000
36695 3.990000
36696 1.590000
36697 2.490000
36698 2.990000
36699 2.990000
36700 2.490000
36701 1.290000
36702 1.990000
36703 4.990000
36704 4.990000
36705 3.990000
36706 4.990000
36707 4.990000
36708 3.590000
36709 1.290000
36710 1.090000
36711 1.290000
36712 3.490000
36713 3.990000
36714 3.990000
36715 3.990000
36716 3.990000
36717 1.790000
36718 3.790000
36719 4.990000
36720 3.990000
36721 5.990000
36722 4.990000
36723 4.990000
36724 2.290000
36725 4.990000
36726 5.990000
36727 3.990000
36728 3.990000
36729 3.990000
36730 4.990000
36731 4.990000
36732 3.990000
36733 3.990000
36734 4.990000
36735 4.990000
36736 1.990000
36737 3.790000
36738 3.790000
36739 3.790000
36740 3.790000
36741 3.990000
36742 3.990000
36743 1.990000
36744 3.290000
36745 3.290000
36746 1.990000
36747 3.290000
36748 4.990000
36749 1.890000
36750 3.990000
36751 1.990000
36752 1.290000
36753 1.290000
36754 1.290000
36755 3.990000
36756 1.790000
36757 3.590000
36758 3.590000
36759 2.990000
36760 0.370000
36761 2.990000
36762 3.490000
36763 3.490000
36764 3.490000
36765 1.990000
36766 2.990000
36767 3.890000
36768 0.590000
36769 3.590000
36770 1.990000
36771 1.990000
36772 2.990000
36773 2.590000
36774 1.590000
36775 1.590000
36776 0.790000
36777 0.590000
36778 0.790000
36779 2.990000
36780 3.290000
36781 2.290000
36782 2.290000
36783 3.290000
36784 3.290000
36785 2.290000
36786 3.290000
36787 2.990000
36788 3.890000
36789 4.390000
36790 3.290000
36791 1.590000
36792 1.590000
36793 1.590000
36794 2.990000
36795 1.590000
36796 1.090000
36797 1.990000
36798 0.590000
36799 1.590000
36800 0.590000
36801 1.690000
36802 0.490000
36803 0.490000
36804 0.490000
36805 1.490000
36806 1.590000
36807 1.990000
36808 1.990000
36809 2.990000
36810 1.590000
36811 1.590000
36812 1.590000
36813 2.590000
36814 1.690000
36815 1.590000
36816 2.590000
36817 1.990000
36818 2.990000
36819 2.990000
36820 1.990000
36821 2.990000
36822 1.990000
36823 1.990000
36824 2.990000
36825 1.990000
36826 2.990000
36827 1.990000
36828 2.990000
36829 1.990000
36830 2.990000
36831 1.990000
36832 0.590000
36833 1.990000
36834 1.990000
36835 2.990000
36836 2.590000
36837 3.590000
36838 0.590000
36839 2.890000
36840 3.490000
36841 2.890000
36842 1.490000
36843 3.990000
36844 3.490000
36845 3.990000
36846 3.990000
36847 3.490000
36848 3.490000
36849 1.990000
36850 2.490000
36851 1.990000
36852 1.290000
36853 2.490000
36854 2.690000
36855 4.990000
36856 1.790000
36857 2.990000
36858 1.490000
36859 1.390000
36860 1.990000
36861 1.990000
36862 1.990000
36863 1.990000
36864 1.990000
36865 2.490000
36866 2.490000
36867 3.990000
36868 5.490000
36869 1.790000
36870 1.990000
36871 3.490000
36872 3.990000
36873 3.990000
36874 3.990000
36875 3.990000
36876 3.490000
36877 2.990000
36878 2.990000
36879 2.990000
36880 2.990000
36881 2.990000
36882 2.990000
36883 2.990000
36884 2.990000
36885 2.990000
36886 0.990000
36887 0.990000
36888 3.490000
36889 0.690000
36890 1.590000
36891 1.590000
36892 1.590000
36893 1.590000
36894 1.590000
36895 1.590000
36896 2.990000
36897 3.990000
36898 3.990000
36899 3.490000
36900 2.990000
36901 2.990000
36902 3.990000
36903 1.990000
36904 1.990000
36905 1.990000
36906 1.990000
36907 1.990000
36908 1.590000
36909 2.590000
36910 2.590000
36911 2.590000
36912 1.590000
36913 1.590000
36914 1.590000
36915 2.290000
36916 3.590000
36917 5.790000
36918 3.590000
36919 3.590000
36920 3.590000
36921 3.590000
36922 3.590000
36923 4.090000
36924 4.090000
36925 2.290000
36926 2.290000
36927 1.590000
36928 4.990000
36929 1.990000
36930 1.990000
36931 1.990000
36932 2.990000
36933 1.990000
36934 1.990000
36935 1.590000
36936 1.990000
36937 1.990000
36938 2.490000
36939 2.990000
36940 3.990000
36941 2.990000
36942 0.590000
36943 3.590000
36944 2.890000
36945 0.790000
36946 2.990000
36947 1.590000
36948 1.590000
36949 3.490000
36950 2.990000
36951 2.990000
36952 3.990000
36953 1.290000
36954 0.790000
36955 0.790000
36956 1.990000
36957 1.990000
36958 1.990000
36959 3.790000
36960 1.990000
36961 3.990000
36962 1.990000
36963 1.990000
36964 2.990000
36965 1.590000
36966 1.990000
36967 1.590000
36968 1.990000
36969 1.990000
36970 1.590000
36971 1.590000
36972 1.990000
36973 1.990000
36974 0.590000
36975 0.590000
36976 0.790000
36977 0.790000
36978 1.990000
36979 3.490000
36980 3.490000
36981 2.000000
36982 3.990000
36983 1.490000
36984 1.490000
36985 4.490000
36986 1.490000
36987 1.490000
36988 1.490000
36989 1.490000
36990 0.990000
36991 0.990000
36992 1.990000
36993 3.490000
36994 4.490000
36995 4.490000
36996 4.490000
36997 4.490000
36998 4.490000
36999 3.290000
37000 1.450000
37001 3.890000
37002 2.490000
37003 3.490000
37004 3.290000
37005 0.790000
37006 1.450000
37007 1.990000
37008 2.490000
37009 2.990000
37010 0.990000
37011 1.490000
37012 1.490000
37013 1.490000
37014 1.490000
37015 1.490000
37016 1.490000
37017 3.590000
37018 1.500000
37019 3.490000
37020 2.590000
37021 1.990000
37022 2.990000
37023 3.490000
37024 1.990000
37025 3.490000
37026 3.990000
37027 3.990000
37028 3.990000
37029 1.490000
37030 1.990000
37031 0.990000
37032 2.490000
37033 1.990000
37034 2.990000
37035 3.490000
37036 3.590000
37037 1.990000
37038 2.990000
37039 1.990000
37040 1.790000
37041 2.990000
37042 2.990000
37043 2.990000
37044 3.990000
37045 3.990000
37046 3.990000
37047 3.990000
37048 1.990000
37049 2.490000
37050 1.590000
37051 1.990000
37052 1.990000
37053 2.990000
37054 2.490000
37055 2.490000
37056 1.990000
37057 2.490000
37058 2.290000
37059 1.490000
37060 1.590000
37061 1.990000
37062 4.090000
37063 1.490000
37064 1.490000
37065 1.490000
37066 1.490000
37067 1.490000
37068 1.490000
37069 0.990000
37070 0.990000
37071 1.990000
37072 1.990000
37073 1.990000
37074 2.990000
37075 2.990000
37076 2.990000
37077 1.190000
37078 1.590000
37079 1.990000
37080 1.990000
37081 1.590000
37082 2.990000
37083 2.990000
37084 0.590000
37085 1.590000
37086 0.990000
37087 0.990000
37088 1.390000
37089 1.390000
37090 1.690000
37091 1.690000
37092 5.990000
37093 2.990000
37094 3.590000
37095 3.590000
37096 1.990000
37097 1.390000
37098 1.390000
37099 1.390000
37100 2.990000
37101 2.990000
37102 1.590000
37103 1.590000
37104 1.790000
37105 2.990000
37106 0.990000
37107 1.790000
37108 1.990000
37109 1.790000
37110 1.790000
37111 2.990000
37112 1.590000
37113 1.490000
37114 1.990000
37115 5.990000
37116 2.990000
37117 0.490000
37118 1.390000
37119 1.990000
37120 3.290000
37121 3.290000
37122 7.390000
37123 1.390000
37124 1.390000
37125 1.390000
37126 1.390000
37127 2.190000
37128 2.190000
37129 2.190000
37130 2.190000
37131 4.390000
37132 2.990000
37133 11.980000
37134 3.490000
37135 4.990000
37136 3.390000
37137 7.990000
37138 2.990000
37139 2.990000
37140 5.990000
37141 5.890000
37142 6.190000
37143 4.990000
37144 2.250000
37145 5.950000
37146 7.690000
37147 6.790000
37148 8.590000
37149 8.980000
37150 1.090000
37151 1.490000
37152 2.790000
37153 3.590000
37154 3.590000
37155 6.690000
37156 1.490000
37157 1.490000
37158 1.490000
37159 2.890000
37160 2.890000
37161 2.890000
37162 1.250000
37163 8.990000
37164 8.990000
37165 11.490000
37166 10.290000
37167 10.390000
37168 19.990000
37169 2.490000
37170 2.490000
37171 2.490000
37172 3.990000
37173 3.990000
37174 3.990000
37175 3.990000
37176 3.990000
37177 3.990000
37178 3.990000
37179 2.590000
37180 2.890000
37181 5.890000
37182 2.390000
37183 8.370000
37184 9.870000
37185 6.990000
37186 8.990000
37187 3.090000
37188 6.090000
37189 4.390000
37190 2.990000
37191 1.500000
37192 4.980000
37193 4.980000
37194 4.980000
37195 4.980000
37196 3.790000
37197 1.790000
37198 1.790000
37199 1.790000
37200 1.790000
37201 1.790000
37202 2.990000
37203 2.990000
37204 4.690000
37205 3.290000
37206 1.650000
37207 1.990000
37208 1.990000
37209 1.890000
37210 2.090000
37211 2.090000
37212 2.090000
37213 2.090000
37214 1.790000
37215 1.790000
37216 1.080000
37217 1.790000
37218 1.790000
37219 1.690000
37220 1.690000
37221 1.690000
37222 1.690000
37223 1.690000
37224 1.690000
37225 1.690000
37226 1.690000
37227 1.690000
37228 1.690000
37229 1.690000
37230 1.690000
37231 1.690000
37232 1.890000
37233 2.490000
37234 2.490000
37235 2.490000
37236 2.090000
37237 0.590000
37238 1.790000
37239 1.790000
37240 3.290000
37241 2.490000
37242 4.690000
37243 1.090000
37244 1.090000
37245 1.090000
37246 2.990000
37247 3.590000
37248 1.790000
37249 3.490000
37250 3.990000
37251 17.990000
37252 3.990000
37253 17.990000
37254 1.090000
37255 1.490000
37256 1.390000
37257 1.790000
37258 1.290000
37259 3.490000
37260 5.990000
37261 5.990000
37262 5.990000
37263 4.990000
37264 4.990000
37265 5.990000
37266 4.990000
37267 5.990000
37268 5.990000
37269 5.990000
37270 0.690000
37271 2.990000
37272 0.690000
37273 2.990000
37274 2.990000
37275 2.990000
37276 0.690000
37277 2.990000
37278 2.890000
37279 1.590000
37280 2.890000
37281 3.390000
37282 3.490000
37283 6.890000
37284 5.190000
37285 0.550000
37286 2.290000
37287 1.890000
37288 0.550000
37289 11.990000
37290 11.990000
37291 4.990000
37292 4.990000
37293 1.990000
37294 1.990000
37295 1.990000
37296 1.990000
37297 1.990000
37298 1.990000
37299 1.990000
37300 2.490000
37301 2.490000
37302 2.590000
37303 2.590000
37304 2.590000
37305 2.190000
37306 3.950000
37307 3.990000
37308 3.990000
37309 2.990000
37310 3.990000
37311 3.990000
37312 2.990000
37313 2.990000
37314 2.990000
37315 3.990000
37316 3.990000
37317 3.990000
37318 3.490000
37319 2.690000
37320 3.990000
37321 3.990000
37322 3.990000
37323 3.990000
37324 4.990000
37325 1.190000
37326 2.990000
37327 3.590000
37328 1.190000
37329 2.990000
37330 14.950000
37331 14.950000
37332 14.950000
37333 3.990000
37334 3.750000
37335 4.490000
37336 3.990000
37337 3.990000
37338 3.990000
37339 3.990000
37340 3.990000
37341 2.990000
37342 3.990000
37343 2.990000
37344 6.990000
37345 6.990000
37346 2.990000
37347 6.990000
37348 4.990000
37349 3.000000
37350 0.590000
37351 0.590000
37352 0.590000
37353 0.590000
37354 2.890000
37355 2.890000
37356 2.890000
37357 2.990000
37358 2.990000
37359 3.490000
37360 4.690000
37361 6.290000
37362 19.690001
37363 4.990000
37364 3.000000
37365 3.390000
37366 3.790000
37367 2.990000
37368 2.490000
37369 2.990000
37370 9.990000
37371 1.990000
37372 4.990000
37373 4.990000
37374 4.990000
37375 4.990000
37376 5.790000
37377 5.790000
37378 5.790000
37379 1.190000
37380 0.840000
37381 0.830000
37382 1.190000
37383 1.190000
37384 1.190000
37385 5.990000
37386 5.990000
37387 3.290000
37388 3.290000
37389 7.950000
37390 1.990000
37391 73.589996
37392 35.590000
37393 6.590000
37394 18.990000
37395 29.990000
37396 9.990000
37397 9.590000
37398 3.890000
37399 3.890000
37400 3.890000
37401 3.290000
37402 1.490000
37403 2.190000
37404 2.590000
37405 3.490000
37406 3.990000
37407 3.190000
37408 3.390000
37409 1.690000
37410 1.690000
37411 1.690000
37412 1.690000
37413 1.090000
37414 1.090000
37415 5.390000
37416 2.390000
37417 3.490000
37418 4.990000
37419 4.990000
37420 4.990000
37421 3.490000
37422 3.390000
37423 4.990000
37424 2.390000
37425 1.990000
37426 2.390000
37427 8.190000
37428 10.990000
37429 2.090000
37430 2.590000
37431 2.590000
37432 2.590000
37433 3.190000
37434 3.290000
37435 3.290000
37436 3.290000
37437 3.290000
37438 3.990000
37439 3.990000
37440 3.990000
37441 3.990000
37442 3.990000
37443 3.990000
37444 3.990000
37445 3.990000
37446 3.990000
37447 3.990000
37448 3.990000
37449 3.990000
37450 3.990000
37451 3.990000
37452 3.990000
37453 5.990000
37454 5.990000
37455 5.990000
37456 6.990000
37457 6.990000
37458 6.990000
37459 9.990000
37460 22.990000
37461 9.990000
37462 4.490000
37463 1.090000
37464 1.090000
37465 1.090000
37466 1.090000
37467 1.090000
37468 1.090000
37469 2.290000
37470 2.990000
37471 6.990000
37472 2.990000
37473 2.990000
37474 2.890000
37475 2.890000
37476 2.890000
37477 2.890000
37478 2.890000
37479 2.890000
37480 2.890000
37481 2.890000
37482 2.890000
37483 2.890000
37484 2.890000
37485 2.890000
37486 2.890000
37487 2.490000
37488 4.390000
37489 4.390000
37490 3.490000
37491 1.990000
37492 3.990000
37493 3.990000
37494 6.990000
37495 9.990000
37496 4.990000
37497 1.490000
37498 2.990000
37499 1.590000
37500 2.990000
37501 2.990000
37502 2.990000
37503 2.990000
37504 2.990000
37505 3.890000
37506 4.690000
37507 4.990000
37508 4.690000
37509 6.290000
37510 6.190000
37511 11.590000
37512 6.990000
37513 6.290000
37514 4.690000
37515 2.990000
37516 3.290000
37517 7.690000
37518 7.690000
37519 7.690000
37520 15.990000
37521 15.990000
37522 15.990000
37523 3.890000
37524 3.290000
37525 7.690000
37526 7.690000
37527 7.690000
37528 15.990000
37529 15.990000
37530 15.990000
37531 22.990000
37532 3.290000
37533 7.690000
37534 7.690000
37535 7.690000
37536 15.990000
37537 3.290000
37538 7.490000
37539 7.690000
37540 7.690000
37541 15.990000
37542 15.990000
37543 6.990000
37544 9.990000
37545 5.990000
37546 4.990000
37547 4.990000
37548 4.990000
37549 5.990000
37550 9.990000
37551 5.990000
37552 5.990000
37553 5.990000
37554 4.990000
37555 5.990000
37556 5.990000
37557 5.990000
37558 5.990000
37559 5.990000
37560 5.990000
37561 5.490000
37562 5.990000
37563 4.990000
37564 5.490000
37565 6.990000
37566 6.990000
37567 6.990000
37568 6.490000
37569 6.490000
37570 6.990000
37571 6.990000
37572 6.990000
37573 2.490000
37574 4.990000
37575 4.990000
37576 19.950001
37577 6.950000
37578 9.990000
37579 9.990000
37580 9.990000
37581 9.990000
37582 9.990000
37583 9.990000
37584 9.990000
37585 9.990000
37586 9.990000
37587 9.990000
37588 9.990000
37589 9.990000
37590 9.990000
37591 9.990000
37592 9.990000
37593 9.990000
37594 9.990000
37595 9.990000
37596 9.990000
37597 9.990000
37598 9.990000
37599 9.990000
37600 9.990000
37601 9.990000
37602 9.990000
37603 9.990000
37604 9.990000
37605 9.990000
37606 9.990000
37607 9.990000
37608 9.990000
37609 9.990000
37610 9.990000
37611 9.990000
37612 9.990000
37613 9.990000
37614 9.990000
37615 9.990000
37616 9.990000
37617 9.990000
37618 1.990000
37619 1.990000
37620 3.290000
37621 3.290000
37622 3.290000
37623 3.290000
37624 3.290000
37625 3.190000
37626 3.190000
37627 3.190000
37628 7.990000
37629 7.690000
37630 7.990000
37631 7.990000
37632 7.690000
37633 7.690000
37634 2.790000
37635 3.990000
37636 3.990000
37637 3.990000
37638 7.990000
37639 4.190000
37640 4.390000
37641 4.190000
37642 4.190000
37643 4.390000
37644 4.390000
37645 4.390000
37646 4.190000
37647 4.390000
37648 1.590000
37649 2.390000
37650 2.390000
37651 2.390000
37652 2.690000
37653 2.990000
37654 2.990000
37655 2.990000
37656 2.990000
37657 2.990000
37658 1.990000
37659 1.990000
37660 1.990000
37661 1.990000
37662 1.990000
37663 1.990000
37664 1.990000
37665 1.990000
37666 1.990000
37667 1.990000
37668 6.990000
37669 1.090000
37670 1.090000
37671 1.090000
37672 1.090000
37673 1.090000
37674 2.990000
37675 5.990000
37676 3.290000
37677 3.990000
37678 3.190000
37679 3.190000
37680 3.990000
37681 3.190000
37682 2.990000
37683 2.990000
37684 2.990000
37685 1.590000
37686 1.590000
37687 1.590000
37688 1.590000
37689 1.590000
37690 1.690000
37691 1.690000
37692 1.690000
37693 1.590000
37694 1.690000
37695 1.690000
37696 1.690000
37697 1.690000
37698 1.690000
37699 1.890000
37700 1.190000
37701 1.290000
37702 0.990000
37703 0.990000
37704 1.690000
37705 2.950000
37706 3.950000
37707 9.950000
37708 1.990000
37709 1.690000
37710 1.500000
37711 1.500000
37712 1.890000
37713 1.590000
37714 1.950000
37715 2.950000
37716 2.950000
37717 4.990000
37718 4.950000
37719 4.990000
37720 3.990000
37721 0.990000
37722 1.950000
37723 3.950000
37724 1.490000
37725 0.990000
37726 4.950000
37727 1.990000
37728 3.950000
37729 1.950000
37730 1.990000
37731 1.950000
37732 3.950000
37733 4.990000
37734 5.990000
37735 6.990000
37736 4.290000
37737 3.490000
37738 4.690000
37739 4.990000
37740 2.490000
37741 2.490000
37742 3.990000
37743 3.290000
37744 3.590000
37745 26.590000
37746 11.990000
37747 11.990000
37748 29.990000
37749 13.990000
37750 6.590000
37751 24.990000
37752 11.990000
37753 4.890000
37754 4.890000
37755 4.890000
37756 4.890000
37757 0.390000
37758 0.590000
37759 0.390000
37760 0.490000
37761 0.390000
37762 2.500000
37763 4.990000
37764 4.950000
37765 4.990000
37766 4.990000
37767 4.990000
37768 4.990000
37769 3.990000
37770 3.990000
37771 3.990000
37772 2.250000
37773 4.990000
37774 5.990000
37775 3.990000
37776 3.990000
37777 6.990000
37778 3.990000
37779 9.950000
37780 4.990000
37781 2.250000
37782 2.250000
37783 5.950000
37784 6.950000
37785 4.500000
37786 5.950000
37787 5.950000
37788 5.990000
37789 4.980000
37790 2.950000
37791 5.990000
37792 3.950000
37793 3.990000
37794 3.990000
37795 1.250000
37796 4.500000
37797 3.950000
37798 2.990000
37799 5.990000
37800 2.950000
37801 4.950000
37802 4.950000
37803 3.950000
37804 9.950000
37805 5.950000
37806 4.250000
37807 4.950000
37808 3.500000
37809 3.950000
37810 5.990000
37811 3.990000
37812 3.990000
37813 4.950000
37814 1.990000
37815 1.890000
37816 3.490000
37817 1.190000
37818 1.190000
37819 1.190000
37820 1.190000
37821 1.190000
37822 1.190000
37823 1.190000
37824 1.190000
37825 1.190000
37826 1.190000
37827 1.190000
37828 1.190000
37829 3.690000
37830 2.290000
37831 1.690000
37832 2.090000
37833 2.090000
37834 2.090000
37835 2.090000
37836 2.090000
37837 2.090000
37838 1.490000
37839 1.490000
37840 1.490000
37841 1.290000
37842 1.290000
37843 1.290000
37844 1.290000
37845 1.290000
37846 1.290000
37847 1.290000
37848 1.290000
37849 1.290000
37850 1.290000
37851 1.290000
37852 1.290000
37853 1.290000
37854 1.290000
37855 1.290000
37856 1.150000
37857 1.350000
37858 1.500000
37859 1.750000
37860 3.290000
37861 2.690000
37862 1.790000
37863 3.490000
37864 1.690000
37865 1.690000
37866 3.490000
37867 2.290000
37868 2.690000
37869 2.690000
37870 2.990000
37871 2.690000
37872 4.790000
37873 2.490000
37874 1.990000
37875 2.690000
37876 4.790000
37877 1.090000
37878 1.490000
37879 2.690000
37880 2.690000
37881 1.350000
37882 2.290000
37883 3.490000
37884 1.690000
37885 2.390000
37886 2.790000
37887 3.290000
37888 2.390000
37889 2.090000
37890 1.890000
37891 2.090000
37892 2.090000
37893 3.890000
37894 3.290000
37895 2.790000
37896 3.290000
37897 2.390000
37898 2.690000
37899 2.390000
37900 4.290000
37901 3.290000
37902 2.790000
37903 3.290000
37904 2.790000
37905 2.990000
37906 4.290000
37907 4.290000
37908 3.290000
37909 2.690000
37910 2.290000
37911 3.290000
37912 3.290000
37913 2.390000
37914 2.690000
37915 4.290000
37916 3.290000
37917 2.790000
37918 3.290000
37919 2.390000
37920 3.490000
37921 2.690000
37922 2.690000
37923 3.490000
37924 3.490000
37925 1.690000
37926 2.290000
37927 1.890000
37928 2.090000
37929 2.090000
37930 2.090000
37931 3.890000
37932 1.890000
37933 2.090000
37934 2.090000
37935 2.090000
37936 3.890000
37937 1.890000
37938 2.090000
37939 2.090000
37940 3.290000
37941 2.090000
37942 2.390000
37943 2.390000
37944 2.690000
37945 2.390000
37946 4.290000
37947 3.290000
37948 3.290000
37949 2.290000
37950 1.590000
37951 3.290000
37952 1.790000
37953 3.490000
37954 2.290000
37955 2.690000
37956 2.690000
37957 2.990000
37958 2.690000
37959 2.490000
37960 3.490000
37961 4.790000
37962 3.290000
37963 3.490000
37964 3.490000
37965 4.290000
37966 1.900000
37967 2.590000
37968 1.000000
37969 1.790000
37970 3.990000
37971 1.000000
37972 1.750000
37973 1.150000
37974 1.350000
37975 1.350000
37976 1.500000
37977 3.190000
37978 1.350000
37979 1.690000
37980 3.490000
37981 2.290000
37982 3.290000
37983 2.390000
37984 2.690000
37985 2.990000
37986 2.690000
37987 2.400000
37988 3.490000
37989 3.490000
37990 1.250000
37991 1.690000
37992 1.690000
37993 3.290000
37994 1.690000
37995 1.690000
37996 2.590000
37997 1.690000
37998 1.690000
37999 2.990000
38000 3.990000
38001 4.990000
38002 0.990000
38003 0.990000
38004 1.990000
38005 3.190000
38006 3.990000
38007 2.990000
38008 3.290000
38009 1.990000
38010 3.290000
38011 3.290000
38012 2.090000
38013 2.390000
38014 3.990000
38015 2.690000
38016 4.290000
38017 2.390000
38018 4.990000
38019 3.890000
38020 3.890000
38021 3.890000
38022 3.890000
38023 3.890000
38024 3.890000
38025 3.890000
38026 2.790000
38027 2.790000
38028 3.290000
38029 3.290000
38030 3.990000
38031 3.990000
38032 2.790000
38033 3.290000
38034 3.290000
38035 3.290000
38036 4.290000
38037 2.790000
38038 3.290000
38039 4.590000
38040 2.390000
38041 2.690000
38042 3.690000
38043 2.390000
38044 3.290000
38045 3.290000
38046 2.690000
38047 2.390000
38048 3.190000
38049 3.290000
38050 2.390000
38051 1.750000
38052 2.790000
38053 3.290000
38054 2.390000
38055 2.390000
38056 2.590000
38057 3.290000
38058 3.290000
38059 2.790000
38060 2.690000
38061 2.490000
38062 4.290000
38063 3.290000
38064 2.790000
38065 3.290000
38066 3.190000
38067 3.290000
38068 3.490000
38069 2.290000
38070 4.790000
38071 3.490000
38072 3.490000
38073 1.890000
38074 2.090000
38075 2.090000
38076 2.390000
38077 1.890000
38078 2.090000
38079 2.090000
38080 2.390000
38081 2.390000
38082 2.090000
38083 2.390000
38084 2.090000
38085 2.390000
38086 2.090000
38087 1.690000
38088 4.290000
38089 3.490000
38090 1.000000
38091 3.290000
38092 3.990000
38093 3.990000
38094 2.690000
38095 2.390000
38096 3.290000
38097 2.790000
38098 2.590000
38099 4.290000
38100 3.290000
38101 3.290000
38102 2.290000
38103 3.290000
38104 3.290000
38105 2.790000
38106 2.690000
38107 2.390000
38108 2.390000
38109 2.590000
38110 2.390000
38111 2.090000
38112 1.890000
38113 2.090000
38114 1.890000
38115 2.090000
38116 1.890000
38117 2.090000
38118 2.090000
38119 1.890000
38120 2.090000
38121 1.890000
38122 2.090000
38123 1.890000
38124 2.590000
38125 2.390000
38126 2.090000
38127 2.390000
38128 2.090000
38129 2.390000
38130 2.090000
38131 2.390000
38132 2.090000
38133 2.690000
38134 1.290000
38135 1.290000
38136 2.690000
38137 3.290000
38138 2.790000
38139 3.290000
38140 2.390000
38141 3.290000
38142 3.290000
38143 2.690000
38144 2.490000
38145 4.790000
38146 3.490000
38147 1.690000
38148 1.790000
38149 2.790000
38150 4.290000
38151 3.290000
38152 2.390000
38153 2.390000
38154 2.690000
38155 2.690000
38156 2.790000
38157 3.290000
38158 2.390000
38159 4.290000
38160 2.590000
38161 3.290000
38162 3.490000
38163 2.290000
38164 2.690000
38165 2.690000
38166 2.990000
38167 2.690000
38168 3.490000
38169 3.490000
38170 2.490000
38171 2.690000
38172 2.390000
38173 2.590000
38174 2.390000
38175 3.290000
38176 1.690000
38177 1.650000
38178 1.400000
38179 1.200000
38180 2.390000
38181 2.090000
38182 4.290000
38183 3.290000
38184 2.790000
38185 3.290000
38186 2.790000
38187 2.290000
38188 2.690000
38189 1.890000
38190 1.890000
38191 2.090000
38192 2.090000
38193 2.090000
38194 2.390000
38195 2.090000
38196 2.390000
38197 2.090000
38198 2.990000
38199 2.690000
38200 2.690000
38201 4.790000
38202 3.490000
38203 2.890000
38204 2.890000
38205 2.890000
38206 2.890000
38207 2.890000
38208 2.890000
38209 2.890000
38210 2.890000
38211 3.190000
38212 3.690000
38213 3.190000
38214 2.290000
38215 2.690000
38216 2.690000
38217 2.990000
38218 2.690000
38219 2.390000
38220 2.390000
38221 2.890000
38222 2.890000
38223 2.890000
38224 1.690000
38225 2.690000
38226 2.290000
38227 2.990000
38228 2.690000
38229 2.690000
38230 4.790000
38231 3.490000
38232 3.290000
38233 3.290000
38234 2.790000
38235 3.290000
38236 2.790000
38237 4.990000
38238 2.790000
38239 3.290000
38240 2.790000
38241 2.690000
38242 4.290000
38243 0.990000
38244 2.690000
38245 2.390000
38246 3.290000
38247 2.790000
38248 2.690000
38249 2.390000
38250 2.390000
38251 2.690000
38252 1.350000
38253 1.350000
38254 3.490000
38255 1.690000
38256 1.990000
38257 2.490000
38258 2.990000
38259 2.690000
38260 2.690000
38261 2.690000
38262 2.290000
38263 4.790000
38264 3.490000
38265 3.490000
38266 2.490000
38267 3.290000
38268 2.090000
38269 4.490000
38270 2.190000
38271 2.190000
38272 1.650000
38273 1.350000
38274 3.290000
38275 2.090000
38276 4.290000
38277 3.290000
38278 3.290000
38279 2.290000
38280 4.990000
38281 1.890000
38282 2.090000
38283 2.090000
38284 2.390000
38285 3.890000
38286 1.490000
38287 11.990000
38288 11.990000
38289 11.990000
38290 2.690000
38291 2.990000
38292 2.390000
38293 2.490000
38294 3.990000
38295 1.890000
38296 2.290000
38297 2.290000
38298 1.690000
38299 1.990000
38300 6.690000
38301 1.990000
38302 4.490000
38303 5.490000
38304 4.990000
38305 3.690000
38306 3.990000
38307 3.990000
38308 3.990000
38309 3.490000
38310 3.490000
38311 3.490000
38312 3.490000
38313 3.490000
38314 3.490000
38315 3.490000
38316 2.490000
38317 2.490000
38318 2.490000
38319 2.490000
38320 2.490000
38321 2.490000
38322 2.490000
38323 3.490000
38324 3.490000
38325 3.490000
38326 3.490000
38327 3.490000
38328 0.890000
38329 4.490000
38330 3.290000
38331 0.890000
38332 3.290000
38333 3.290000
38334 4.990000
38335 2.490000
38336 2.690000
38337 3.290000
38338 2.490000
38339 2.490000
38340 2.690000
38341 2.290000
38342 2.990000
38343 0.890000
38344 0.990000
38345 0.990000
38346 8.790000
38347 1.990000
38348 1.990000
38349 5.990000
38350 2.690000
38351 2.990000
38352 2.990000
38353 2.990000
38354 1.990000
38355 1.990000
38356 1.990000
38357 1.490000
38358 4.690000
38359 1.490000
38360 1.490000
38361 1.490000
38362 2.690000
38363 2.690000
38364 2.690000
38365 2.690000
38366 2.690000
38367 6.490000
38368 6.490000
38369 4.990000
38370 8.190000
38371 7.990000
38372 6.990000
38373 21.180000
38374 1.990000
38375 10.390000
38376 5.650000
38377 10.290000
38378 10.290000
38379 5.990000
38380 7.790000
38381 7.790000
38382 9.790000
38383 2.860000
38384 23.490000
38385 3.790000
38386 3.790000
38387 3.790000
38388 5.990000
38389 1.990000
38390 6.990000
38391 3.490000
38392 3.490000
38393 3.490000
38394 3.490000
38395 3.390000
38396 2.790000
38397 2.190000
38398 3.890000
38399 47.990002
38400 39.990002
38401 3.490000
38402 3.490000
38403 3.690000
38404 3.690000
38405 5.990000
38406 2.490000
38407 2.990000
38408 4.390000
38409 5.990000
38410 5.990000
38411 5.990000
38412 1.990000
38413 1.990000
38414 3.990000
38415 3.990000
38416 2.490000
38417 2.490000
38418 3.490000
38419 3.490000
38420 3.490000
38421 3.490000
38422 3.490000
38423 3.490000
38424 3.490000
38425 6.990000
38426 5.890000
38427 5.890000
38428 2.390000
38429 2.990000
38430 6.990000
38431 6.990000
38432 6.990000
38433 6.990000
38434 6.990000
38435 3.990000
38436 2.750000
38437 2.750000
38438 5.990000
38439 5.990000
38440 3.490000
38441 3.490000
38442 3.490000
38443 3.490000
38444 3.490000
38445 3.490000
38446 3.490000
38447 3.490000
38448 3.490000
38449 3.490000
38450 5.990000
38451 3.490000
38452 3.490000
38453 3.490000
38454 3.690000
38455 3.690000
38456 3.690000
38457 4.890000
38458 4.890000
38459 2.090000
38460 2.090000
38461 3.690000
38462 3.050000
38463 3.290000
38464 3.290000
38465 3.290000
38466 3.290000
38467 3.690000
38468 4.990000
38469 4.990000
38470 3.590000
38471 3.990000
38472 3.290000
38473 2.990000
38474 2.990000
38475 2.990000
38476 15.990000
38477 12.990000
38478 10.990000
38479 10.990000
38480 10.990000
38481 11.490000
38482 11.490000
38483 11.490000
38484 11.490000
38485 15.990000
38486 2.290000
38487 2.290000
38488 11.490000
38489 11.490000
38490 2.290000
38491 2.290000
38492 2.290000
38493 2.290000
38494 2.290000
38495 6.990000
38496 6.990000
38497 1.390000
38498 1.390000
38499 1.390000
38500 1.390000
38501 1.390000
38502 1.390000
38503 1.390000
38504 1.390000
38505 1.390000
38506 1.290000
38507 1.390000
38508 1.390000
38509 1.390000
38510 1.390000
38511 1.390000
38512 1.390000
38513 1.390000
38514 1.390000
38515 1.390000
38516 1.390000
38517 1.390000
38518 1.390000
38519 1.890000
38520 0.990000
38521 9.990000
38522 4.990000
38523 2.990000
38524 2.490000
38525 4.990000
38526 25.990000
38527 6.290000
38528 1.990000
38529 1.990000
38530 1.990000
38531 1.990000
38532 0.890000
38533 0.890000
38534 0.890000
38535 0.890000
38536 2.090000
38537 2.090000
38538 2.090000
38539 3.390000
38540 3.390000
38541 3.390000
38542 2.690000
38543 2.690000
38544 2.690000
38545 9.690000
38546 4.690000
38547 4.690000
38548 3.690000
38549 3.790000
38550 3.690000
38551 3.990000
38552 4.690000
38553 4.990000
38554 4.990000
38555 4.990000
38556 2.190000
38557 2.190000
38558 2.190000
38559 2.190000
38560 2.190000
38561 2.490000
38562 4.750000
38563 4.750000
38564 2.490000
38565 2.490000
38566 2.490000
38567 5.990000
38568 5.990000
38569 5.990000
38570 3.000000
38571 1.350000
38572 2.690000
38573 5.990000
38574 5.990000
38575 2.390000
38576 2.390000
38577 2.390000
38578 2.390000
38579 2.390000
38580 2.390000
38581 2.390000
38582 2.390000
38583 2.490000
38584 1.290000
38585 1.890000
38586 1.850000
38587 1.850000
38588 1.990000
38589 3.890000
38590 3.890000
38591 3.890000
38592 3.890000
38593 3.890000
38594 5.990000
38595 3.990000
38596 1.790000
38597 3.290000
38598 1.690000
38599 1.690000
38600 1.690000
38601 1.690000
38602 1.690000
38603 1.690000
38604 1.690000
38605 1.690000
38606 1.690000
38607 1.690000
38608 1.690000
38609 1.590000
38610 2.790000
38611 2.990000
38612 2.790000
38613 2.990000
38614 1.890000
38615 1.890000
38616 1.790000
38617 7.990000
38618 21.990000
38619 36.990002
38620 2.850000
38621 2.850000
38622 2.850000
38623 2.850000
38624 3.390000
38625 3.790000
38626 0.990000
38627 5.790000
38628 3.990000
38629 5.990000
38630 7.990000
38631 11.990000
38632 2.990000
38633 2.990000
38634 1.690000
38635 0.990000
38636 2.990000
38637 3.590000
38638 3.590000
38639 3.590000
38640 3.590000
38641 0.490000
38642 0.490000
38643 0.490000
38644 0.490000
38645 0.490000
38646 0.490000
38647 1.990000
38648 1.990000
38649 1.990000
38650 1.990000
38651 1.990000
38652 1.990000
38653 1.990000
38654 1.990000
38655 4.790000
38656 4.290000
38657 4.290000
38658 3.790000
38659 6.490000
38660 3.790000
38661 4.490000
38662 4.590000
38663 4.590000
38664 2.690000
38665 2.690000
38666 2.690000
38667 2.690000
38668 1.190000
38669 1.590000
38670 0.990000
38671 1.090000
38672 1.290000
38673 1.290000
38674 0.990000
38675 3.090000
38676 3.190000
38677 4.790000
38678 12.190000
38679 5.290000
38680 5.290000
38681 12.190000
38682 12.190000
38683 2.650000
38684 5.290000
38685 2.190000
38686 10.990000
38687 10.990000
38688 2.290000
38689 2.290000
38690 1.790000
38691 1.790000
38692 3.990000
38693 3.390000
38694 1.990000
38695 3.150000
38696 4.490000
38697 3.590000
38698 3.490000
38699 3.290000
38700 3.590000
38701 3.490000
38702 3.590000
38703 3.590000
38704 3.590000
38705 3.590000
38706 3.590000
38707 3.590000
38708 3.990000
38709 3.990000
38710 3.990000
38711 3.990000
38712 3.990000
38713 3.990000
38714 3.990000
38715 3.990000
38716 12.990000
38717 5.390000
38718 4.990000
38719 6.990000
38720 3.290000
38721 5.290000
38722 3.290000
38723 3.290000
38724 3.990000
38725 3.990000
38726 2.990000
38727 2.990000
38728 2.990000
38729 2.990000
38730 4.690000
38731 4.690000
38732 4.690000
38733 4.690000
38734 3.290000
38735 5.990000
38736 13.990000
38737 11.290000
38738 13.790000
38739 2.990000
38740 2.990000
38741 4.990000
38742 2.990000
38743 1.990000
38744 1.990000
38745 7.990000
38746 7.990000
38747 7.990000
38748 7.990000
38749 7.990000
38750 7.990000
38751 7.990000
38752 7.990000
38753 7.990000
38754 7.990000
38755 7.990000
38756 7.990000
38757 1.890000
38758 1.890000
38759 1.890000
38760 1.890000
38761 1.890000
38762 1.890000
38763 7.990000
38764 6.990000
38765 2.690000
38766 3.990000
38767 0.990000
38768 0.990000
38769 0.990000
38770 3.990000
38771 5.990000
38772 3.290000
38773 3.290000
38774 0.790000
38775 3.990000
38776 0.990000
38777 5.990000
38778 5.990000
38779 6.950000
38780 1.890000
38781 5.990000
38782 5.990000
38783 5.990000
38784 5.990000
38785 1.890000
38786 1.890000
38787 1.890000
38788 1.890000
38789 1.890000
38790 1.890000
38791 1.890000
38792 2.290000
38793 1.490000
38794 1.990000
38795 2.990000
38796 2.990000
38797 3.490000
38798 3.490000
38799 0.790000
38800 2.990000
38801 2.990000
38802 2.990000
38803 2.990000
38804 1.690000
38805 5.500000
38806 5.990000
38807 6.500000
38808 6.990000
38809 7.500000
38810 6.890000
38811 4.590000
38812 6.990000
38813 6.990000
38814 4.990000
38815 4.790000
38816 5.990000
38817 5.990000
38818 8.990000
38819 6.990000
38820 3.590000
38821 3.690000
38822 3.690000
38823 7.990000
38824 6.490000
38825 8.690000
38826 6.490000
38827 2.790000
38828 2.690000
38829 2.790000
38830 2.790000
38831 2.690000
38832 2.690000
38833 2.990000
38834 6.190000
38835 3.290000
38836 3.290000
38837 3.290000
38838 3.290000
38839 6.990000
38840 2.690000
38841 2.050000
38842 2.050000
38843 2.050000
38844 2.050000
38845 2.050000
38846 2.750000
38847 2.750000
38848 1.990000
38849 4.190000
38850 1.090000
38851 1.490000
38852 1.490000
38853 1.490000
38854 1.490000
38855 1.390000
38856 1.490000
38857 1.490000
38858 1.490000
38859 1.590000
38860 1.590000
38861 1.590000
38862 1.590000
38863 1.590000
38864 4.990000
38865 3.790000
38866 6.890000
38867 9.390000
38868 4.790000
38869 3.990000
38870 2.690000
38871 2.490000
38872 2.690000
38873 2.690000
38874 2.690000
38875 8.990000
38876 17.950001
38877 9.990000
38878 19.990000
38879 9.950000
38880 14.950000
38881 15.950000
38882 9.990000
38883 15.950000
38884 9.950000
38885 12.950000
38886 8.990000
38887 12.990000
38888 9.950000
38889 6.950000
38890 12.990000
38891 9.950000
38892 17.950001
38893 9.950000
38894 9.950000
38895 8.990000
38896 9.950000
38897 14.950000
38898 14.950000
38899 15.950000
38900 9.950000
38901 9.950000
38902 6.950000
38903 12.950000
38904 17.950001
38905 14.950000
38906 12.950000
38907 12.950000
38908 6.950000
38909 9.950000
38910 14.950000
38911 14.950000
38912 14.950000
38913 14.950000
38914 14.950000
38915 12.950000
38916 14.950000
38917 14.950000
38918 14.950000
38919 14.950000
38920 14.950000
38921 12.950000
38922 12.950000
38923 12.950000
38924 15.950000
38925 17.950001
38926 14.950000
38927 9.950000
38928 17.950001
38929 12.950000
38930 17.950001
38931 8.950000
38932 9.950000
38933 9.950000
38934 17.950001
38935 17.950001
38936 15.950000
38937 12.950000
38938 14.950000
38939 9.950000
38940 8.990000
38941 9.950000
38942 9.950000
38943 9.950000
38944 9.950000
38945 9.950000
38946 9.950000
38947 9.950000
38948 9.950000
38949 15.950000
38950 9.950000
38951 12.950000
38952 8.950000
38953 12.950000
38954 15.950000
38955 19.950001
38956 6.990000
38957 1.490000
38958 1.490000
38959 1.490000
38960 1.490000
38961 1.490000
38962 1.490000
38963 1.490000
38964 1.490000
38965 1.990000
38966 3.990000
38967 7.950000
38968 3.500000
38969 4.950000
38970 3.890000
38971 4.890000
38972 4.890000
38973 4.890000
38974 4.890000
38975 3.590000
38976 3.490000
38977 3.290000
38978 3.790000
38979 1.190000
38980 1.190000
38981 1.190000
38982 1.190000
38983 1.990000
38984 1.990000
38985 1.990000
38986 1.190000
38987 1.190000
38988 13.890000
38989 5.190000
38990 5.190000
38991 5.190000
38992 5.190000
38993 5.190000
38994 9.990000
38995 9.990000
38996 7.190000
38997 15.490000
38998 3.990000
38999 3.990000
39000 4.690000
39001 3.490000
39002 3.490000
39003 3.990000
39004 3.490000
39005 2.290000
39006 2.790000
39007 4.690000
39008 2.790000
39009 10.090000
39010 10.090000
39011 21.990000
39012 21.990000
39013 10.990000
39014 10.890000
39015 12.390000
39016 12.390000
39017 11.150000
39018 10.790000
39019 11.390000
39020 6.990000
39021 9.950000
39022 6.990000
39023 9.950000
39024 6.690000
39025 8.990000
39026 6.990000
39027 1.490000
39028 1.490000
39029 1.490000
39030 3.990000
39031 2.000000
39032 3.090000
39033 15.990000
39034 4.950000
39035 4.950000
39036 4.950000
39037 4.950000
39038 4.950000
39039 4.950000
39040 4.950000
39041 4.950000
39042 4.950000
39043 4.950000
39044 4.950000
39045 4.950000
39046 4.950000
39047 4.950000
39048 4.950000
39049 4.950000
39050 4.950000
39051 4.950000
39052 8.950000
39053 2.950000
39054 2.950000
39055 2.950000
39056 2.950000
39057 2.950000
39058 2.950000
39059 2.950000
39060 1.990000
39061 1.990000
39062 1.990000
39063 1.990000
39064 0.990000
39065 0.990000
39066 0.990000
39067 0.990000
39068 0.990000
39069 0.990000
39070 4.470000
39071 2.990000
39072 2.990000
39073 2.990000
39074 2.990000
39075 3.990000
39076 2.690000
39077 2.990000
39078 2.990000
39079 2.690000
39080 1.990000
39081 2.490000
39082 1.890000
39083 8.490000
39084 2.290000
39085 2.290000
39086 6.990000
39087 2.990000
39088 4.490000
39089 3.490000
39090 9.890000
39091 3.690000
39092 2.290000
39093 1.990000
39094 2.490000
39095 2.490000
39096 2.490000
39097 2.990000
39098 6.190000
39099 3.390000
39100 5.990000
39101 5.990000
39102 7.290000
39103 7.290000
39104 7.990000
39105 5.950000
39106 2.990000
39107 2.990000
39108 29.990000
39109 28.990000
39110 15.990000
39111 11.990000
39112 28.990000
39113 3.990000
39114 3.990000
39115 3.990000
39116 76.879997
39117 11.990000
39118 7.890000
39119 7.890000
39120 1.890000
39121 1.890000
39122 23.990000
39123 29.990000
39124 4.990000
39125 3.290000
39126 3.290000
39127 0.990000
39128 1.990000
39129 0.990000
39130 0.009906
39131 2.990000
39132 3.590000
39133 11.990000
39134 2.990000
39135 0.250000
39136 0.200000
39137 5.100000
39138 6.800000
39139 100.000000
39140 60.000000
39141 10.000000
39142 166.100006
39143 6.000000
39144 1.000000
39145 180.000000
39146 3.000000
39147 3.000000
39148 0.590000
39149 1.690000
39150 0.400000
39151 0.400000
39152 0.890000
39153 0.350000
39154 0.500000
39155 0.690000
39156 0.890000
39157 1.090000
39158 0.700000
39159 0.500000
39160 0.500000
39161 1.990000
39162 0.990000
39163 1.790000
39164 0.290000
39165 2.990000
39166 9.990000
39167 1.990000
39168 2.190000
39169 0.990000
39170 2.490000
39171 5.000000
39172 7.500000
39173 10.000000
39174 4.490000
39175 2.990000
39176 0.050000
39177 0.500000
39178 0.400000
39179 0.333333
39180 0.750000
39181 5.000000
39182 222.000000
39183 90.889999
39184 3.000000
39185 0.790000
39186 0.990000
39187 1.190000
39188 0.500000
39189 0.390000
39190 0.780000
39191 1.950000
39192 1.170000
39193 0.940000
39194 0.470000
39195 0.470000
39196 6.990000
39197 15.990000
39198 49.990002
39199 0.079818
39200 19.990000
39201 3.000000
39202 1.000000
39203 2.000000
39204 3.000000
39205 5.000000
39206 1.000000
39207 1.000000
39208 0.470000
39209 0.190000
39210 0.490000
39211 1.000000
39212 1.000000
39213 0.390000
39214 0.490000
39215 0.590000
39216 0.590000
39217 2.990000
39218 0.990000
39219 0.790000
39220 0.470000
39221 3.300000
39222 0.470000
39223 0.940000
39224 0.470000
39225 1.400000
39226 0.470000
39227 1.410000
39228 4.490000
39229 0.240000
39230 1.420000
39231 0.470000
39232 0.470000
39233 1.410000
39234 0.470000
39235 0.940000
39236 0.470000
39237 1.410000
39238 1.250000
39239 0.470000
39240 0.940000
39241 0.470000
39242 1.400000
39243 1.000000
39244 10.000000
39245 12.000000
39246 15.000000
39247 0.490000
39248 0.590000
39249 2.390000
39250 2.990000
39251 0.016909
39252 0.396667
39253 0.750000
39254 0.500000
39255 0.470000
39256 0.470000
39257 1.250000
39258 0.470000
39259 1.180000
39260 0.350000
39261 0.500000
39262 0.690000
39263 0.890000
39264 1.090000
39265 1.990000
39266 0.990000
39267 0.990000
39268 0.290000
39269 2.000000
39270 2.000000
39271 1.690000
39272 2.990000
39273 9.990000
39274 0.990000
39275 0.990000
39276 2.990000
39277 0.990000
39278 0.240000
39279 1.180000
39280 1.420000
39281 0.029882
39282 0.025000
39283 9.990000
39284 0.029811
39285 2.900000
39286 0.290000
39287 1.490000
39288 0.490000
39289 0.990000
39290 2.900000
39291 0.690000
39292 3.300000
39293 0.004857
39294 18.719999
39295 1.290000
39296 1.000000
39297 0.500000
39298 0.500000
39299 2.980000
39300 2.490000
39301 4.990000
39302 0.003889
39303 5.000000
39304 1.990000
39305 0.500000
39306 0.290000
39307 0.500000
39308 2.490000
39309 0.490000
39310 1.290000
39311 1.490000
39312 1.490000
39313 0.006900
39314 0.029917
39315 0.790000
39316 0.008889
39317 0.390000
39318 0.013913
39319 0.029877
39320 0.990000
39321 2.000000
39322 0.050000
39323 0.007937
39324 0.002500
39325 0.039907
39326 5.900000
39327 0.050000
39328 2.990000
39329 0.008911
39330 2.990000
39331 0.690000
39332 0.050000
39333 0.034844
39334 0.034880
39335 0.034928
39336 0.034545
39337 0.034828
39338 0.034896
39339 0.029929
39340 0.029929
39341 2.900000
39342 5.800000
39343 2.900000
39344 5.000000
39345 5.000000
39346 5.800000
39347 7.500000
39348 2.490000
39349 0.590000
39350 7.500000
39351 4.990000
39352 0.330000
39353 2.890000
39354 5.000000
39355 0.006000
39356 3.900000
39357 0.024941
39358 6.900000
39359 5.000000
39360 7.500000
39361 2.990000
39362 5.000000
39363 5.000000
39364 0.990000
39365 5.000000
39366 5.000000
39367 4.950000
39368 1.180000
39369 0.710000
39370 0.990000
39371 1.190000
39372 0.013937
39373 3.120000
39374 1.990000
39375 2.900000
39376 0.790000
39377 0.790000
39378 0.009902
39379 0.007857
39380 1.090000
39381 0.006915
39382 29.990000
39383 7.500000
39384 3.390000
39385 3.390000
39386 7.500000
39387 3.290000
39388 0.004902
39389 0.590000
39390 0.290000
39391 0.290000
39392 0.290000
39393 0.500000
39394 0.500000
39395 4.950000
39396 0.500000
39397 0.290000
39398 0.024783
39399 0.030000
39400 0.012917
39401 0.011944
39402 0.390000
39403 1.290000
39404 0.330000
39405 8.990000
39406 7.990000
39407 0.290000
39408 0.008852
39409 0.029924
39410 0.029891
39411 0.029921
39412 4.950000
39413 0.030000
39414 0.029855
39415 0.029929
39416 0.030000
39417 0.029818
39418 0.030000
39419 0.990000
39420 0.200000
39421 0.007895
39422 1.190000
39423 2.490000
39424 0.330000
39425 0.390000
39426 0.019922
39427 0.330000
39428 2.990000
39429 0.990000
39430 0.690000
39431 0.013947
39432 0.590000
39433 0.014878
39434 0.009804
39435 0.690000
39436 0.002920
39437 0.990000
39438 0.005929
39439 0.006897
39440 0.006949
39441 1.690000
39442 1.690000
39443 0.330000
39444 0.490000
39445 2.490000
39446 0.039905
39447 0.790000
39448 0.009886
39449 0.006911
39450 1.490000
39451 0.030000
39452 0.011919
39453 0.990000
39454 0.890000
39455 1.690000
39456 0.006901
39457 0.034906
39458 0.007902
39459 0.990000
39460 0.500000
39461 0.500000
39462 0.500000
39463 0.500000
39464 0.500000
39465 0.500000
39466 0.500000
39467 0.500000
39468 0.500000
39469 0.500000
39470 0.500000
39471 0.500000
39472 0.500000
39473 0.500000
39474 0.500000
39475 0.008908
39476 0.008974
39477 0.007903
39478 0.007879
39479 5.000000
39480 0.007903
39481 0.007971
39482 0.500000
39483 0.500000
39484 0.019921
39485 0.030000
39486 3.990000
39487 0.690000
39488 0.029859
39489 0.790000
39490 1.390000
39491 1.390000
39492 0.990000
39493 0.019861
39494 0.001971
39495 0.019919
39496 0.019908
39497 2.990000
39498 1.990000
39499 1.990000
39500 1.490000
39501 0.500000
39502 2.990000
39503 3.990000
39504 1.990000
39505 1.990000
39506 0.011887
39507 1.990000
39508 0.030000
39509 0.024878
39510 0.390000
39511 0.690000
39512 0.690000
39513 0.690000
39514 0.390000
39515 0.390000
39516 0.690000
39517 0.690000
39518 0.690000
39519 0.690000
39520 0.690000
39521 1.990000
39522 3.990000
39523 0.044839
39524 0.007917
39525 0.003846
39526 1.990000
39527 0.029922
39528 0.250000
39529 0.390000
39530 0.290000
39531 2.490000
39532 0.009861
39533 0.990000
39534 0.029902
39535 0.030000
39536 0.029885
39537 1.490000
39538 1.490000
39539 0.011942
39540 0.012833
39541 0.011929
39542 0.012791
39543 0.012857
39544 0.012000
39545 0.012931
39546 0.014878
39547 0.012941
39548 0.014923
39549 1.490000
39550 4.990000
39551 0.008846
39552 0.029844
39553 1.490000
39554 0.020000
39555 0.390000
39556 0.390000
39557 0.390000
39558 3.900000
39559 1.490000
39560 7.500000
39561 1.690000
39562 1.490000
39563 0.030000
39564 0.018889
39565 0.014930
39566 0.016667
39567 1.890000
39568 2.990000
39569 0.014894
39570 2.990000
39571 0.014949
39572 0.004929
39573 0.009911
39574 0.019912
39575 0.005714
39576 1.990000
39577 1.690000
39578 1.690000
39579 1.390000
39580 0.013923
39581 0.490000
39582 1.990000
39583 0.019881
39584 0.039892
39585 2.890000
39586 2.490000
39587 0.020000
39588 0.040000
39589 0.890000
39590 0.890000
39591 0.890000
39592 0.890000
39593 1.190000
39594 0.013922
39595 0.890000
39596 1.990000
39597 0.020000
39598 1.690000
39599 0.130000
39600 1.690000
39601 0.049915
39602 0.040000
39603 0.050000
39604 0.030000
39605 0.013818
39606 0.790000
39607 2.990000
39608 1.990000
39609 0.008915
39610 0.034865
39611 0.009877
39612 0.990000
39613 1.290000
39614 0.990000
39615 1.290000
39616 0.019917
39617 0.009828
39618 1.990000
39619 1.990000
39620 0.029844
39621 0.009911
39622 0.009924
39623 0.009920
39624 0.009908
39625 0.009925
39626 0.890000
39627 0.009907
39628 0.009881
39629 0.009818
39630 5.000000
39631 0.011905
39632 0.012800
39633 0.029928
39634 0.019811
39635 0.019815
39636 0.011875
39637 0.009897
39638 1.590000
39639 0.029886
39640 0.690000
39641 1.290000
39642 0.500000
39643 0.500000
39644 0.990000
39645 0.049922
39646 0.019917
39647 0.014919
39648 0.014861
39649 0.030000
39650 0.010000
39651 0.290000
39652 0.990000
39653 0.890000
39654 2.500000
39655 2.200000
39656 2.650000
39657 1.550000
39658 2.050000
39659 0.990000
39660 0.790000
39661 1.250000
39662 1.890000
39663 5.490000
39664 7.490000
39665 5.300000
39666 2.790000
39667 1.190000
39668 0.600000
39669 0.500000
39670 0.400000
39671 4.990000
39672 0.470000
39673 7.500000
39674 7.000000
39675 0.070000
39676 15.000000
39677 25.000000
39678 25.000000
39679 25.000000
39680 25.000000
39681 2.490000
39682 30.000000
39683 5.580000
39684 0.500000
39685 5.980000
39686 1.390000
39687 1.740000
39688 8.990000
39689 168.020004
39690 9.950000
39691 14.230000
39692 28.527500
39693 1.990000
39694 22.580000
39695 49.520000
39696 0.300000
39697 28.250000
39698 8.240000
39699 2.950000
39700 9.990000
39701 4.950000
39702 0.790000
39703 1.490000
39704 1.790000
39705 0.790000
39706 1.990000
39707 1.290000
39708 0.890000
39709 0.990000
39710 4.450000
39711 1.990000
39712 1.390000
39713 3.950000
39714 3.500000
39715 2.250000
39716 3.990000
39717 2.990000
39718 2.250000
39719 2.190000
39720 2.190000
39721 1.790000
39722 4.290000
39723 3.990000
39724 13.990000
39725 11.990000
39726 8.590000
39727 8.190000
39728 1.790000
39729 3.290000
39730 1.890000
39731 0.490000
39732 2.290000
39733 0.690000
39734 2.000000
39735 0.890000
39736 2.990000
39737 11.950000
39738 2.790000
39739 2.790000
39740 2.990000
39741 3.490000
39742 2.990000
39743 1.250000
39744 2.890000
39745 2.690000
39746 2.990000
39747 2.990000
39748 2.990000
39749 2.990000
39750 2.990000
39751 2.990000
39752 4.990000
39753 12.990000
39754 14.990000
39755 1.990000
39756 1.390000
39757 1.290000
39758 1.090000
39759 1.090000
39760 1.090000
39761 1.090000
39762 9.990000
39763 69.989998
39764 7.990000
39765 49.990002
39766 0.990000
39767 9.990000
39768 7.990000
39769 19.990000
39770 15.990000
39771 29.990000
39772 23.990000
39773 14.990000
39774 2.000000
39775 1.500000
39776 24.990000
39777 34.990002
39778 42.990002
39779 49.990002
39780 12.990000
39781 19.990000
39782 19.990000
39783 19.990000
39784 0.450000
39785 1.290000
39786 1.290000
39787 1.290000
39788 11.890000
39789 10.490000
39790 1.190000
39791 9.990000
39792 129.949997
39793 149.949997
39794 19.990000
39795 9.990000
39796 19.990000
39797 17.990000
39798 19.990000
39799 19.990000
39800 1.500000
39801 1.490000
39802 1.790000
39803 2.690000
39804 2.690000
39805 3.690000
39806 1.390000
39807 2.990000
39808 3.790000
39809 2.690000
39810 3.390000
39811 1.790000
39812 3.290000
39813 5.490000
39814 1.690000
39815 6.790000
39816 0.990000
39817 1.190000
39818 1.090000
39819 1.590000
39820 1.090000
39821 0.990000
39822 0.990000
39823 1.090000
39824 1.090000
39825 1.090000
39826 1.090000
39827 1.290000
39828 1.090000
39829 1.090000
39830 1.390000
39831 0.390000
39832 0.790000
39833 0.790000
39834 1.090000
39835 1.090000
39836 3.690000
39837 2.390000
39838 3.990000
39839 1.390000
39840 0.590000
39841 1.990000
39842 3.990000
39843 0.890000
39844 1.190000
39845 4.890000
39846 1.590000
39847 5.190000
39848 2.490000
39849 3.150000
39850 74.949997
39851 4.990000
39852 2.500000
39853 18.879999
39854 2.490000
39855 4.490000
39856 59.959999
39857 7.990000
39858 7.990000
39859 6.490000
39860 6.490000
39861 1.690000
39862 3.990000
39863 3.990000
39864 3.190000
39865 3.290000
39866 0.500000
39867 0.500000
39868 3.590000
39869 1.190000
39870 3.990000
39871 0.690000
39872 0.690000
39873 2.490000
39874 3.290000
39875 2.290000
39876 3.290000
39877 2.590000
39878 6.390000
39879 2.590000
39880 2.990000
39881 2.790000
39882 2.490000
39883 3.590000
39884 2.590000
39885 2.290000
39886 7.990000
39887 9.990000
39888 3.000000
39889 1.790000
39890 2.290000
39891 2.290000
39892 3.290000
39893 1.990000
39894 2.990000
39895 1.490000
39896 1.000000
39897 2.690000
39898 1.590000
39899 2.790000
39900 2.290000
39901 2.190000
39902 2.790000
39903 3.890000
39904 2.190000
39905 1.690000
39906 4.890000
39907 5.390000
39908 3.890000
39909 7.990000
39910 4.890000
39911 3.390000
39912 2.990000
39913 2.990000
39914 2.990000
39915 3.390000
39916 4.390000
39917 7.490000
39918 5.490000
39919 3.190000
39920 3.190000
39921 2.790000
39922 3.390000
39923 3.890000
39924 7.590000
39925 0.990000
39926 3.890000
39927 2.290000
39928 2.690000
39929 6.490000
39930 7.290000
39931 9.290000
39932 4.290000
39933 7.290000
39934 5.290000
39935 2.290000
39936 2.990000
39937 3.590000
39938 1.990000
39939 1.000000
39940 2.290000
39941 4.290000
39942 5.990000
39943 4.290000
39944 2.890000
39945 3.190000
39946 2.190000
39947 4.290000
39948 2.590000
39949 2.690000
39950 3.490000
39951 1.000000
39952 5.190000
39953 1.290000
39954 2.190000
39955 4.290000
39956 2.290000
39957 2.290000
39958 2.290000
39959 2.290000
39960 3.190000
39961 1.690000
39962 2.690000
39963 1.990000
39964 1.000000
39965 1.690000
39966 1.890000
39967 1.990000
39968 3.290000
39969 3.290000
39970 3.190000
39971 2.690000
39972 2.990000
39973 1.000000
39974 2.190000
39975 3.590000
39976 2.990000
39977 3.590000
39978 3.590000
39979 3.790000
39980 1.790000
39981 2.190000
39982 5.390000
39983 3.290000
39984 2.890000
39985 3.990000
39986 6.390000
39987 1.890000
39988 4.790000
39989 2.290000
39990 0.990000
39991 2.290000
39992 1.290000
39993 2.690000
39994 1.500000
39995 3.890000
39996 5.390000
39997 1.890000
39998 2.290000
39999 4.790000
40000 4.790000
40001 2.990000
40002 2.990000
40003 2.990000
40004 2.190000
40005 6.990000
40006 3.990000
40007 3.890000
40008 3.990000
40009 4.390000
40010 9.590000
40011 8.490000
40012 2.390000
40013 1.990000
40014 2.690000
40015 2.690000
40016 1.990000
40017 1.990000
40018 1.990000
40019 1.990000
40020 1.990000
40021 1.990000
40022 1.990000
40023 2.990000
40024 2.990000
40025 2.990000
40026 1.500000
40027 2.990000
40028 2.990000
40029 2.990000
40030 2.990000
40031 2.990000
40032 2.990000
40033 2.990000
40034 2.990000
40035 2.990000
40036 2.990000
40037 2.990000
40038 2.290000
40039 2.290000
40040 2.290000
40041 2.290000
40042 2.290000
40043 2.290000
40044 2.290000
40045 3.390000
40046 1.790000
40047 6.490000
40048 6.990000
40049 5.590000
40050 2.290000
40051 2.290000
40052 5.490000
40053 5.490000
40054 5.490000
40055 5.490000
40056 7.490000
40057 6.490000
40058 6.490000
40059 6.490000
40060 4.490000
40061 4.490000
40062 4.490000
40063 3.290000
40064 4.490000
40065 4.990000
40066 4.990000
40067 4.990000
40068 4.990000
40069 4.990000
40070 4.990000
40071 4.990000
40072 4.990000
40073 4.990000
40074 4.990000
40075 4.990000
40076 6.590000
40077 6.590000
40078 9.990000
40079 9.390000
40080 8.690000
40081 3.290000
40082 3.290000
40083 3.290000
40084 3.290000
40085 3.290000
40086 3.290000
40087 4.490000
40088 4.490000
40089 4.490000
40090 4.490000
40091 4.490000
40092 5.490000
40093 5.490000
40094 4.590000
40095 4.590000
40096 5.490000
40097 9.990000
40098 9.990000
40099 4.990000
40100 6.490000
40101 6.490000
40102 7.590000
40103 9.990000
40104 8.490000
40105 2.390000
40106 12.990000
40107 12.990000
40108 12.990000
40109 18.990000
40110 29.990000
40111 1.790000
40112 1.390000
40113 11.990000
40114 5.990000
40115 9.490000
40116 0.590000
40117 2.990000
40118 4.290000
40119 1.790000
40120 1.790000
40121 3.850000
40122 1.690000
40123 1.190000
40124 2.090000
40125 2.990000
40126 0.690000
40127 1.890000
40128 1.690000
40129 3.990000
40130 3.990000
40131 2.990000
40132 1.590000
40133 4.990000
40134 9.990000
40135 4.990000
40136 3.990000
40137 6.990000
40138 2.990000
40139 5.290000
40140 3.590000
40141 1.590000
40142 0.890000
40143 2.740000
40144 2.990000
40145 1.890000
40146 4.990000
40147 4.690000
40148 1.700000
40149 1.990000
40150 0.690000
40151 6.690000
40152 1.690000
40153 0.250000
40154 1.390000
40155 2.490000
40156 1.590000
40157 1.390000
40158 1.290000
40159 1.990000
40160 0.990000
40161 0.990000
40162 0.350000
40163 0.420000
40164 0.370000
40165 0.500000
40166 5.990000
40167 1.890000
40168 2.390000
40169 1.590000
40170 0.010000
40171 2.190000
40172 4.890000
40173 2.490000
40174 1.890000
40175 2.990000
40176 9.990000
40177 12.990000
40178 10.990000
40179 8.990000
40180 4.990000
40181 1.950000
40182 1.890000
40183 2.250000
40184 3.550000
40185 2.990000
40186 0.390000
40187 0.390000
40188 0.390000
40189 2.590000
40190 0.550000
40191 9.990000
40192 9.990000
40193 7.390000
40194 6.580000
40195 6.580000
40196 6.580000
40197 4.580000
40198 4.580000
40199 0.850000
40200 2.390000
40201 2.990000
40202 1.490000
40203 3.490000
40204 2.490000
40205 2.790000
40206 2.490000
40207 2.100000
40208 10.990000
40209 9.990000
40210 1.440000
40211 1.440000
40212 1.440000
40213 1.440000
40214 2.990000
40215 1.500000
40216 2.990000
40217 0.890000
40218 0.990000
40219 0.990000
40220 0.990000
40221 0.990000
40222 26.950001
40223 2.090000
40224 3.990000
40225 2.990000
40226 3.990000
40227 0.690000
40228 8.950000
40229 8.950000
40230 9.950000
40231 7.990000
40232 0.550000
40233 0.750000
40234 0.750000
40235 4.990000
40236 3.500000
40237 4.500000
40238 4.500000
40239 4.500000
40240 4.500000
40241 3.500000
40242 7.950000
40243 7.950000
40244 4.950000
40245 4.950000
40246 4.950000
40247 1.500000
40248 1.500000
40249 1.500000
40250 4.500000
40251 4.950000
40252 5.950000
40253 5.950000
40254 1.950000
40255 2.990000
40256 5.990000
40257 5.990000
40258 1.390000
40259 1.290000
40260 1.290000
40261 0.330000
40262 0.650000
40263 0.330000
40264 0.650000
40265 0.650000
40266 0.650000
40267 0.650000
40268 0.330000
40269 1.290000
40270 1.290000
40271 1.790000
40272 0.900000
40273 1.590000
40274 0.800000
40275 3.190000
40276 2.390000
40277 1.150000
40278 0.990000
40279 0.940000
40280 1.500000
40281 1.500000
40282 2.250000
40283 9.990000
40284 5.000000
40285 7.980000
40286 3.090000
40287 2.990000
40288 2.990000
40289 7.200000
40290 9.980000
40291 8.950000
40292 0.990000
40293 7.990000
40294 1.990000
40295 3.020000
40296 2.090000
40297 4.190000
40298 3.990000
40299 5.490000
40300 3.690000
40301 2.390000
40302 3.990000
40303 1.490000
40304 1.990000
40305 0.990000
40306 2.990000
40307 14.990000
40308 19.990000
40309 14.990000
40310 39.990002
40311 2.690000
40312 2.690000
40313 0.590000
40314 0.950000
40315 2.290000
40316 0.480000
40317 0.340000
40318 3.290000
40319 3.790000
40320 2.990000
40321 6.990000
40322 4.990000
40323 6.390000
40324 14.950000
40325 10.950000
40326 4.490000
40327 12.990000
40328 3.990000
40329 4.990000
40330 5.990000
40331 6.990000
40332 7.990000
40333 9.990000
40334 12.990000
40335 14.990000
40336 17.990000
40337 12.990000
40338 2.990000
40339 1.690000
40340 1.690000
40341 1.690000
40342 1.690000
40343 1.690000
40344 1.690000
40345 1.690000
40346 1.490000
40347 1.490000
40348 8.740000
40349 2.990000
40350 1.430000
40351 1.430000
40352 2.090000
40353 2.490000
40354 2.490000
40355 3.090000
40356 3.090000
40357 3.490000
40358 9.690000
40359 14.990000
40360 19.990000
40361 2.990000
40362 3.990000
40363 8.990000
40364 4.990000
40365 3.490000
40366 3.490000
40367 2.500000
40368 3.440000
40369 8.990000
40370 1.690000
40371 1.450000
40372 2.090000
40373 2.090000
40374 2.990000
40375 3.990000
40376 1.990000
40377 1.990000
40378 1.890000
40379 2.790000
40380 1.990000
40381 1.990000
40382 3.290000
40383 4.390000
40384 3.690000
40385 4.390000
40386 1.990000
40387 3.990000
40388 2.990000
40389 2.990000
40390 2.990000
40391 2.290000
40392 0.230000
40393 1.990000
40394 2.590000
40395 1.990000
40396 1.490000
40397 1.490000
40398 5.390000
40399 1.490000
40400 2.990000
40401 2.090000
40402 14.990000
40403 12.880000
40404 2.190000
40405 3.390000
40406 1.190000
40407 3.500000
40408 6.990000
40409 3.990000
40410 3.990000
40411 3.990000
40412 3.990000
40413 1.290000
40414 4.990000
40415 9.990000
40416 9.990000
40417 10.990000
40418 6.000000
40419 8.990000
40420 8.990000
40421 9.990000
40422 9.990000
40423 6.000000
40424 1.390000
40425 3.090000
40426 5.190000
40427 8.190000
40428 6.190000
40429 5.590000
40430 8.190000
40431 8.190000
40432 5.190000
40433 5.490000
40434 5.490000
40435 5.490000
40436 5.490000
40437 5.990000
40438 8.790000
40439 5.190000
40440 2.500000
40441 2.500000
40442 2.790000
40443 1.950000
40444 1.800000
40445 26.000000
40446 38.500000
40447 16.500000
40448 20.000000
40449 2.990000
40450 3.450000
40451 2.550000
40452 5.450000
40453 4.950000
40454 1.990000
40455 0.990000
40456 2.490000
40457 0.990000
40458 4.990000
40459 1.490000
40460 1.990000
40461 1.690000
40462 2.190000
40463 1.990000
40464 2.190000
40465 2.990000
40466 1.290000
40467 1.590000
40468 2.000000
40469 2.690000
40470 2.790000
40471 2.790000
40472 7.990000
40473 3.990000
40474 15.590000
40475 4.990000
40476 12.390000
40477 17.690001
40478 3.990000
40479 1.790000
40480 8.890000
40481 11.590000
40482 11.990000
40483 5.390000
40484 4.490000
40485 19.990000
40486 6.990000
40487 29.990000
40488 3.990000
40489 13.990000
40490 10.990000
40491 9.990000
40492 3.990000
40493 9.990000
40494 0.420000
40495 1.390000
40496 14.990000
40497 14.990000
40498 14.990000
40499 14.990000
40500 14.990000
40501 14.990000
40502 14.990000
40503 14.990000
40504 14.990000
40505 14.990000
40506 14.990000
40507 14.990000
40508 1.990000
40509 1.990000
40510 7.990000
40511 1.990000
40512 2.990000
40513 2.590000
40514 2.990000
40515 2.990000
40516 5.990000
40517 3.590000
40518 1.790000
40519 2.390000
40520 2.000000
40521 2.000000
40522 2.490000
40523 1.990000
40524 1.290000
40525 0.500000
40526 1.890000
40527 4.990000
40528 3.990000
40529 22.950001
40530 13.950000
40531 14.950000
40532 5.790000
40533 5.850000
40534 8.500000
40535 5.990000
40536 5.990000
40537 1.190000
40538 3.490000
40539 2.990000
40540 19.950001
40541 19.950001
40542 19.950001
40543 3.990000
40544 2.990000
40545 2.990000
40546 6.990000
40547 7.990000
40548 2.190000
40549 4.490000
40550 4.990000
40551 0.990000
40552 1.190000
40553 6.190000
40554 3.290000
40555 2.990000
40556 3.990000
40557 3.990000
40558 3.990000
40559 3.990000
40560 3.990000
40561 2.490000
40562 1.990000
40563 5.490000
40564 1.290000
40565 5.790000
40566 0.550000
40567 12.990000
40568 14.990000
40569 12.990000
40570 18.990000
40571 12.990000
40572 3.990000
40573 6.950000
40574 15.950000
40575 9.950000
40576 9.950000
40577 15.950000
40578 4.950000
40579 4.950000
40580 4.950000
40581 9.950000
40582 12.950000
40583 15.950000
40584 4.190000
40585 2.990000
40586 1.790000
40587 3.790000
40588 3.790000
40589 3.790000
40590 3.790000
40591 3.790000
40592 3.790000
40593 3.790000
40594 3.790000
40595 3.790000
40596 3.790000
40597 3.790000
40598 3.790000
40599 3.790000
40600 3.790000
40601 3.790000
40602 3.790000
40603 3.790000
40604 5.990000
40605 0.500000
40606 0.250000
40607 0.500000
40608 4.950000
40609 9.950000
40610 4.990000
40611 19.950001
40612 2.440000
40613 2.440000
40614 8.990000
40615 5.750000
40616 2.990000
40617 2.990000
40618 1.990000
40619 0.500000
40620 0.500000
40621 0.890000
40622 0.790000
40623 3.290000
40624 6.490000
40625 0.290000
40626 0.490000
40627 0.890000
40628 3.990000
40629 3.490000
40630 23.120001
40631 22.139999
40632 22.990000
40633 7.990000
40634 8.990000
40635 4.990000
40636 9.990000
40637 6.990000
40638 7.990000
40639 13.990000
40640 13.990000
40641 13.990000
40642 0.650000
40643 3.190000
40644 0.990000
40645 2.290000
40646 0.990000
40647 3.290000
40648 3.290000
40649 0.300000
40650 0.300000
40651 13.290000
40652 21.990000
40653 25.990000
40654 0.690000
40655 0.690000
40656 0.990000
40657 0.950000
40658 1.990000
40659 6.990000
40660 0.100000
40661 1.890000
40662 0.500000
40663 1.650000
40664 0.500000
40665 1.650000
40666 15.990000
40667 8.990000
40668 11.990000
40669 3.990000
40670 9.990000
40671 12.990000
40672 16.990000
40673 12.990000
40674 17.990000
40675 9.990000
40676 6.990000
40677 6.990000
40678 13.990000
40679 12.990000
40680 11.990000
40681 4.990000
40682 1.990000
40683 5.990000
40684 4.990000
40685 1.990000
40686 2.590000
40687 2.190000
40688 2.980000
40689 3.980000
40690 3.980000
40691 3.980000
40692 26.950001
40693 26.950001
40694 26.950001
40695 16.770000
40696 19.950001
40697 1.990000
40698 2.990000
40699 10.990000
40700 7.990000
40701 0.590000
40702 9.990000
40703 6.590000
40704 1.690000
40705 4.990000
40706 1.500000
40707 3.390000
40708 1.800000
40709 3.150000
40710 1.680000
40711 3.090000
40712 1.650000
40713 2.890000
40714 1.550000
40715 5.290000
40716 5.690000
40717 1.100000
40718 4.990000
40719 4.990000
40720 2.990000
40721 3.990000
40722 3.990000
40723 0.500000
40724 6.990000
40725 2.290000
40726 4.290000
40727 7.990000
40728 0.990000
40729 0.990000
40730 1.690000
40731 2.990000
40732 2.990000
40733 3.990000
40734 5.990000
40735 5.990000
40736 2.990000
40737 25.990000
40738 26.990000
40739 24.990000
40740 3.990000
40741 8.990000
40742 5.990000
40743 17.990000
40744 7.990000
40745 7.990000
40746 7.490000
40747 3.990000
40748 4.490000
40749 3.390000
40750 1.990000
40751 4.290000
40752 4.290000
40753 4.290000
40754 2.740000
40755 1.990000
40756 1.990000
40757 3.490000
40758 14.990000
40759 2.290000
40760 24.950001
40761 5.990000
40762 12.500000
40763 3.990000
40764 0.990000
40765 4.290000
40766 4.290000
40767 3.590000
40768 3.590000
40769 2.590000
40770 3.590000
40771 4.290000
40772 3.590000
40773 4.290000
40774 4.290000
40775 3.190000
40776 2.190000
40777 3.990000
40778 2.290000
40779 1.490000
40780 3.290000
40781 6.990000
40782 0.990000
40783 15.590000
40784 1.490000
40785 1.490000
40786 6.090000
40787 2.590000
40788 16.990000
40789 2.990000
40790 9.990000
40791 2.990000
40792 2.490000
40793 12.990000
40794 3.990000
40795 9.990000
40796 16.990000
40797 12.990000
40798 11.990000
40799 9.990000
40800 5.990000
40801 9.990000
40802 11.990000
40803 9.990000
40804 11.990000
40805 8.990000
40806 9.990000
40807 4.990000
40808 8.990000
40809 9.990000
40810 9.990000
40811 15.990000
40812 15.990000
40813 8.990000
40814 9.990000
40815 4.990000
40816 9.990000
40817 11.990000
40818 24.990000
40819 4.990000
40820 7.990000
40821 4.990000
40822 9.990000
40823 1.990000
40824 12.990000
40825 7.990000
40826 31.990000
40827 3.990000
40828 4.990000
40829 9.990000
40830 1.990000
40831 7.990000
40832 3.990000
40833 1.990000
40834 3.990000
40835 16.990000
40836 3.990000
40837 5.990000
40838 9.990000
40839 15.990000
40840 19.990000
40841 19.990000
40842 4.990000
40843 7.990000
40844 20.990000
40845 33.990002
40846 4.990000
40847 34.990002
40848 34.990002
40849 31.990000
40850 4.990000
40851 4.990000
40852 29.990000
40853 11.990000
40854 10.990000
40855 4.990000
40856 9.990000
40857 29.990000
40858 3.990000
40859 9.990000
40860 9.990000
40861 4.990000
40862 6.990000
40863 5.990000
40864 9.990000
40865 5.990000
40866 19.990000
40867 19.990000
40868 4.990000
40869 4.990000
40870 15.990000
40871 3.990000
40872 4.990000
40873 5.990000
40874 5.990000
40875 16.990000
40876 4.990000
40877 9.990000
40878 11.990000
40879 19.990000
40880 32.990002
40881 4.990000
40882 8.990000
40883 8.990000
40884 6.990000
40885 9.990000
40886 7.990000
40887 21.990000
40888 24.990000
40889 29.990000
40890 25.990000
40891 39.990002
40892 25.990000
40893 17.990000
40894 11.990000
40895 7.990000
40896 3.990000
40897 24.990000
40898 1.000000
40899 1.290000
40900 2.290000
40901 2.990000
40902 3.290000
40903 4.990000
40904 5.990000
40905 6.990000
40906 19.990000
40907 0.500000
40908 0.500000
40909 0.500000
40910 0.990000
40911 2.990000
40912 3.190000
40913 7.990000
40914 1.790000
40915 6.990000
40916 1.790000
40917 0.870000
40918 1.190000
40919 0.750000
40920 9.990000
40921 3.590000
40922 3.190000
40923 3.190000
40924 2.990000
40925 5.000000
40926 19.990000
40927 15.990000
40928 2.690000
40929 1.790000
40930 5.990000
40931 1.690000
40932 149.990005
40933 4.990000
40934 3.990000
40935 1.590000
40936 5.950000
40937 6.950000
40938 3.290000
40939 2.990000
40940 2.290000
40941 4.950000
40942 4.990000
40943 1.690000
40944 2.990000
40945 3.090000
40946 3.090000
40947 3.290000
40948 3.490000
40949 6.990000
40950 7.990000
40951 7.990000
40952 2.990000
40953 4.990000
40954 22.990000
40955 12.990000
40956 13.490000
40957 0.700000
40958 1.290000
40959 1.490000
40960 0.900000
40961 2.990000
40962 1.490000
40963 3.390000
40964 0.690000
40965 2.990000
40966 1.790000
40967 1.490000
40968 0.550000
40969 2.750000
40970 5.900000
40971 6.500000
40972 7.990000
40973 2.090000
40974 1.450000
40975 2.890000
40976 2.090000
40977 2.150000
40978 0.900000
40979 18.790001
40980 4.990000
40981 5.990000
40982 2.450000
40983 2.450000
40984 1.690000
40985 2.490000
40986 2.190000
40987 7.990000
40988 8.490000
40989 5.000000
40990 1.000000
40991 6.290000
40992 6.290000
40993 2.990000
40994 14.990000
40995 23.990000
40996 7.990000
40997 12.990000
40998 16.990000
40999 29.990000
41000 19.990000
41001 7.990000
41002 12.990000
41003 14.990000
41004 7.990000
41005 14.990000
41006 7.990000
41007 7.990000
41008 7.990000
41009 9.990000
41010 2.500000
41011 4.990000
41012 6.990000
41013 4.990000
41014 1.690000
41015 4.490000
41016 2.350000
41017 29.490000
41018 3.490000
41019 1.190000
41020 2.190000
41021 0.990000
41022 1.590000
41023 0.990000
41024 0.990000
41025 0.990000
41026 0.990000
41027 0.990000
41028 1.990000
41029 2.490000
41030 5.990000
41031 5.990000
41032 4.990000
41033 7.990000
41034 4.990000
41035 6.990000
41036 12.990000
41037 9.990000
41038 12.990000
41039 7.990000
41040 7.990000
41041 7.990000
41042 3.990000
41043 3.990000
41044 5.990000
41045 9.990000
41046 9.990000
41047 9.990000
41048 3.990000
41049 8.990000
41050 3.990000
41051 3.990000
41052 3.990000
41053 6.990000
41054 5.990000
41055 14.990000
41056 8.990000
41057 8.990000
41058 8.990000
41059 9.990000
41060 7.990000
41061 3.990000
41062 2.990000
41063 8.990000
41064 9.990000
41065 9.990000
41066 9.990000
41067 8.990000
41068 9.990000
41069 12.990000
41070 5.990000
41071 1.990000
41072 2.690000
41073 2.790000
41074 2.790000
41075 2.790000
41076 2.990000
41077 1.990000
41078 0.250000
41079 0.250000
41080 0.250000
41081 0.250000
41082 0.250000
41083 0.250000
41084 1.990000
41085 1.990000
41086 1.990000
41087 1.990000
41088 1.990000
41089 1.990000
41090 1.390000
41091 1.890000
41092 2.290000
41093 1.990000
41094 7.990000
41095 3.990000
41096 8.990000
41097 5.990000
41098 4.990000
41099 4.990000
41100 4.990000
41101 6.990000
41102 2.990000
41103 5.990000
41104 17.990000
41105 9.990000
41106 5.990000
41107 7.990000
41108 7.990000
41109 7.990000
41110 14.990000
41111 21.990000
41112 3.990000
41113 1.990000
41114 3.190000
41115 1.390000
41116 9.990000
41117 3.990000
41118 1.990000
41119 0.500000
41120 0.240000
41121 14.990000
41122 2.890000
41123 2.990000
41124 2.990000
41125 7.490000
41126 9.990000
41127 16.290001
41128 10.990000
41129 4.990000
41130 14.990000
41131 2.090000
41132 2.090000
41133 3.990000
41134 0.690000
41135 1.190000
41136 14.990000
41137 6.500000
41138 9.990000
41139 3.990000
41140 12.880000
41141 3.990000
41142 2.890000
41143 1.490000
41144 4.990000
41145 1.990000
41146 1.990000
41147 2.990000
41148 2.990000
41149 2.990000
41150 1.990000
41151 1.990000
41152 2.990000
41153 2.990000
41154 1.990000
41155 1.990000
41156 3.090000
41157 0.600000
41158 0.650000
41159 1.190000
41160 2.490000
41161 4.390000
41162 4.690000
41163 2.190000
41164 2.090000
41165 1.290000
41166 1.890000
41167 2.190000
41168 3.190000
41169 3.590000
41170 8.990000
41171 4.290000
41172 10.190000
41173 4.390000
41174 4.890000
41175 2.090000
41176 2.990000
41177 1.990000
41178 4.490000
41179 1.690000
41180 5.390000
41181 2.990000
41182 2.290000
41183 1.390000
41184 2.990000
41185 2.990000
41186 3.990000
41187 2.090000
41188 1.190000
41189 0.270000
41190 1.990000
41191 0.990000
41192 2.990000
41193 13.790000
41194 4.990000
41195 2.290000
41196 1.990000
41197 1.590000
41198 1.890000
41199 1.990000
41200 1.990000
41201 0.990000
41202 1.990000
41203 2.490000
41204 3.090000
41205 2.490000
41206 4.490000
41207 1.990000
41208 5.190000
41209 1.990000
41210 3.190000
41211 1.790000
41212 1.490000
41213 1.390000
41214 2.490000
41215 2.590000
41216 1.490000
41217 1.290000
41218 2.490000
41219 3.990000
41220 1.890000
41221 0.370000
41222 3.490000
41223 3.990000
41224 3.090000
41225 1.390000
41226 6.490000
41227 6.190000
41228 2.990000
41229 4.790000
41230 5.490000
41231 6.990000
41232 6.990000
41233 6.990000
41234 6.990000
41235 6.990000
41236 6.990000
41237 6.990000
41238 6.990000
41239 5.590000
41240 5.190000
41241 7.500000
41242 4.000000
41243 4.000000
41244 4.000000
41245 6.290000
41246 6.290000
41247 6.000000
41248 6.000000
41249 2.000000
41250 2.000000
41251 1.650000
41252 2.620000
41253 2.880000
41254 3.880000
41255 1.990000
41256 1.990000
41257 3.240000
41258 3.240000
41259 3.990000
41260 3.990000
41261 3.990000
41262 3.990000
41263 3.990000
41264 3.990000
41265 3.990000
41266 3.990000
41267 3.990000
41268 3.990000
41269 6.290000
41270 6.290000
41271 6.290000
41272 5.790000
41273 5.790000
41274 5.790000
41275 5.790000
41276 5.790000
41277 5.790000
41278 5.790000
41279 3.690000
41280 5.490000
41281 2.690000
41282 6.990000
41283 6.990000
41284 6.990000
41285 6.990000
41286 4.590000
41287 1.030000
41288 1.430000
41289 1.190000
41290 1.350000
41291 1.270000
41292 1.430000
41293 1.270000
41294 1.430000
41295 2.070000
41296 2.390000
41297 2.390000
41298 1.270000
41299 1.350000
41300 1.270000
41301 1.430000
41302 1.190000
41303 9.990000
41304 9.990000
41305 9.990000
41306 1.350000
41307 1.190000
41308 1.430000
41309 9.990000
41310 9.990000
41311 2.500000
41312 2.500000
41313 2.500000
41314 2.500000
41315 2.500000
41316 2.500000
41317 2.500000
41318 2.500000
41319 2.500000
41320 2.500000
41321 2.500000
41322 2.500000
41323 9.990000
41324 9.990000
41325 9.990000
41326 9.990000
41327 1.490000
41328 1.490000
41329 1.990000
41330 1.790000
41331 9.990000
41332 6.990000
41333 3.090000
41334 15.490000
41335 3.790000
41336 9.990000
41337 6.490000
41338 6.990000
41339 3.690000
41340 1.950000
41341 5.490000
41342 15.490000
41343 5.490000
41344 1.790000
41345 1.990000
41346 9.990000
41347 0.500000
41348 1.990000
41349 4.990000
41350 19.990000
41351 1.190000
41352 8.990000
41353 4.990000
41354 9.990000
41355 3.290000
41356 0.990000
41357 32.990002
41358 3.490000
41359 3.990000
41360 1.190000
41361 1.890000
41362 1.490000
41363 1.690000
41364 1.490000
41365 4.990000
41366 2.990000
41367 3.990000
41368 3.890000
41369 6.390000
41370 4.990000
41371 3.990000
41372 10.990000
41373 16.990000
41374 9.990000
41375 9.990000
41376 7.290000
41377 2.490000
41378 2.490000
41379 9.990000
41380 9.990000
41381 9.990000
41382 8.590000
41383 6.390000
41384 7.690000
41385 9.990000
41386 9.990000
41387 5.390000
41388 10.990000
41389 11.990000
41390 11.990000
41391 14.990000
41392 4.990000
41393 7.090000
41394 2.690000
41395 2.690000
41396 2.990000
41397 3.990000
41398 1.290000
41399 10.990000
41400 5.390000
41401 3.990000
41402 7.290000
41403 9.990000
41404 8.290000
41405 5.290000
41406 3.390000
41407 6.590000
41408 10.990000
41409 13.890000
41410 17.990000
41411 1.990000
41412 6.390000
41413 9.690000
41414 1.590000
41415 6.990000
41416 3.990000
41417 1.490000
41418 4.990000
41419 9.950000
41420 15.990000
41421 12.950000
41422 9.950000
41423 9.950000
41424 9.950000
41425 12.950000
41426 12.950000
41427 9.950000
41428 9.950000
41429 9.950000
41430 15.990000
41431 6.990000
41432 0.890000
41433 0.990000
41434 1.990000
41435 2.890000
41436 2.790000
41437 2.950000
41438 2.790000
41439 3.390000
41440 0.490000
41441 2.990000
41442 0.320000
41443 11.590000
41444 11.990000
41445 1.990000
41446 3.790000
41447 1.890000
41448 1.790000
41449 1.890000
41450 1.990000
41451 4.590000
41452 2.290000
41453 2.590000
41454 2.990000
41455 3.590000
41456 2.290000
41457 1.890000
41458 2.890000
41459 2.890000
41460 3.690000
41461 2.190000
41462 1.590000
41463 2.890000
41464 2.190000
41465 2.790000
41466 1.690000
41467 1.190000
41468 2.290000
41469 1.690000
41470 3.590000
41471 2.190000
41472 3.490000
41473 1.990000
41474 2.990000
41475 3.690000
41476 1.890000
41477 1.890000
41478 1.990000
41479 1.990000
41480 2.490000
41481 1.890000
41482 2.590000
41483 2.290000
41484 2.290000
41485 1.790000
41486 3.790000
41487 1.790000
41488 1.990000
41489 1.990000
41490 2.590000
41491 2.790000
41492 2.590000
41493 2.390000
41494 2.790000
41495 2.290000
41496 2.990000
41497 2.990000
41498 3.990000
41499 3.590000
41500 1.790000
41501 2.690000
41502 2.390000
41503 2.490000
41504 3.590000
41505 3.590000
41506 3.590000
41507 1.890000
41508 1.690000
41509 1.990000
41510 1.990000
41511 2.490000
41512 1.290000
41513 0.990000
41514 1.190000
41515 3.090000
41516 1.590000
41517 2.190000
41518 4.950000
41519 7.990000
41520 12.990000
41521 19.990000
41522 6.990000
41523 9.990000
41524 1.590000
41525 2.890000
41526 5.990000
41527 8.990000
41528 4.990000
41529 4.990000
41530 4.990000
41531 6.990000
41532 7.990000
41533 11.990000
41534 4.990000
41535 35.990002
41536 11.990000
41537 5.990000
41538 8.990000
41539 11.990000
41540 9.990000
41541 3.990000
41542 4.950000
41543 4.950000
41544 2.990000
41545 3.250000
41546 3.950000
41547 4.950000
41548 5.950000
41549 9.950000
41550 12.950000
41551 9.950000
41552 10.950000
41553 8.950000
41554 13.950000
41555 13.950000
41556 9.950000
41557 12.950000
41558 8.990000
41559 1.990000
41560 0.250000
41561 1.690000
41562 2.490000
41563 1.790000
41564 3.390000
41565 1.990000
41566 0.650000
41567 1.250000
41568 2.990000
41569 1.750000
41570 3.690000
41571 2.990000
41572 3.950000
41573 4.950000
41574 4.990000
41575 5.950000
41576 6.950000
41577 2.890000
41578 1.690000
41579 159.990005
41580 3.490000
41581 3.490000
41582 3.950000
41583 3.950000
41584 2.540000
41585 4.490000
41586 17.990000
41587 0.950000
41588 1.890000
41589 1.990000
41590 1.390000
41591 0.690000
41592 1.990000
41593 19.990000
41594 9.990000
41595 8.990000
41596 7.990000
41597 8.990000
41598 5.990000
41599 6.990000
41600 1.990000
41601 2.990000
41602 0.890000
41603 3.490000
41604 1.890000
41605 2.590000
41606 9.990000
41607 15.990000
41608 3.290000
41609 1.990000
41610 1.490000
41611 1.490000
41612 2.990000
41613 5.990000
41614 1.290000
41615 7.490000
41616 6.990000
41617 11.990000
41618 2.490000
41619 2.490000
41620 2.490000
41621 4.990000
41622 3.990000
41623 3.990000
41624 3.990000
41625 4.990000
41626 4.990000
41627 5.990000
41628 0.750000
41629 5.490000
41630 3.990000
41631 7.990000
41632 4.000000
41633 20.990000
41634 5.290000
41635 6.990000
41636 5.990000
41637 12.990000
41638 3.990000
41639 5.490000
41640 9.990000
41641 4.990000
41642 1.990000
41643 4.990000
41644 4.990000
41645 5.990000
41646 5.990000
41647 9.990000
41648 4.990000
41649 9.990000
41650 6.990000
41651 19.990000
41652 13.990000
41653 8.990000
41654 6.990000
41655 8.990000
41656 3.990000
41657 7.990000
41658 2.990000
41659 7.990000
41660 14.990000
41661 4.990000
41662 9.990000
41663 9.990000
41664 4.990000
41665 4.990000
41666 7.990000
41667 12.990000
41668 3.490000
41669 1.790000
41670 3.790000
41671 1.650000
41672 14.990000
41673 1.390000
41674 3.390000
41675 8.990000
41676 7.990000
41677 1.890000
41678 1.390000
41679 3.990000
41680 2.990000
41681 3.190000
41682 2.250000
41683 3.790000
41684 1.500000
41685 6.990000
41686 3.500000
41687 2.990000
41688 6.990000
41689 1.690000
41690 1.690000
41691 0.800000
41692 2.190000
41693 2.290000
41694 1.990000
41695 1.990000
41696 4.990000
41697 2.390000
41698 16.990000
41699 1.590000
41700 0.950000
41701 3.600000
41702 14.390000
41703 2.490000
41704 2.490000
41705 3.990000
41706 2.790000
41707 2.790000
41708 3.990000
41709 2.790000
41710 2.990000
41711 3.490000
41712 3.990000
41713 4.500000
41714 2.890000
41715 2.390000
41716 3.190000
41717 5.990000
41718 5.990000
41719 5.990000
41720 5.990000
41721 2.190000
41722 2.290000
41723 3.290000
41724 1.000000
41725 1.190000
41726 1.950000
41727 0.990000
41728 0.950000
41729 2.590000
41730 2.290000
41731 2.690000
41732 3.890000
41733 0.990000
41734 1.090000
41735 9.990000
41736 4.490000
41737 0.990000
41738 0.990000
41739 0.990000
41740 1.190000
41741 1.190000
41742 7.990000
41743 2.690000
41744 1.190000
41745 16.990000
41746 5.990000
41747 2.990000
41748 1.190000
41749 2.990000
41750 1.990000
41751 1.990000
41752 2.990000
41753 2.990000
41754 1.990000
41755 4.990000
41756 4.990000
41757 4.990000
41758 2.990000
41759 6.990000
41760 6.990000
41761 6.990000
41762 3.290000
41763 0.630000
41764 1.990000
41765 1.790000
41766 1.990000
41767 1.990000
41768 10.990000
41769 1.950000
41770 1.950000
41771 1.990000
41772 3.950000
41773 3.950000
41774 2.690000
41775 1.890000
41776 3.500000
41777 3.950000
41778 1.290000
41779 4.990000
41780 1.090000
41781 1.500000
41782 0.310000
41783 2.990000
41784 2.990000
41785 2.990000
41786 1.390000
41787 3.990000
41788 3.990000
41789 3.990000
41790 3.990000
41791 1.990000
41792 12.990000
41793 3.990000
41794 2.950000
41795 2.500000
41796 1.990000
41797 2.490000
41798 3.990000
41799 2.290000
41800 2.490000
41801 2.490000
41802 3.790000
41803 3.790000
41804 3.990000
41805 3.990000
41806 2.390000
41807 2.290000
41808 3.590000
41809 1.890000
41810 1.890000
41811 5.490000
41812 2.740000
41813 0.590000
41814 2.390000
41815 2.000000
41816 3.990000
41817 2.390000
41818 2.590000
41819 1.490000
41820 0.990000
41821 3.490000
41822 3.490000
41823 3.490000
41824 3.490000
41825 1.290000
41826 11.950000
41827 2.950000
41828 2.950000
41829 2.950000
41830 2.950000
41831 6.790000
41832 1.990000
41833 2.490000
41834 4.990000
41835 5.990000
41836 5.490000
41837 3.490000
41838 1.190000
41839 1.490000
41840 0.990000
41841 1.390000
41842 3.590000
41843 5.000000
41844 5.000000
41845 1.990000
41846 6.990000
41847 1.690000
41848 3.690000
41849 7.990000
41850 1.590000
41851 2.590000
41852 2.390000
41853 1.790000
41854 2.790000
41855 4.990000
41856 3.590000
41857 1.790000
41858 2.590000
41859 0.790000
41860 0.890000
41861 1.690000
41862 1.590000
41863 1.290000
41864 3.490000
41865 1.690000
41866 2.790000
41867 3.990000
41868 4.990000
41869 1.790000
41870 1.790000
41871 1.790000
41872 2.590000
41873 2.190000
41874 5.290000
41875 2.790000
41876 2.990000
41877 6.290000
41878 3.990000
41879 5.990000
41880 5.990000
41881 3.690000
41882 5.990000
41883 11.790000
41884 4.990000
41885 5.990000
41886 7.290000
41887 6.290000
41888 2.390000
41889 2.490000
41890 2.190000
41891 0.990000
41892 3.490000
41893 1.500000
41894 1.590000
41895 2.090000
41896 1.690000
41897 4.890000
41898 2.790000
41899 4.590000
41900 2.090000
41901 2.790000
41902 1.500000
41903 2.090000
41904 1.590000
41905 1.590000
41906 1.590000
41907 5.990000
41908 3.690000
41909 3.090000
41910 2.590000
41911 3.990000
41912 4.690000
41913 2.790000
41914 4.690000
41915 3.990000
41916 4.290000
41917 2.990000
41918 1.990000
41919 2.790000
41920 1.590000
41921 1.490000
41922 1.390000
41923 1.000000
41924 1.590000
41925 1.490000
41926 1.990000
41927 1.990000
41928 4.790000
41929 1.000000
41930 1.590000
41931 1.190000
41932 1.490000
41933 1.790000
41934 2.090000
41935 1.890000
41936 2.190000
41937 1.890000
41938 1.990000
41939 2.190000
41940 1.790000
41941 1.790000
41942 1.890000
41943 2.090000
41944 1.990000
41945 1.390000
41946 1.390000
41947 1.890000
41948 1.890000
41949 1.990000
41950 1.290000
41951 2.190000
41952 2.590000
41953 2.590000
41954 2.590000
41955 2.590000
41956 0.990000
41957 0.690000
41958 1.590000
41959 4.090000
41960 4.090000
41961 4.090000
41962 2.490000
41963 3.790000
41964 3.990000
41965 2.190000
41966 2.990000
41967 1.990000
41968 1.990000
41969 1.790000
41970 1.690000
41971 2.390000
41972 1.990000
41973 1.690000
41974 1.690000
41975 1.690000
41976 1.690000
41977 1.890000
41978 1.890000
41979 1.890000
41980 2.590000
41981 0.990000
41982 0.990000
41983 0.990000
41984 3.590000
41985 2.990000
41986 2.190000
41987 5.990000
41988 2.990000
41989 6.990000
41990 9.990000
41991 1.690000
41992 1.990000
41993 1.990000
41994 1.990000
41995 1.990000
41996 0.990000
41997 2.990000
41998 2.690000
41999 3.000000
42000 1.290000
42001 1.090000
42002 2.490000
42003 0.990000
42004 3.290000
42005 2.590000
42006 2.590000
42007 2.590000
42008 3.990000
42009 3.990000
42010 3.990000
42011 1.990000
42012 1.990000
42013 1.990000
42014 2.490000
42015 3.990000
42016 1.190000
42017 1.490000
42018 9.490000
42019 2.450000
42020 9.990000
42021 1.500000
42022 2.090000
42023 1.990000
42024 2.500000
42025 7.990000
42026 4.990000
42027 4.990000
42028 5.990000
42029 3.990000
42030 2.500000
42031 1.890000
42032 0.100000
42033 3.990000
42034 2.990000
42035 3.950000
42036 3.990000
42037 3.950000
42038 4.390000
42039 4.390000
42040 3.490000
42041 3.490000
42042 3.490000
42043 3.390000
42044 3.390000
42045 1.890000
42046 1.090000
42047 8.590000
42048 6.990000
42049 7.500000
42050 7.990000
42051 2.990000
42052 2.990000
42053 3.790000
42054 4.990000
42055 6.990000
42056 9.990000
42057 3.690000
42058 3.690000
42059 0.990000
42060 2.690000
42061 3.190000
42062 3.190000
42063 8.990000
42064 8.990000
42065 7.390000
42066 7.390000
42067 7.390000
42068 7.390000
42069 9.790000
42070 7.490000
42071 3.290000
42072 8.990000
42073 5.790000
42074 1.650000
42075 7.950000
42076 3.950000
42077 4.500000
42078 4.950000
42079 2.500000
42080 4.990000
42081 4.950000
42082 5.990000
42083 4.590000
42084 2.790000
42085 2.590000
42086 2.990000
42087 0.890000
42088 0.890000
42089 2.890000
42090 3.990000
42091 1.990000
42092 1.290000
42093 2.890000
42094 2.790000
42095 1.890000
42096 1.990000
42097 1.790000
42098 1.990000
42099 1.890000
42100 1.990000
42101 1.890000
42102 1.890000
42103 1.790000
42104 3.990000
42105 1.690000
42106 1.590000
42107 1.490000
42108 1.990000
42109 2.490000
42110 2.290000
42111 1.490000
42112 1.890000
42113 1.990000
42114 1.990000
42115 1.990000
42116 1.990000
42117 1.990000
42118 1.490000
42119 1.990000
42120 1.990000
42121 1.990000
42122 1.990000
42123 1.990000
42124 1.990000
42125 0.990000
42126 2.500000
42127 2.500000
42128 0.990000
42129 0.990000
42130 4.990000
42131 5.990000
42132 2.490000
42133 2.890000
42134 3.990000
42135 0.990000
42136 2.390000
42137 2.000000
42138 1.690000
42139 1.990000
42140 3.990000
42141 2.490000
42142 1.190000
42143 1.190000
42144 0.500000
42145 0.500000
42146 1.990000
42147 1.300000
42148 2.990000
42149 2.990000
42150 1.590000
42151 1.590000
42152 1.590000
42153 1.990000
42154 2.590000
42155 5.990000
42156 4.990000
42157 6.990000
42158 3.990000
42159 5.990000
42160 2.990000
42161 3.490000
42162 7.990000
42163 2.190000
42164 2.490000
42165 1.990000
42166 13.090000
42167 17.990000
42168 23.990000
42169 3.290000
42170 6.890000
42171 3.990000
42172 4.690000
42173 3.490000
42174 3.990000
42175 4.990000
42176 3.490000
42177 1.890000
42178 2.690000
42179 3.490000
42180 7.890000
42181 1.250000
42182 1.490000
42183 16.990000
42184 4.990000
42185 4.990000
42186 9.990000
42187 4.990000
42188 4.990000
42189 3.500000
42190 3.500000
42191 3.500000
42192 2.990000
42193 1.690000
42194 3.290000
42195 5.290000
42196 5.290000
42197 1.500000
42198 2.990000
42199 1.700000
42200 1.590000
42201 3.690000
42202 3.690000
42203 3.690000
42204 3.000000
42205 3.690000
42206 3.790000
42207 4.590000
42208 4.590000
42209 4.590000
42210 6.590000
42211 6.590000
42212 4.990000
42213 5.990000
42214 3.990000
42215 2.390000
42216 2.490000
42217 2.390000
42218 2.490000
42219 5.990000
42220 7.500000
42221 2.990000
42222 4.990000
42223 1.390000
42224 2.490000
42225 3.990000
42226 2.990000
42227 3.990000
42228 1.990000
42229 2.990000
42230 2.990000
42231 2.490000
42232 2.490000
42233 2.490000
42234 1.190000
42235 2.190000
42236 5.490000
42237 3.190000
42238 12.990000
42239 0.900000
42240 2.990000
42241 10.730000
42242 2.990000
42243 1.990000
42244 2.990000
42245 2.790000
42246 3.990000
42247 3.990000
42248 3.990000
42249 2.990000
42250 2.990000
42251 2.990000
42252 2.990000
42253 1.490000
42254 1.490000
42255 1.490000
42256 1.490000
42257 1.490000
42258 1.290000
42259 3.490000
42260 2.990000
42261 3.690000
42262 4.490000
42263 3.490000
42264 1.990000
42265 1.990000
42266 1.790000
42267 2.390000
42268 2.290000
42269 2.290000
42270 2.390000
42271 2.690000
42272 2.790000
42273 2.490000
42274 5.390000
42275 3.190000
42276 4.990000
42277 4.990000
42278 2.990000
42279 2.390000
42280 1.990000
42281 1.190000
42282 1.330000
42283 1.500000
42284 0.250000
42285 1.330000
42286 1.330000
42287 1.330000
42288 1.330000
42289 0.990000
42290 1.390000
42291 10.990000
42292 2.190000
42293 1.690000
42294 1.690000
42295 1.690000
42296 1.690000
42297 3.490000
42298 2.290000
42299 2.990000
42300 3.990000
42301 1.990000
42302 6.990000
42303 22.990000
42304 13.990000
42305 1.990000
42306 3.490000
42307 2.990000
42308 2.650000
42309 3.990000
42310 0.990000
42311 6.990000
42312 2.790000
42313 3.490000
42314 8.490000
42315 4.990000
42316 4.990000
42317 4.990000
42318 2.890000
42319 2.000000
42320 2.290000
42321 1.990000
42322 4.990000
42323 1.990000
42324 10.990000
42325 10.990000
42326 5.990000
42327 11.990000
42328 9.990000
42329 9.990000
42330 9.990000
42331 7.990000
42332 15.490000
42333 4.990000
42334 4.990000
42335 4.990000
42336 15.490000
42337 9.990000
42338 2.450000
42339 4.990000
42340 2.250000
42341 4.990000
42342 3.950000
42343 2.250000
42344 4.990000
42345 4.000000
42346 5.950000
42347 3.500000
42348 3.500000
42349 3.950000
42350 3.950000
42351 4.950000
42352 2.950000
42353 2.290000
42354 5.990000
42355 5.990000
42356 1.490000
42357 5.950000
42358 8.950000
42359 6.950000
42360 6.950000
42361 6.990000
42362 6.990000
42363 6.990000
42364 6.990000
42365 3.990000
42366 5.990000
42367 2.990000
42368 5.990000
42369 2.190000
42370 1.990000
42371 1.990000
42372 1.390000
42373 1.390000
42374 0.990000
42375 0.990000
42376 0.990000
42377 7.990000
42378 7.990000
42379 5.790000
42380 5.790000
42381 3.990000
42382 3.990000
42383 5.690000
42384 5.190000
42385 3.990000
42386 2.490000
42387 8.990000
42388 2.290000
42389 1.990000
42390 1.140000
42391 1.990000
42392 6.990000
42393 3.490000
42394 0.990000
42395 3.490000
42396 0.990000
42397 3.490000
42398 0.990000
42399 3.490000
42400 3.490000
42401 0.990000
42402 3.490000
42403 3.490000
42404 0.990000
42405 11.690000
42406 11.690000
42407 11.690000
42408 11.690000
42409 1.690000
42410 1.590000
42411 1.390000
42412 0.790000
42413 2.390000
42414 0.790000
42415 0.590000
42416 1.290000
42417 1.950000
42418 3.950000
42419 3.950000
42420 9.690000
42421 1.690000
42422 2.590000
42423 7.890000
42424 3.690000
42425 7.290000
42426 1.290000
42427 7.990000
42428 6.990000
42429 2.790000
42430 3.190000
42431 3.390000
42432 1.290000
42433 18.990000
42434 1.990000
42435 1.590000
42436 1.990000
42437 1.790000
42438 1.690000
42439 1.690000
42440 2.590000
42441 1.990000
42442 1.990000
42443 2.990000
42444 2.690000
42445 1.990000
42446 6.490000
42447 1.290000
42448 2.990000
42449 1.690000
42450 1.990000
42451 1.490000
42452 0.890000
42453 1.290000
42454 1.290000
42455 0.890000
42456 1.590000
42457 1.790000
42458 2.090000
42459 1.590000
42460 1.790000
42461 1.390000
42462 0.890000
42463 1.390000
42464 1.790000
42465 0.890000
42466 3.890000
42467 1.190000
42468 6.390000
42469 1.390000
42470 1.190000
42471 1.190000
42472 1.190000
42473 1.890000
42474 1.690000
42475 1.690000
42476 0.990000
42477 1.190000
42478 3.290000
42479 2.990000
42480 3.990000
42481 4.590000
42482 2.790000
42483 1.890000
42484 1.990000
42485 1.590000
42486 2.890000
42487 2.990000
42488 3.990000
42489 2.990000
42490 2.990000
42491 2.990000
42492 1.290000
42493 1.290000
42494 1.490000
42495 2.590000
42496 1.590000
42497 2.190000
42498 1.390000
42499 1.790000
42500 0.890000
42501 1.090000
42502 0.890000
42503 1.890000
42504 5.390000
42505 1.990000
42506 1.490000
42507 0.890000
42508 0.890000
42509 0.890000
42510 0.890000
42511 0.690000
42512 0.490000
42513 0.890000
42514 0.890000
42515 0.890000
42516 0.890000
42517 0.890000
42518 1.690000
42519 1.690000
42520 1.690000
42521 1.690000
42522 2.190000
42523 2.190000
42524 1.790000
42525 1.790000
42526 1.790000
42527 1.390000
42528 0.990000
42529 1.690000
42530 1.690000
42531 3.390000
42532 2.590000
42533 1.990000
42534 1.990000
42535 3.690000
42536 0.500000
42537 4.290000
42538 1.990000
42539 1.990000
42540 1.990000
42541 1.990000
42542 0.990000
42543 3.990000
42544 5.990000
42545 0.990000
42546 2.300000
42547 1.390000
42548 2.390000
42549 1.590000
42550 4.990000
42551 1.990000
42552 2.490000
42553 1.890000
42554 1.890000
42555 1.490000
42556 1.690000
42557 1.890000
42558 3.990000
42559 2.490000
42560 2.990000
42561 2.490000
42562 1.990000
42563 1.990000
42564 1.690000
42565 0.990000
42566 1.190000
42567 1.190000
42568 1.190000
42569 1.290000
42570 2.990000
42571 2.990000
42572 2.990000
42573 1.890000
42574 1.190000
42575 1.190000
42576 1.650000
42577 1.990000
42578 19.990000
42579 2.490000
42580 19.990000
42581 12.990000
42582 24.990000
42583 1.090000
42584 1.990000
42585 1.590000
42586 1.590000
42587 1.590000
42588 1.690000
42589 1.890000
42590 1.990000
42591 2.990000
42592 3.990000
42593 4.990000
42594 5.990000
42595 6.990000
42596 7.990000
42597 8.990000
42598 9.990000
42599 10.990000
42600 11.990000
42601 12.990000
42602 13.990000
42603 14.990000
42604 2.990000
42605 1.120000
42606 2.690000
42607 0.740000
42608 0.970000
42609 0.970000
42610 0.740000
42611 3.290000
42612 1.490000
42613 1.120000
42614 2.990000
42615 0.740000
42616 2.240000
42617 1.120000
42618 0.890000
42619 8.990000
42620 1.490000
42621 2.990000
42622 8.990000
42623 5.490000
42624 2.890000
42625 1.490000
42626 2.490000
42627 2.290000
42628 26.950001
42629 3.990000
42630 7.490000
42631 9.490000
42632 3.490000
42633 6.290000
42634 3.990000
42635 5.690000
42636 5.190000
42637 7.190000
42638 4.500000
42639 8.990000
42640 6.990000
42641 11.990000
42642 7.990000
42643 1.350000
42644 11.890000
42645 3.990000
42646 3.990000
42647 1.990000
42648 4.990000
42649 4.990000
42650 1.000000
42651 3.990000
42652 1.990000
42653 3.990000
42654 1.990000
42655 1.990000
42656 8.690000
42657 8.690000
42658 8.690000
42659 8.690000
42660 2.500000
42661 9.990000
42662 6.490000
42663 10.990000
42664 10.990000
42665 6.990000
42666 6.990000
42667 11.690000
42668 4.990000
42669 2.990000
42670 3.890000
42671 5.990000
42672 1.990000
42673 1.990000
42674 1.490000
42675 6.990000
42676 3.790000
42677 1.690000
42678 1.990000
42679 2.290000
42680 3.190000
42681 2.690000
42682 6.990000
42683 0.500000
42684 2.990000
42685 2.990000
42686 0.630000
42687 2.990000
42688 4.990000
42689 6.500000
42690 6.990000
42691 7.990000
42692 25.000000
42693 12.990000
42694 17.990000
42695 5.990000
42696 11.990000
42697 5.790000
42698 2.390000
42699 2.890000
42700 1.690000
42701 1.790000
42702 1.490000
42703 1.390000
42704 2.290000
42705 3.990000
42706 2.990000
42707 3.990000
42708 2.490000
42709 4.990000
42710 1.250000
42711 0.990000
42712 0.990000
42713 0.490000
42714 1.990000
42715 1.990000
42716 1.490000
42717 1.490000
42718 2.690000
42719 0.990000
42720 1.990000
42721 1.000000
42722 6.950000
42723 7.990000
42724 14.950000
42725 14.950000
42726 6.990000
42727 13.950000
42728 3.990000
42729 2.990000
42730 2.990000
42731 2.990000
42732 2.990000
42733 2.990000
42734 2.990000
42735 2.990000
42736 2.990000
42737 1.790000
42738 1.790000
42739 3.290000
42740 3.290000
42741 3.790000
42742 3.790000
42743 3.790000
42744 3.790000
42745 3.790000
42746 3.790000
42747 3.790000
42748 3.790000
42749 3.790000
42750 3.790000
42751 3.790000
42752 3.790000
42753 4.190000
42754 9.990000
42755 2.590000
42756 2.590000
42757 2.590000
42758 7.390000
42759 11.990000
42760 2.990000
42761 2.500000
42762 8.790000
42763 9.090000
42764 8.490000
42765 8.890000
42766 8.790000
42767 9.090000
42768 8.490000
42769 8.890000
42770 10.290000
42771 11.890000
42772 9.790000
42773 10.290000
42774 10.290000
42775 11.890000
42776 9.790000
42777 10.290000
42778 12.990000
42779 12.990000
42780 14.090000
42781 12.990000
42782 14.090000
42783 12.990000
42784 9.790000
42785 9.790000
42786 3.290000
42787 3.290000
42788 32.090000
42789 32.090000
42790 1.990000
42791 2.190000
42792 2.490000
42793 2.090000
42794 2.090000
42795 2.090000
42796 2.090000
42797 2.890000
42798 2.790000
42799 2.790000
42800 2.990000
42801 6.490000
42802 3.290000
42803 22.190001
42804 22.190001
42805 7.590000
42806 33.790001
42807 23.290001
42808 11.890000
42809 16.290001
42810 4.090000
42811 2.790000
42812 16.290001
42813 22.790001
42814 22.790001
42815 22.790001
42816 2.190000
42817 5.990000
42818 8.190000
42819 9.090000
42820 4.290000
42821 7.590000
42822 3.290000
42823 1.090000
42824 2.990000
42825 8.690000
42826 5.990000
42827 4.990000
42828 32.490002
42829 8.690000
42830 8.690000
42831 22.790001
42832 16.290001
42833 11.690000
42834 11.690000
42835 11.690000
42836 11.690000
42837 21.590000
42838 22.790001
42839 3.490000
42840 2.590000
42841 4.390000
42842 4.390000
42843 4.390000
42844 4.290000
42845 4.290000
42846 4.290000
42847 4.290000
42848 5.190000
42849 5.190000
42850 3.990000
42851 5.190000
42852 3.990000
42853 3.990000
42854 5.190000
42855 3.490000
42856 6.490000
42857 6.490000
42858 6.490000
42859 6.490000
42860 5.490000
42861 6.490000
42862 5.490000
42863 6.490000
42864 5.490000
42865 6.490000
42866 10.790000
42867 10.790000
42868 31.490000
42869 16.290001
42870 1.690000
42871 2.990000
42872 2.990000
42873 1.990000
42874 2.290000
42875 7.990000
42876 9.990000
42877 3.990000
42878 3.990000
42879 2.000000
42880 3.990000
42881 3.990000
42882 3.990000
42883 2.990000
42884 1.990000
42885 2.990000
42886 1.990000
42887 1.990000
42888 1.990000
42889 1.590000
42890 1.000000
42891 1.000000
42892 13.790000
42893 16.290001
42894 2.190000
42895 0.590000
42896 0.200000
42897 0.890000
42898 0.890000
42899 0.890000
42900 0.790000
42901 2.990000
42902 3.390000
42903 6.990000
42904 4.990000
42905 3.990000
42906 5.990000
42907 2.590000
42908 3.990000
42909 1.990000
42910 8.490000
42911 6.590000
42912 16.990000
42913 2.990000
42914 8.290000
42915 7.390000
42916 4.790000
42917 0.490000
42918 0.250000
42919 0.990000
42920 0.990000
42921 1.190000
42922 4.990000
42923 1.090000
42924 1.290000
42925 1.690000
42926 1.990000
42927 1.390000
42928 1.290000
42929 1.090000
42930 2.190000
42931 2.190000
42932 3.090000
42933 3.090000
42934 1.290000
42935 1.590000
42936 2.190000
42937 1.190000
42938 1.190000
42939 0.990000
42940 0.990000
42941 2.390000
42942 2.990000
42943 2.690000
42944 1.980000
42945 1.290000
42946 1.550000
42947 5.990000
42948 1.990000
42949 5.190000
42950 2.190000
42951 2.090000
42952 8.290000
42953 7.890000
42954 7.390000
42955 3.500000
42956 5.990000
42957 6.990000
42958 8.990000
42959 8.990000
42960 6.090000
42961 5.990000
42962 7.890000
42963 6.490000
42964 6.990000
42965 1.590000
42966 3.990000
42967 5.990000
42968 9.990000
42969 14.990000
42970 2.990000
42971 3.990000
42972 1.500000
42973 9.990000
42974 5.000000
42975 4.390000
42976 11.490000
42977 16.990000
42978 8.490000
42979 10.990000
42980 7.490000
42981 2.990000
42982 1.490000
42983 1.790000
42984 1.990000
42985 1.490000
42986 1.790000
42987 2.990000
42988 2.990000
42989 3.990000
42990 1.690000
42991 1.590000
42992 2.990000
42993 18.990000
42994 11.990000
42995 8.990000
42996 15.990000
42997 9.990000
42998 25.990000
42999 7.990000
43000 6.490000
43001 1.250000
43002 59.990002
43003 0.120000
43004 0.450000
43005 0.270000
43006 1.790000
43007 0.990000
43008 0.990000
43009 0.990000
43010 0.990000
43011 0.990000
43012 0.990000
43013 1.290000
43014 16.990000
43015 16.990000
43016 16.990000
43017 1.690000
43018 2.990000
43019 2.490000
43020 2.490000
43021 3.990000
43022 3.990000
43023 2.990000
43024 2.990000
43025 24.990000
43026 79.989998
43027 4.890000
43028 7.990000
43029 6.990000
43030 6.990000
43031 6.990000
43032 6.990000
43033 6.990000
43034 6.990000
43035 6.990000
43036 6.990000
43037 6.990000
43038 6.990000
43039 6.990000
43040 7.990000
43041 2.500000
43042 3.000000
43043 5.000000
43044 5.190000
43045 2.790000
43046 3.990000
43047 2.990000
43048 1.690000
43049 1.890000
43050 2.090000
43051 1.990000
43052 5.990000
43053 4.190000
43054 4.190000
43055 2.290000
43056 2.290000
43057 1.190000
43058 9.950000
43059 9.950000
43060 14.950000
43061 14.950000
43062 14.950000
43063 15.990000
43064 9.950000
43065 13.950000
43066 13.950000
43067 13.950000
43068 0.790000
43069 2.890000
43070 2.290000
43071 2.990000
43072 5.990000
43073 5.990000
43074 5.990000
43075 5.990000
43076 5.990000
43077 9.990000
43078 9.950000
43079 9.950000
43080 9.950000
43081 3.990000
43082 8.990000
43083 9.990000
43084 11.990000
43085 12.990000
43086 8.990000
43087 8.990000
43088 12.990000
43089 9.990000
43090 11.990000
43091 8.990000
43092 12.990000
43093 7.990000
43094 8.990000
43095 12.990000
43096 12.990000
43097 9.990000
43098 9.990000
43099 9.990000
43100 9.990000
43101 9.990000
43102 8.990000
43103 2.490000
43104 3.590000
43105 3.990000
43106 3.990000
43107 5.990000
43108 7.990000
43109 9.990000
43110 3.990000
43111 3.990000
43112 2.000000
43113 2.990000
43114 3.990000
43115 4.990000
43116 2.990000
43117 3.990000
43118 4.990000
43119 1.990000
43120 2.990000
43121 3.990000
43122 4.990000
43123 3.990000
43124 1.990000
43125 2.990000
43126 3.990000
43127 3.190000
43128 3.190000
43129 3.190000
43130 3.190000
43131 2.290000
43132 2.500000
43133 4.990000
43134 4.990000
43135 2.290000
43136 3.190000
43137 3.190000
43138 4.000000
43139 2.590000
43140 3.390000
43141 3.390000
43142 3.390000
43143 3.500000
43144 3.500000
43145 5.000000
43146 5.000000
43147 6.500000
43148 5.000000
43149 5.000000
43150 6.500000
43151 11.990000
43152 3.990000
43153 4.490000
43154 6.990000
43155 1.000000
43156 2.490000
43157 2.490000
43158 2.490000
43159 2.490000
43160 2.490000
43161 2.890000
43162 2.890000
43163 2.890000
43164 2.490000
43165 2.490000
43166 2.890000
43167 2.890000
43168 1.790000
43169 2.490000
43170 6.290000
43171 7.990000
43172 14.990000
43173 1.090000
43174 2.790000
43175 2.790000
43176 0.470000
43177 0.470000
43178 0.470000
43179 0.470000
43180 12.990000
43181 3.990000
43182 4.990000
43183 3.990000
43184 5.990000
43185 4.990000
43186 4.990000
43187 3.990000
43188 9.990000
43189 5.990000
43190 2.990000
43191 6.990000
43192 9.990000
43193 9.990000
43194 2.990000
43195 8.990000
43196 4.990000
43197 28.950001
43198 2.950000
43199 3.990000
43200 7.990000
43201 6.990000
43202 2.690000
43203 6.990000
43204 2.290000
43205 0.690000
43206 2.690000
43207 10.690000
43208 11.390000
43209 11.390000
43210 9.690000
43211 5.690000
43212 2.990000
43213 3.990000
43214 4.490000
43215 9.990000
43216 9.990000
43217 10.990000
43218 14.990000
43219 17.990000
43220 13.990000
43221 26.990000
43222 19.990000
43223 15.990000
43224 18.990000
43225 21.990000
43226 0.300000
43227 0.300000
43228 0.340000
43229 1.590000
43230 0.490000
43231 0.490000
43232 0.490000
43233 3.990000
43234 9.990000
43235 24.990000
43236 9.990000
43237 4.990000
43238 6.990000
43239 6.990000
43240 6.990000
43241 11.290000
43242 11.290000
43243 8.690000
43244 8.690000
43245 8.690000
43246 8.690000
43247 8.690000
43248 3.790000
43249 3.790000
43250 3.790000
43251 3.790000
43252 8.690000
43253 8.690000
43254 8.690000
43255 8.690000
43256 13.990000
43257 13.990000
43258 3.790000
43259 3.790000
43260 3.790000
43261 3.790000
43262 11.290000
43263 11.290000
43264 12.990000
43265 12.990000
43266 3.790000
43267 8.990000
43268 8.990000
43269 8.990000
43270 8.990000
43271 8.690000
43272 8.690000
43273 3.790000
43274 11.290000
43275 11.290000
43276 3.790000
43277 3.000000
43278 3.000000
43279 3.000000
43280 3.000000
43281 3.990000
43282 3.990000
43283 3.990000
43284 21.250000
43285 4.690000
43286 4.990000
43287 4.990000
43288 4.500000
43289 4.990000
43290 5.000000
43291 5.000000
43292 2.890000
43293 0.890000
43294 0.890000
43295 1.190000
43296 3.190000
43297 3.190000
43298 3.190000
43299 3.500000
43300 1.490000
43301 1.490000
43302 3.990000
43303 14.990000
43304 7.990000
43305 7.990000
43306 3.690000
43307 3.690000
43308 14.990000
43309 3.990000
43310 1.190000
43311 9.990000
43312 9.950000
43313 16.950001
43314 15.950000
43315 14.950000
43316 14.950000
43317 13.950000
43318 9.950000
43319 13.950000
43320 10.990000
43321 2.890000
43322 2.890000
43323 9.950000
43324 9.950000
43325 9.950000
43326 9.950000
43327 8.950000
43328 6.990000
43329 7.990000
43330 9.950000
43331 7.950000
43332 7.990000
43333 6.990000
43334 6.950000
43335 7.790000
43336 1.690000
43337 1.990000
43338 2.990000
43339 5.990000
43340 9.990000
43341 8.990000
43342 10.990000
43343 19.990000
43344 14.990000
43345 0.990000
43346 2.990000
43347 2.990000
43348 2.990000
43349 2.990000
43350 2.990000
43351 2.500000
43352 1.990000
43353 1.990000
43354 1.990000
43355 6.990000
43356 2.990000
43357 4.990000
43358 12.950000
43359 5.990000
43360 6.990000
43361 4.990000
43362 4.690000
43363 5.990000
43364 5.990000
43365 8.990000
43366 5.990000
43367 6.990000
43368 4.990000
43369 0.010000
43370 0.033852
43371 0.032906
43372 0.032941
43373 0.119880
43374 0.024889
43375 0.029900
43376 0.040000
43377 0.013926
43378 0.030903
43379 0.050853
43380 0.030922
43381 0.034854
43382 0.040000
43383 0.023864
43384 0.039908
43385 0.073393
43386 0.040000
43387 0.014894
43388 0.017887
43389 0.032951
43390 0.029881
43391 0.018905
43392 0.014886
43393 0.045735
43394 0.043926
43395 0.029846
43396 0.044800
43397 0.032857
43398 0.034860
43399 0.029923
43400 0.029873
43401 0.044912
43402 0.102500
43403 0.031852
43404 3.000000
43405 0.069926
43406 0.020000
43407 0.020000
43408 0.036875
43409 0.004889
43410 0.069925
43411 0.022925
43412 0.024874
43413 0.019907
43414 0.059905
43415 0.062901
43416 0.039903
43417 0.037887
43418 0.052897
43419 0.008871
43420 0.047917
43421 0.049912
43422 0.041881
43423 0.004868
43424 0.015882
43425 0.014853
43426 0.051028
43427 0.076604
43428 0.042892
43429 0.110526
43430 0.075532
43431 0.012929
43432 0.044756
43433 0.010000
43434 0.059836
43435 0.100469
43436 0.031864
43437 0.053916
43438 0.029780
43439 0.052903
43440 0.028537
43441 0.027925
43442 0.036916
43443 0.039886
43444 0.022903
43445 0.055874
43446 0.019925
43447 0.055874
43448 0.019813
43449 0.059833
43450 0.040114
43451 0.039815
43452 0.025902
43453 0.030922
43454 0.028905
43455 0.053548
43456 0.033896
43457 0.034898
43458 0.037955
43459 0.037889
43460 0.035934
43461 0.079895
43462 0.042917
43463 0.080933
43464 0.071939
43465 0.073925
43466 0.077080
43467 0.052932
43468 0.049915
43469 0.050909
43470 0.036833
43471 0.041944
43472 0.043906
43473 0.059881
43474 0.089870
43475 0.017847
43476 0.030000
43477 0.034963
43478 0.035867
43479 0.035942
43480 0.044855
43481 0.072949
43482 0.026860
43483 0.048000
43484 0.050000
43485 0.048873
43486 0.048815
43487 0.065949
43488 0.066905
43489 0.014915
43490 0.076296
43491 0.090000
43492 0.029891
43493 0.032879
43494 0.034845
43495 0.049896
43496 0.083571
43497 0.039907
43498 0.054922
43499 0.016833
43500 0.033922
43501 0.027778
43502 0.025859
43503 0.033920
43504 0.023906
43505 0.019911
43506 0.027887
43507 0.025917
43508 0.059855
43509 0.029896
43510 0.030970
43511 0.032908
43512 0.030909
43513 0.075566
43514 0.033910
43515 0.035870
43516 0.030945
43517 0.039925
43518 0.041884
43519 0.035865
43520 0.037966
43521 0.032917
43522 0.032917
43523 0.030903
43524 0.029927
43525 0.040889
43526 0.009892
43527 0.054844
43528 0.052874
43529 0.032901
43530 0.030932
43531 0.012908
43532 0.028870
43533 0.020000
43534 0.019928
43535 0.022955
43536 0.025816
43537 0.019857
43538 0.014904
43539 0.044887
43540 0.053901
43541 0.015979
43542 0.026917
43543 0.010000
43544 0.045896
43545 0.029865
43546 0.061806
43547 0.006917
43548 0.027953
43549 0.027887
43550 0.050111
43551 0.030959
43552 0.043873
43553 0.032870
43554 0.026923
43555 0.054874
43556 0.010000
43557 0.041951
43558 0.064783
43559 0.019925
43560 0.021920
43561 0.034762
43562 0.019929
43563 0.031898
43564 0.025955
43565 0.027967
43566 0.031900
43567 0.029917
43568 0.032817
43569 0.023869
43570 0.025882
43571 0.025000
43572 0.018923
43573 0.067857
43574 0.034945
43575 0.035870
43576 0.035941
43577 0.043913
43578 0.022868
43579 0.010000
43580 0.020000
43581 0.029565
43582 0.049817
43583 0.026880
43584 0.026903
43585 0.039857
43586 0.032955
43587 0.039886
43588 0.020894
43589 0.034894
43590 0.034921
43591 0.034898
43592 0.052869
43593 0.027869
43594 0.049817
43595 0.013932
43596 0.018873
43597 0.024859
43598 0.018913
43599 0.015944
43600 0.014874
43601 0.018889
43602 0.015923
43603 0.018929
43604 0.018909
43605 0.021884
43606 0.022936
43607 0.042868
43608 0.003897
43609 0.009924
43610 0.019891
43611 0.040000
43612 0.034865
43613 0.040000
43614 0.039868
43615 0.035937
43616 0.039902
43617 0.002913
43618 0.013913
43619 0.049867
43620 0.040000
43621 0.036000
43622 0.040937
43623 0.039804
43624 0.039825
43625 0.010000
43626 0.059821
43627 0.039925
43628 0.060476
43629 0.059910
43630 0.034915
43631 0.037907
43632 0.039877
43633 0.037021
43634 0.038889
43635 0.049900
43636 0.042901
43637 0.021875
43638 0.036842
43639 0.034872
43640 0.033902
43641 0.044898
43642 0.043830
43643 0.039818
43644 0.068936
43645 0.070900
43646 0.049880
43647 0.060000
43648 0.069900
43649 0.069815
43650 4.250000
43651 6.200000
43652 6.200000
43653 7.550000
43654 6.300000
43655 11.000000
43656 8.850000
43657 8.850000
43658 8.650000
43659 11.000000
43660 11.000000
43661 3.980000
43662 50.450001
43663 13.400000
43664 18.250000
43665 0.071000
43666 12.400000
43667 6.250000
43668 2.950000
43669 5.400000
43670 5.416667
43671 4.200000
43672 5.800000
43673 5.800000
43674 5.800000
43675 3.150000
43676 2.750000
43677 3.250000
43678 8.500000
43679 19.500000
43680 8.850000
43681 5.600000
43682 22.500000
43683 8.850000
43684 5.850000
43685 10.850000
43686 8.950000
43687 3.910000
43688 1.900000
43689 5.500000
43690 1.990000
43691 2.750000
43692 2.000000
43693 2.400000
43694 2.600000
43695 2.950000
43696 4.100000
43697 1.800000
43698 5.500000
43699 0.650000
43700 1.220000
43701 1.400000
43702 1.840000
43703 1.000000
43704 5.500000
43705 2.750000
43706 19.500000
43707 2.750000
43708 1.380000
43709 0.750000
43710 1.250000
43711 0.950000
43712 0.049875
43713 0.054918
43714 1.153333
43715 0.058028
43716 1.093333
43717 0.980000
43718 0.049868
43719 0.049851
43720 0.049865
43721 0.049921
43722 0.050000
43723 0.049808
43724 0.050000
43725 0.049848
43726 0.017833
43727 0.050000
43728 0.050000
43729 0.050000
43730 0.049831
43731 0.049900
43732 0.050000
43733 0.049889
43734 0.049902
43735 0.050000
43736 0.050000
43737 0.049855
43738 0.059915
43739 0.059815
43740 0.059912
43741 0.059900
43742 0.059859
43743 0.065000
43744 0.064851
43745 0.064800
43746 0.064907
43747 0.063333
43748 0.064833
43749 0.064906
43750 0.072857
43751 0.049836
43752 0.049821
43753 0.049811
43754 0.050000
43755 0.049907
43756 0.049833
43757 0.060000
43758 0.060000
43759 0.039906
43760 0.050000
43761 0.050000
43762 0.908000
43763 0.960000
43764 1.050000
43765 0.029919
43766 0.099900
43767 0.029857
43768 0.019835
43769 0.029888
43770 0.029828
43771 0.029889
43772 0.079839
43773 0.088961
43774 0.039744
43775 0.041942
43776 0.037913
43777 0.039091
43778 0.040840
43779 0.036869
43780 0.044872
43781 0.046885
43782 0.042878
43783 0.052925
43784 0.081935
43785 0.083864
43786 0.085875
43787 0.129885
43788 0.031901
43789 0.033864
43790 0.031983
43791 0.033833
43792 0.072875
43793 0.075306
43794 0.035903
43795 0.029833
43796 0.020000
43797 0.008333
43798 0.009919
43799 0.008915
43800 0.005926
43801 0.014900
43802 0.099900
43803 0.029910
43804 0.029925
43805 0.014884
43806 0.012932
43807 0.006880
43808 0.029926
43809 0.007938
43810 0.049900
43811 0.039333
43812 0.019900
43813 0.019900
43814 0.019900
43815 0.010000
43816 0.020000
43817 0.109900
43818 0.012892
43819 0.009926
43820 0.019922
43821 0.014909
43822 0.014853
43823 0.029920
43824 0.019925
43825 0.109900
43826 0.011900
43827 0.010000
43828 0.043900
43829 0.043900
43830 0.043900
43831 0.043900
43832 0.039900
43833 0.018900
43834 0.018900
43835 0.018900
43836 0.030000
43837 0.018900
43838 0.010000
43839 0.006900
43840 0.049900
43841 0.029900
43842 0.029900
43843 0.007500
43844 0.039900
43845 0.007500
43846 0.007500
43847 0.005000
43848 0.042900
43849 0.039900
43850 0.011900
43851 0.013900
43852 0.029900
43853 0.010000
43854 0.007500
43855 0.013900
43856 0.018900
43857 0.014900
43858 0.013900
43859 0.022900
43860 0.014900
43861 0.007500
43862 0.029900
43863 0.010000
43864 0.029900
43865 0.089286
43866 0.029900
43867 0.019900
43868 0.019900
43869 0.014900
43870 0.014900
43871 0.013900
43872 0.012900
43873 0.013900
43874 0.039900
43875 0.012900
43876 0.049900
43877 0.049900
43878 0.049900
43879 0.049900
43880 0.049900
43881 0.049900
43882 0.024900
43883 0.019900
43884 0.013900
43885 0.049900
43886 0.049900
43887 0.064722
43888 0.064900
43889 0.089615
43890 0.089900
43891 0.089900
43892 0.089900
43893 0.089900
43894 0.022874
43895 0.022874
43896 0.022900
43897 0.022874
43898 0.069900
43899 0.059900
43900 0.022874
43901 0.022874
43902 0.039894
43903 0.005000
43904 0.030000
43905 0.041000
43906 0.029846
43907 0.060000
43908 0.060000
43909 0.079900
43910 0.050000
43911 1.000000
43912 0.016900
43913 0.055000
43914 0.050000
43915 0.007900
43916 0.030000
43917 0.018913
43918 0.003500
43919 0.003500
43920 0.060000
43921 0.049901
43922 0.080000
43923 0.005000
43924 0.002500
43925 0.060000
43926 0.060000
43927 0.064857
43928 0.027865
43929 0.027818
43930 0.027818
43931 0.009900
43932 0.195000
43933 0.039811
43934 0.039895
43935 0.019900
43936 0.037826
43937 0.046849
43938 0.286250
43939 0.046935
43940 0.228889
43941 0.036809
43942 0.041864
43943 0.034932
43944 0.039844
43945 0.162667
43946 0.035870
43947 0.038750
43948 0.222143
43949 0.259231
43950 0.005000
43951 0.039811
43952 0.049844
43953 0.049885
43954 0.032885
43955 0.053855
43956 0.053882
43957 0.053953
43958 0.054568
43959 0.039846
43960 0.059855
43961 0.028911
43962 0.024923
43963 0.036981
43964 0.049836
43965 0.052000
43966 0.044949
43967 0.150000
43968 0.024874
43969 0.044872
43970 0.049815
43971 0.099811
43972 0.050123
43973 0.049583
43974 0.024828
43975 0.030000
43976 0.059915
43977 0.049900
43978 0.049900
43979 0.049900
43980 0.049900
43981 0.049900
43982 0.064896
43983 0.064828
43984 0.049901
43985 0.049818
43986 0.050000
43987 0.024857
43988 0.080400
43989 0.049861
43990 0.029880
43991 0.029900
43992 0.032955
43993 0.040161
43994 0.040164
43995 0.066552
43996 0.080000
43997 0.050110
43998 0.049730
43999 0.049867
44000 0.059811
44001 0.059818
44002 0.039831
44003 0.040000
44004 0.024944
44005 0.024878
44006 0.039412
44007 0.036869
44008 0.016944
44009 0.016949
44010 0.016981
44011 0.040000
44012 0.019907
44013 0.038571
44014 0.024909
44015 0.049825
44016 0.019900
44017 0.029851
44018 0.030000
44019 0.019831
44020 0.019846
44021 0.020847
44022 0.020909
44023 0.029898
44024 0.029804
44025 0.029878
44026 0.040000
44027 0.057955
44028 0.029896
44029 0.065937
44030 0.029909
44031 0.039899
44032 0.039875
44033 0.039804
44034 0.032897
44035 0.044921
44036 0.033030
44037 0.040000
44038 0.032941
44039 0.037600
44040 0.047949
44041 0.060943
44042 0.050000
44043 0.040000
44044 0.039885
44045 0.040000
44046 0.039884
44047 0.032791
44048 0.054909
44049 0.054857
44050 0.032941
44051 0.049821
44052 0.079900
44053 0.040000
44054 0.055556
44055 0.060000
44056 0.050303
44057 0.049836
44058 0.050000
44059 0.050000
44060 0.049600
44061 0.049825
44062 0.049902
44063 0.077838
44064 0.062951
44065 0.049818
44066 0.049818
44067 0.050000
44068 0.080000
44069 0.080000
44070 0.075818
44071 0.359900
44072 0.359900
44073 0.129900
44074 0.169900
44075 0.399900
44076 0.129900
44077 0.169900
44078 0.129900
44079 0.013900
44080 0.169900
44081 0.169900
44082 0.169900
44083 0.359900
44084 0.399900
44085 0.169900
44086 0.269900
44087 0.269900
44088 0.269900
44089 0.399900
44090 0.399900
44091 0.399900
44092 0.229900
44093 0.269900
44094 0.230641
44095 0.269900
44096 0.229900
44097 0.269900
44098 0.014900
44099 0.027978
44100 0.029900
44101 0.029900
44102 0.011900
44103 0.034900
44104 0.069900
44105 0.029900
44106 0.039900
44107 0.049833
44108 0.049833
44109 0.069900
44110 0.029900
44111 0.013901
44112 0.029762
44113 0.029900
44114 0.029900
44115 0.010000
44116 0.015900
44117 0.023696
44118 0.006900
44119 0.029900
44120 0.021900
44121 0.080345
44122 0.010000
44123 0.032759
44124 0.060000
44125 0.065086
44126 0.079825
44127 0.079900
44128 0.080000
44129 0.049906
44130 0.029899
44131 0.064930
44132 0.049909
44133 0.110943
44134 0.039918
44135 0.058947
44136 0.062857
44137 0.039903
44138 0.064286
44139 0.064860
44140 0.069841
44141 0.069910
44142 0.070000
44143 0.069901
44144 0.069859
44145 0.069851
44146 0.065000
44147 0.064851
44148 0.069886
44149 0.070000
44150 0.071961
44151 0.067895
44152 0.120278
44153 0.079900
44154 0.070000
44155 0.089818
44156 0.049815
44157 0.054937
44158 0.060000
44159 0.069815
44160 0.090000
44161 0.099882
44162 0.069909
44163 0.050000
44164 0.089857
44165 0.084902
44166 0.054912
44167 0.015932
44168 0.006900
44169 0.031892
44170 0.087000
44171 0.070000
44172 0.086909
44173 0.012900
44174 0.030920
44175 0.299900
44176 0.064909
44177 0.001000
44178 0.077922
44179 0.069927
44180 0.032903
44181 1.290000
44182 0.029900
44183 0.040000
44184 0.049833
44185 0.084909
44186 0.025000
44187 0.030000
44188 0.060000
44189 0.065000
44190 0.050000
44191 0.017000
44192 0.016897
44193 0.016885
44194 0.054886
44195 0.140000
44196 0.080000
44197 0.080000
44198 0.079841
44199 0.079848
44200 0.069833
44201 0.069815
44202 0.079833
44203 0.069833
44204 0.049825
44205 0.049857
44206 0.114000
44207 0.074915
44208 0.069855
44209 0.074918
44210 0.026897
44211 0.064906
44212 0.064943
44213 0.022900
44214 0.032941
44215 0.084900
44216 0.010900
44217 0.040000
44218 0.029900
44219 0.050213
44220 0.049918
44221 0.025800
44222 0.079792
44223 0.084900
44224 0.016809
44225 0.032941
44226 0.019900
44227 0.003500
44228 0.009900
44229 0.021923
44230 0.050000
44231 0.109900
44232 0.022900
44233 0.017900
44234 0.040000
44235 0.049913
44236 0.012778
44237 0.012830
44238 0.149900
44239 0.089900
44240 0.034900
44241 0.069804
44242 0.199900
44243 0.070000
44244 0.024900
44245 0.024900
44246 0.050000
44247 0.024900
44248 0.039735
44249 0.028841
44250 0.034900
44251 1.990000
44252 0.026900
44253 0.217900
44254 0.049900
44255 0.038831
44256 0.049706
44257 0.039900
44258 0.199900
44259 0.249900
44260 0.299900
44261 0.010900
44262 0.028900
44263 0.010900
44264 0.039900
44265 0.028900
44266 0.015900
44267 0.008900
44268 0.006900
44269 0.008900
44270 0.021900
44271 0.024900
44272 0.024900
44273 0.049808
44274 0.038900
44275 0.028900
44276 0.038831
44277 0.038831
44278 0.038831
44279 0.038900
44280 0.038831
44281 0.001000
44282 0.038900
44283 0.050000
44284 0.021900
44285 0.018900
44286 0.018900
44287 0.044900
44288 0.065130
44289 0.035900
44290 0.079900
44291 0.049900
44292 0.094800
44293 0.094800
44294 0.064900
44295 0.049828
44296 0.024545
44297 0.040000
44298 0.040000
44299 0.040000
44300 0.039813
44301 0.059836
44302 0.018911
44303 0.022900
44304 0.079900
44305 0.079900
44306 0.079900
44307 0.022900
44308 0.030000
44309 0.040000
44310 0.025000
44311 0.025000
44312 0.069900
44313 0.039735
44314 0.039735
44315 0.034900
44316 0.099909
44317 0.016881
44318 0.015941
44319 0.069861
44320 0.054906
44321 0.054906
44322 0.039735
44323 0.129900
44324 0.017900
44325 0.039851
44326 0.029851
44327 0.040000
44328 0.029900
44329 0.029900
44330 0.029900
44331 0.029900
44332 0.449900
44333 0.299900
44334 0.449900
44335 0.299900
44336 0.399900
44337 0.249900
44338 0.149900
44339 0.049900
44340 0.249900
44341 0.399900
44342 0.299900
44343 0.449900
44344 0.099900
44345 0.399900
44346 0.010900
44347 0.040000
44348 0.050000
44349 0.060000
44350 0.059811
44351 0.010900
44352 0.010900
44353 0.010900
44354 0.010900
44355 0.049900
44356 0.017909
44357 0.024889
44358 0.080000
44359 0.059821
44360 0.079000
44361 0.059898
44362 0.027864
44363 0.084900
44364 0.084900
44365 0.034900
44366 0.017500
44367 0.034900
44368 0.017500
44369 0.025900
44370 0.011900
44371 0.017900
44372 0.024909
44373 0.064857
44374 0.025882
44375 0.054921
44376 0.069909
44377 0.038750
44378 0.017900
44379 0.060000
44380 0.072600
44381 0.071897
44382 0.070000
44383 0.064860
44384 0.049913
44385 0.049907
44386 0.049848
44387 0.049808
44388 0.071818
44389 0.071961
44390 0.069483
44391 0.042941
44392 3.190000
44393 3.190000
44394 0.031900
44395 0.052895
44396 0.061905
44397 0.061935
44398 0.061867
44399 0.040000
44400 0.079815
44401 0.149900
44402 0.079900
44403 0.079900
44404 0.042840
44405 0.030000
44406 0.015900
44407 0.129900
44408 0.069900
44409 0.049900
44410 0.049900
44411 0.049900
44412 0.229900
44413 0.229900
44414 0.229900
44415 0.499917
44416 0.359900
44417 0.129900
44418 0.011900
44419 0.011900
44420 0.014900
44421 0.010000
44422 0.007500
44423 0.015900
44424 0.011866
44425 0.019900
44426 0.010000
44427 0.034900
44428 0.019900
44429 0.034900
44430 0.034900
44431 0.010000
44432 0.010000
44433 0.010000
44434 0.019900
44435 0.019900
44436 0.018900
44437 0.010000
44438 0.019900
44439 0.011866
44440 0.011866
44441 0.013900
44442 0.013900
44443 0.029900
44444 0.010000
44445 0.007500
44446 0.034900
44447 0.034900
44448 0.034900
44449 0.019900
44450 0.019900
44451 0.018900
44452 0.007500
44453 0.019900
44454 0.049900
44455 0.049900
44456 0.049900
44457 0.049900
44458 0.049900
44459 0.069900
44460 0.069900
44461 0.034900
44462 0.064900
44463 0.010000
44464 0.010000
44465 0.019900
44466 0.019900
44467 0.018936
44468 0.013900
44469 0.009900
44470 0.009900
44471 0.012900
44472 0.019900
44473 1.990000
44474 0.029900
44475 0.029649
44476 0.013900
44477 0.019900
44478 0.019926
44479 0.011900
44480 0.011900
44481 0.011900
44482 0.011900
44483 0.011900
44484 0.011900
44485 0.011900
44486 0.011940
44487 0.011900
44488 0.039900
44489 0.248333
44490 0.250000
44491 0.011940
44492 0.014900
44493 0.014900
44494 0.013816
44495 0.018900
44496 0.017900
44497 0.017900
44498 0.017900
44499 0.049917
44500 0.024844
44501 0.024881
44502 0.129900
44503 0.049929
44504 0.049900
44505 0.024900
44506 0.028900
44507 0.019900
44508 0.014900
44509 0.016846
44510 0.024900
44511 0.027900
44512 0.014900
44513 0.010000
44514 0.007500
44515 0.011866
44516 0.050000
44517 0.049900
44518 0.049900
44519 0.049900
44520 0.049900
44521 0.019800
44522 0.034900
44523 0.012900
44524 0.013900
44525 0.013900
44526 0.069900
44527 0.069900
44528 0.019920
44529 0.009900
44530 0.039900
44531 0.069880
44532 0.060000
44533 0.060000
44534 0.039900
44535 2.990000
44536 3.980000
44537 1.990000
44538 1.190000
44539 0.027900
44540 0.039900
44541 0.039900
44542 0.025000
44543 0.025000
44544 0.025000
44545 0.025000
44546 0.025000
44547 0.025000
44548 0.034900
44549 0.014900
44550 0.019900
44551 0.019900
44552 0.019900
44553 0.010900
44554 0.010900
44555 0.010900
44556 0.014900
44557 0.014900
44558 0.015000
44559 0.014900
44560 0.014900
44561 0.014900
44562 0.049900
44563 0.049900
44564 0.049900
44565 0.049900
44566 0.049900
44567 0.049900
44568 0.049900
44569 0.059900
44570 0.109900
44571 0.109900
44572 0.049900
44573 0.014900
44574 0.029900
44575 0.022900
44576 0.022900
44577 0.022900
44578 0.022900
44579 0.022900
44580 0.159900
44581 0.011900
44582 0.011900
44583 0.059800
44584 0.029900
44585 0.059800
44586 0.029900
44587 0.023900
44588 0.019900
44589 0.367895
44590 0.367895
44591 0.367895
44592 0.359219
44593 0.360833
44594 0.362727
44595 0.059744
44596 0.060075
44597 0.089107
44598 0.010900
44599 0.010900
44600 0.019900
44601 0.029900
44602 0.079841
44603 0.079804
44604 0.009900
44605 0.039600
44606 0.039900
44607 0.039804
44608 0.039900
44609 0.059552
44610 0.129900
44611 0.169900
44612 0.069900
44613 0.099900
44614 0.099900
44615 0.009921
44616 0.009900
44617 0.009900
44618 0.009900
44619 0.049900
44620 0.009900
44621 0.049900
44622 0.009900
44623 0.049900
44624 0.009900
44625 0.049900
44626 0.009900
44627 0.049900
44628 0.009900
44629 0.049900
44630 0.066500
44631 0.066500
44632 0.066500
44633 0.066500
44634 0.066500
44635 0.009900
44636 0.049900
44637 0.009900
44638 0.049900
44639 0.009900
44640 0.049900
44641 0.009900
44642 0.049900
44643 0.009900
44644 0.049929
44645 0.009900
44646 0.009900
44647 0.009900
44648 0.009929
44649 0.009900
44650 0.009900
44651 0.009900
44652 0.009900
44653 0.009900
44654 0.009900
44655 0.009900
44656 0.009900
44657 0.034900
44658 0.034900
44659 0.034900
44660 0.034900
44661 0.009900
44662 1.100000
44663 1.050000
44664 0.972500
44665 1.078000
44666 0.933333
44667 0.103600
44668 0.079868
44669 0.074898
44670 0.089902
44671 0.089922
44672 0.130889
44673 0.059921
44674 0.104676
44675 0.040000
44676 0.163906
44677 0.039919
44678 0.080000
44679 0.089818
44680 0.081935
44681 0.094857
44682 0.124808
44683 0.006900
44684 0.203000
44685 0.079857
44686 0.090290
44687 0.054914
44688 0.061900
44689 0.008900
44690 0.044900
44691 0.054211
44692 0.100909
44693 0.189898
44694 0.036864
44695 0.119804
44696 0.089091
44697 0.297885
44698 0.138750
44699 0.069860
44700 0.049896
44701 0.080000
44702 0.119891
44703 0.230093
44704 0.189896
44705 0.049900
44706 0.079911
44707 0.049875
44708 0.024874
44709 0.035935
44710 0.119839
44711 0.159697
44712 0.022838
44713 0.042909
44714 0.089902
44715 0.074867
44716 0.120000
44717 0.024935
44718 0.064516
44719 0.139930
44720 0.139931
44721 0.069929
44722 0.069464
44723 0.090000
44724 0.069918
44725 0.054630
44726 0.054924
44727 0.099884
44728 0.099898
44729 0.149831
44730 0.060000
44731 0.075000
44732 0.110000
44733 0.100000
44734 0.109828
44735 0.100000
44736 0.100000
44737 0.130000
44738 0.213000
44739 0.099900
44740 0.219889
44741 0.130000
44742 0.049811
44743 0.199900
44744 0.119900
44745 0.049899
44746 0.119863
44747 0.100185
44748 0.054891
44749 0.088636
44750 0.029836
44751 0.059884
44752 0.108448
44753 0.070000
44754 0.040000
44755 0.039900
44756 0.105000
44757 0.089891
44758 0.049808
44759 0.089900
44760 0.110000
44761 0.069863
44762 0.060000
44763 0.099863
44764 0.029900
44765 0.086932
44766 0.024875
44767 0.022941
44768 0.050000
44769 0.050000
44770 0.059811
44771 0.049811
44772 0.399900
44773 0.119804
44774 0.100000
44775 0.129583
44776 0.059896
44777 0.094853
44778 0.060000
44779 0.035867
44780 0.089818
44781 0.110000
44782 0.050000
44783 0.099859
44784 0.090000
44785 0.040000
44786 0.024912
44787 0.088857
44788 0.079451
44789 0.069444
44790 0.040000
44791 0.029844
44792 0.080625
44793 0.099750
44794 0.060000
44795 0.060000
44796 0.100000
44797 0.065000
44798 0.080000
44799 0.119880
44800 0.120000
44801 0.069844
44802 0.130000
44803 7.890000
44804 4.640000
44805 7.390000
44806 5.890000
44807 1.690000
44808 6.290000
44809 6.590000
44810 8.790000
44811 5.590000
44812 4.390000
44813 7.500000
44814 2.690000
44815 5.290000
44816 5.290000
44817 2.290000
44818 3.290000
44819 4.290000
44820 4.990000
44821 7.490000
44822 5.290000
44823 9.990000
44824 9.990000
44825 9.990000
44826 9.290000
44827 9.290000
44828 9.290000
44829 9.290000
44830 9.990000
44831 6.090000
44832 6.090000
44833 3.990000
44834 3.990000
44835 2.490000
44836 9.990000
44837 8.990000
44838 8.990000
44839 8.990000
44840 8.990000
44841 8.990000
44842 8.990000
44843 8.990000
44844 7.190000
44845 7.190000
44846 7.190000
44847 7.190000
44848 7.190000
44849 7.190000
44850 7.190000
44851 9.290000
44852 9.290000
44853 9.290000
44854 9.290000
44855 9.290000
44856 2.000000
44857 3.000000
44858 6.790000
44859 2.850000
44860 0.590000
44861 4.390000
44862 4.390000
44863 4.390000
44864 4.390000
44865 4.390000
44866 10.790000
44867 7.990000
44868 1.690000
44869 1.690000
44870 2.090000
44871 2.190000
44872 15.590000
44873 3.290000
44874 6.690000
44875 8.990000
44876 3.350000
44877 5.290000
44878 4.790000
44879 2.500000
44880 3.290000
44881 7.090000
44882 4.490000
44883 4.790000
44884 2.290000
44885 2.290000
44886 3.990000
44887 6.190000
44888 5.690000
44889 5.690000
44890 3.610000
44891 1.500000
44892 4.190000
44893 2.990000
44894 5.990000
44895 5.190000
44896 3.790000
44897 4.290000
44898 3.990000
44899 0.590000
44900 2.990000
44901 9.990000
44902 3.990000
44903 0.990000
44904 1.990000
44905 1.990000
44906 3.390000
44907 1.190000
44908 7.400000
44909 1.990000
44910 2.090000
44911 2.990000
44912 3.290000
44913 2.390000
44914 1.890000
44915 1.490000
44916 2.790000
44917 4.190000
44918 0.790000
44919 1.690000
44920 2.990000
44921 2.990000
44922 2.590000
44923 4.090000
44924 6.990000
44925 2.990000
44926 2.990000
44927 2.990000
44928 0.990000
44929 9.990000
44930 4.290000
44931 5.890000
44932 11.990000
44933 3.290000
44934 1.000000
44935 1.990000
44936 63.990002
44937 28.490000
44938 17.990000
44939 17.990000
44940 3.490000
44941 4.990000
44942 3.990000
44943 2.490000
44944 4.090000
44945 14.990000
44946 6.590000
44947 8.990000
44948 8.590000
44949 2.990000
44950 15.190000
44951 15.190000
44952 3.990000
44953 4.990000
44954 3.990000
44955 15.090000
44956 6.390000
44957 17.590000
44958 8.990000
44959 22.990000
44960 22.990000
44961 9.990000
44962 19.990000
44963 4.590000
44964 28.990000
44965 3.990000
44966 3.590000
44967 3.590000
44968 1.540000
44969 9.390000
44970 0.690000
44971 0.790000
44972 0.990000
44973 1.150000
44974 1.290000
44975 1.350000
44976 1.490000
44977 1.690000
44978 1.790000
44979 1.990000
44980 2.290000
44981 2.490000
44982 2.500000
44983 2.990000
44984 3.990000
44985 1.500000
44986 0.990000
44987 1.990000
44988 1.990000
44989 1.990000
44990 2.990000
44991 5.990000
44992 4.990000
44993 2.990000
44994 4.990000
44995 3.990000
44996 2.990000
44997 3.990000
44998 3.990000
44999 4.990000
45000 3.990000
45001 3.990000
45002 4.990000
45003 6.490000
45004 2.890000
45005 2.500000
45006 4.590000
45007 2.890000
45008 0.690000
45009 0.690000
45010 0.690000
45011 0.690000
45012 0.690000
45013 0.690000
45014 0.690000
45015 0.690000
45016 0.690000
45017 1.290000
45018 2.290000
45019 2.290000
45020 1.690000
45021 1.890000
45022 4.490000
45023 12.950000
45024 12.950000
45025 12.950000
45026 12.950000
45027 2.290000
45028 3.590000
45029 1.490000
45030 1.890000
45031 1.490000
45032 0.990000
45033 2.290000
45034 2.490000
45035 2.290000
45036 2.290000
45037 1.490000
45038 1.890000
45039 3.490000
45040 2.990000
45041 2.990000
45042 2.990000
45043 1.990000
45044 1.990000
45045 2.990000
45046 1.190000
45047 1.190000
45048 1.790000
45049 1.890000
45050 1.490000
45051 2.990000
45052 2.990000
45053 2.990000
45054 0.790000
45055 2.690000
45056 0.590000
45057 3.990000
45058 1.490000
45059 1.890000
45060 1.890000
45061 1.890000
45062 0.590000
45063 1.890000
45064 1.990000
45065 2.590000
45066 2.990000
45067 0.790000
45068 0.490000
45069 3.490000
45070 2.890000
45071 1.990000
45072 2.490000
45073 2.990000
45074 3.590000
45075 3.490000
45076 3.490000
45077 1.990000
45078 1.590000
45079 1.090000
45080 1.590000
45081 1.590000
45082 1.590000
45083 3.490000
45084 2.890000
45085 5.790000
45086 1.990000
45087 1.990000
45088 3.990000
45089 1.690000
45090 1.690000
45091 1.690000
45092 2.890000
45093 2.990000
45094 2.590000
45095 3.590000
45096 2.890000
45097 2.990000
45098 1.990000
45099 3.990000
45100 1.290000
45101 1.990000
45102 2.990000
45103 3.590000
45104 1.990000
45105 4.490000
45106 4.490000
45107 3.990000
45108 3.490000
45109 1.490000
45110 0.990000
45111 1.590000
45112 1.590000
45113 3.990000
45114 9.990000
45115 3.990000
45116 7.990000
45117 3.950000
45118 3.950000
45119 9.990000
45120 1.290000
45121 1.290000
45122 2.990000
45123 0.750000
45124 3.990000
45125 2.250000
45126 3.790000
45127 5.000000
45128 12.990000
45129 9.990000
45130 5.000000
45131 9.990000
45132 2.500000
45133 3.330000
45134 12.990000
45135 10.000000
45136 4.990000
45137 4.990000
45138 2.990000
45139 2.990000
45140 0.990000
45141 1.990000
45142 1.990000
45143 5.990000
45144 16.990000
45145 22.990000
45146 34.990002
45147 4.950000
45148 5.950000
45149 6.950000
45150 12.950000
45151 17.950001
45152 1.790000
45153 5.990000
45154 5.000000
45155 4.990000
45156 4.990000
45157 4.990000
45158 5.990000
45159 9.990000
45160 9.990000
45161 8.990000
45162 7.990000
45163 3.990000
45164 5.990000
45165 1.500000
45166 1.500000
45167 2.990000
45168 1.500000
45169 2.990000
45170 1.500000
45171 2.990000
45172 1.500000
45173 2.990000
45174 1.500000
45175 2.990000
45176 1.500000
45177 2.990000
45178 1.500000
45179 8.990000
45180 3.790000
45181 1.790000
45182 17.389999
45183 11.950000
45184 2.990000
45185 2.990000
45186 2.990000
45187 13.990000
45188 11.990000
45189 20.990000
45190 13.990000
45191 4.990000
45192 4.990000
45193 4.990000
45194 4.290000
45195 2.990000
45196 2.990000
45197 2.990000
45198 3.990000
45199 1.190000
45200 1.790000
45201 1.190000
45202 2.990000
45203 0.240000
45204 1.420000
45205 2.990000
45206 0.470000
45207 1.410000
45208 9.950000
45209 9.950000
45210 6.990000
45211 9.990000
45212 0.990000
45213 1.090000
45214 0.990000
45215 1.390000
45216 1.390000
45217 2.090000
45218 3.390000
45219 1.490000
45220 0.470000
45221 1.170000
45222 0.470000
45223 0.940000
45224 5.990000
45225 6.990000
45226 15.950000
45227 9.950000
45228 9.950000
45229 22.990000
45230 2.990000
45231 6.990000
45232 6.990000
45233 8.990000
45234 2.990000
45235 2.990000
45236 2.990000
45237 4.990000
45238 14.990000
45239 5.390000
45240 5.290000
45241 4.290000
45242 2.290000
45243 3.650000
45244 3.890000
45245 0.500000
45246 0.250000
45247 5.690000
45248 1.380000
45249 2.290000
45250 2.890000
45251 5.490000
45252 4.540000
45253 1.990000
45254 1.990000
45255 1.990000
45256 1.990000
45257 1.250000
45258 0.990000
45259 3.490000
45260 4.990000
45261 4.990000
45262 4.990000
45263 2.990000
45264 2.990000
45265 2.990000
45266 2.990000
45267 2.990000
45268 4.990000
45269 2.990000
45270 7.990000
45271 0.470000
45272 0.940000
45273 4.990000
45274 4.990000
45275 4.990000
45276 4.990000
45277 4.990000
45278 4.990000
45279 4.990000
45280 4.990000
45281 4.990000
45282 4.990000
45283 9.990000
45284 9.990000
45285 7.990000
45286 7.990000
45287 1.990000
45288 0.990000
45289 2.990000
45290 3.990000
45291 9.990000
45292 2.990000
45293 2.990000
45294 2.990000
45295 2.990000
45296 2.990000
45297 2.990000
45298 0.470000
45299 1.410000
45300 14.990000
45301 14.990000
45302 4.490000
45303 49.990002
45304 12.990000
45305 9.990000
45306 11.990000
45307 7.990000
45308 8.990000
45309 12.990000
45310 16.990000
45311 15.990000
45312 17.990000
45313 8.990000
45314 3.990000
45315 3.490000
45316 2.090000
45317 2.090000
45318 2.090000
45319 3.490000
45320 12.880000
45321 4.000000
45322 7.990000
45323 9.990000
45324 6.880000
45325 3.990000
45326 1.420000
45327 0.470000
45328 2.990000
45329 2.490000
45330 4.790000
45331 59.990002
45332 12.990000
45333 11.990000
45334 1.890000
45335 7.500000
45336 9.950000
45337 7.500000
45338 0.470000
45339 1.400000
45340 12.990000
45341 13.990000
45342 13.990000
45343 28.990000
45344 17.990000
45345 15.990000
45346 7.990000
45347 13.990000
45348 8.990000
45349 16.990000
45350 38.990002
45351 7.990000
45352 15.990000
45353 14.990000
45354 6.990000
45355 13.990000
45356 4.990000
45357 7.990000
45358 16.990000
45359 3.290000
45360 1.990000
45361 9.950000
45362 18.990000
45363 10.990000
45364 13.990000
45365 11.990000
45366 7.500000
45367 6.990000
45368 1.590000
45369 3.000000
45370 3.000000
45371 6.490000
45372 6.490000
45373 3.590000
45374 12.990000
45375 2.990000
45376 6.990000
45377 2.990000
45378 4.990000
45379 9.990000
45380 6.990000
45381 9.990000
45382 8.990000
45383 4.000000
45384 8.990000
45385 7.990000
45386 3.500000
45387 4.990000
45388 4.990000
45389 6.990000
45390 5.050000
45391 6.990000
45392 6.990000
45393 6.990000
45394 6.990000
45395 6.490000
45396 7.990000
45397 5.990000
45398 12.990000
45399 6.500000
45400 4.990000
45401 1.990000
45402 1.890000
45403 1.990000
45404 1.790000
45405 1.890000
45406 5.190000
45407 1.990000
45408 4.990000
45409 14.950000
45410 14.950000
45411 3.390000
45412 3.390000
45413 9.990000
45414 6.490000
45415 17.889999
45416 3.190000
45417 3.990000
45418 27.950001
45419 2.990000
45420 6.990000
45421 19.990000
45422 2.000000
45423 3.990000
45424 7.990000
45425 6.990000
45426 6.990000
45427 9.990000
45428 11.990000
45429 5.490000
45430 2.500000
45431 2.500000
45432 89.989998
45433 16.990000
45434 8.990000
45435 15.990000
45436 2.990000
45437 2.500000
45438 4.950000
45439 10.990000
45440 2.490000
45441 2.490000
45442 9.990000
45443 5.500000
45444 3.500000
45445 3.950000
45446 2.490000
45447 1.140000
45448 2.990000
45449 1.490000
45450 1.490000
45451 1.490000
45452 1.490000
45453 1.490000
45454 1.070000
45455 2.290000
45456 2.290000
45457 2.290000
45458 2.690000
45459 3.490000
45460 2.290000
45461 2.690000
45462 2.690000
45463 1.500000
45464 4.790000
45465 1.690000
45466 2.790000
45467 3.290000
45468 2.390000
45469 2.690000
45470 2.390000
45471 4.290000
45472 1.590000
45473 3.490000
45474 3.490000
45475 1.690000
45476 3.490000
45477 1.690000
45478 2.490000
45479 3.490000
45480 2.490000
45481 2.490000
45482 3.490000
45483 1.250000
45484 1.990000
45485 2.690000
45486 3.290000
45487 4.290000
45488 1.490000
45489 2.690000
45490 3.290000
45491 3.290000
45492 3.290000
45493 2.690000
45494 3.490000
45495 1.790000
45496 2.390000
45497 1.690000
45498 3.290000
45499 3.190000
45500 1.490000
45501 1.690000
45502 2.990000
45503 3.990000
45504 3.490000
45505 3.490000
45506 4.590000
45507 3.490000
45508 2.690000
45509 2.990000
45510 2.000000
45511 2.190000
45512 1.290000
45513 2.490000
45514 1.990000
45515 1.690000
45516 1.790000
45517 2.190000
45518 3.290000
45519 3.290000
45520 2.490000
45521 2.190000
45522 3.490000
45523 3.490000
45524 2.490000
45525 3.190000
45526 4.790000
45527 2.490000
45528 2.590000
45529 2.990000
45530 2.490000
45531 2.790000
45532 2.390000
45533 2.990000
45534 1.290000
45535 1.490000
45536 1.790000
45537 1.990000
45538 3.490000
45539 5.990000
45540 2.990000
45541 4.990000
45542 4.990000
45543 6.990000
45544 6.990000
45545 6.990000
45546 3.690000
45547 3.690000
45548 3.690000
45549 3.490000
45550 3.490000
45551 3.490000
45552 3.490000
45553 5.990000
45554 3.990000
45555 5.990000
45556 11.990000
45557 4.990000
45558 6.990000
45559 5.990000
45560 3.990000
45561 8.990000
45562 15.990000
45563 3.990000
45564 9.990000
45565 3.990000
45566 19.990000
45567 29.990000
45568 5.990000
45569 8.990000
45570 3.590000
45571 5.990000
45572 7.990000
45573 9.990000
45574 2.990000
45575 14.990000
45576 49.990002
45577 6.990000
45578 5.990000
45579 5.990000
45580 2.950000
45581 3.950000
45582 2.290000
45583 26.990000
45584 34.990002
45585 2.990000
45586 4.990000
45587 13.990000
45588 20.990000
45589 10.990000
45590 22.990000
45591 31.990000
45592 37.990002
45593 27.990000
45594 5.990000
45595 0.024861
45596 2.490000
45597 15.990000
45598 8.990000
45599 2.990000
45600 3.990000
45601 4.990000
45602 10.990000
45603 14.990000
45604 7.990000
45605 3.990000
45606 2.390000
45607 6.990000
45608 6.990000
45609 6.990000
45610 5.990000
45611 2.500000
45612 8.990000
45613 8.990000
45614 3.000000
45615 3.000000
45616 3.000000
45617 5.990000
45618 2.500000
45619 2.590000
45620 9.990000
45621 2.850000
45622 2.850000
45623 6.990000
45624 5.990000
45625 6.990000
45626 3.990000
45627 5.990000
45628 5.990000
45629 5.990000
45630 5.990000
45631 9.990000
45632 10.990000
45633 7.290000
45634 4.390000
45635 3.990000
45636 6.490000
45637 7.290000
45638 2.540000
45639 1.270000
45640 5.090000
45641 3.000000
45642 3.000000
45643 5.990000
45644 5.990000
45645 3.000000
45646 3.000000
45647 5.990000
45648 5.990000
45649 2.690000
45650 2.690000
45651 2.690000
45652 2.690000
45653 1.350000
45654 2.690000
45655 1.000000
45656 2.690000
45657 5.990000
45658 3.000000
45659 4.490000
45660 3.990000
45661 1.990000
45662 2.990000
45663 2.600000
45664 2.990000
45665 1.990000
45666 1.990000
45667 2.990000
45668 2.990000
45669 0.500000
45670 6.990000
45671 9.990000
45672 1.790000
45673 14.990000
45674 7.990000
45675 9.990000
45676 9.990000
45677 9.990000
45678 12.990000
45679 6.990000
45680 0.990000
45681 0.490000
45682 1.990000
45683 1.990000
45684 99.949997
45685 11.990000
45686 2.990000
45687 1.390000
45688 1.890000
45689 1.890000
45690 12.990000
45691 12.990000
45692 16.990000
45693 21.990000
45694 26.990000
45695 79.989998
45696 79.989998
45697 79.989998
45698 9.950000
45699 2.690000
45700 5.290000
45701 3.990000
45702 2.990000
45703 9.390000
45704 7.880000
45705 7.880000
45706 4.390000
45707 2.990000
45708 3.990000
45709 3.970000
45710 6.990000
45711 7.990000
45712 9.950000
45713 9.990000
45714 7.500000
45715 8.210000
45716 9.000000
45717 9.710000
45718 9.740000
45719 10.460000
45720 10.490000
45721 14.000000
45722 14.950000
45723 11.240000
45724 11.250000
45725 11.960000
45726 16.000000
45727 12.710000
45728 13.500000
45729 14.960000
45730 15.000000
45731 16.459999
45732 16.490000
45733 17.240000
45734 17.250000
45735 18.000000
45736 18.709999
45737 18.740000
45738 18.750000
45739 19.459999
45740 26.000000
45741 20.209999
45742 20.959999
45743 22.459999
45744 4.990000
45745 7.990000
45746 4.990000
45747 2.190000
45748 5.290000
45749 2.990000
45750 5.000000
45751 9.990000
45752 3.990000
45753 3.290000
45754 4.990000
45755 3.290000
45756 3.490000
45757 1.790000
45758 4.990000
45759 16.990000
45760 0.690000
45761 6.990000
45762 49.290001
45763 1.990000
45764 3.000000
45765 1.990000
45766 2.990000
45767 3.990000
45768 3.990000
45769 1.990000
45770 2.990000
45771 3.490000
45772 1.500000
45773 2.990000
45774 3.990000
45775 1.990000
45776 0.750000
45777 0.500000
45778 1.990000
45779 3.990000
45780 3.990000
45781 6.990000
45782 4.990000
45783 6.990000
45784 6.990000
45785 0.010000
45786 0.750000
45787 1.990000
45788 4.990000
45789 4.990000
45790 4.990000
45791 3.500000
45792 2.490000
45793 3.490000
45794 1.690000
45795 3.990000
45796 5.990000
45797 2.990000
45798 1.250000
45799 15.990000
45800 18.990000
45801 13.990000
45802 26.990000
45803 2.490000
45804 19.990000
45805 19.990000
45806 14.950000
45807 6.950000
45808 6.950000
45809 12.950000
45810 9.990000
45811 19.990000
45812 12.950000
45813 17.950001
45814 8.990000
45815 12.950000
45816 14.950000
45817 14.950000
45818 19.950001
45819 14.950000
45820 12.950000
45821 9.950000
45822 9.950000
45823 9.950000
45824 9.950000
45825 17.950001
45826 19.950001
45827 17.950001
45828 19.950001
45829 12.950000
45830 9.950000
45831 9.950000
45832 9.950000
45833 9.950000
45834 9.950000
45835 15.990000
45836 9.950000
45837 9.950000
45838 14.950000
45839 17.950001
45840 15.950000
45841 15.950000
45842 19.950001
45843 9.990000
45844 9.950000
45845 19.950001
45846 9.950000
45847 9.990000
45848 9.990000
45849 9.990000
45850 9.950000
45851 9.950000
45852 19.950001
45853 14.950000
45854 2.490000
45855 5.950000
45856 8.990000
45857 11.990000
45858 9.990000
45859 11.990000
45860 11.990000
45861 14.990000
45862 17.990000
45863 17.990000
45864 13.990000
45865 1.990000
45866 7.990000
45867 5.990000
45868 7.990000
45869 4.990000
45870 16.990000
45871 7.890000
45872 1.410000
45873 0.470000
45874 4.990000
45875 5.990000
45876 8.990000
45877 9.990000
45878 13.990000
45879 5.990000
45880 5.990000
45881 12.990000
45882 4.990000
45883 7.990000
45884 13.990000
45885 11.990000
45886 8.990000
45887 12.990000
45888 6.990000
45889 8.990000
45890 10.990000
45891 10.990000
45892 15.990000
45893 19.990000
45894 9.990000
45895 10.990000
45896 12.990000
45897 10.990000
45898 4.990000
45899 13.990000
45900 13.990000
45901 5.990000
45902 7.990000
45903 13.990000
45904 9.990000
45905 5.990000
45906 6.990000
45907 14.990000
45908 21.990000
45909 4.990000
45910 13.990000
45911 4.990000
45912 4.990000
45913 6.990000
45914 23.990000
45915 4.990000
45916 9.990000
45917 9.990000
45918 9.990000
45919 4.990000
45920 5.990000
45921 12.990000
45922 9.990000
45923 10.990000
45924 4.990000
45925 11.990000
45926 11.990000
45927 3.990000
45928 7.990000
45929 15.990000
45930 9.990000
45931 14.990000
45932 14.990000
45933 12.990000
45934 15.990000
45935 10.990000
45936 14.990000
45937 11.990000
45938 14.950000
45939 13.950000
45940 19.990000
45941 12.950000
45942 1.990000
45943 1.990000
45944 1.990000
45945 6.470000
45946 6.970000
45947 2.480000
45948 14.990000
45949 2.990000
45950 3.590000
45951 15.990000
45952 3.990000
45953 3.990000
45954 4.990000
45955 2.990000
45956 2.990000
45957 3.490000
45958 1.990000
45959 2.000000
45960 2.000000
45961 2.000000
45962 1.000000
45963 1.000000
45964 1.000000
45965 1.000000
45966 1.000000
45967 1.000000
45968 1.000000
45969 2.000000
45970 1.000000
45971 2.000000
45972 1.000000
45973 1.000000
45974 5.000000
45975 1.000000
45976 1.000000
45977 2.000000
45978 1.000000
45979 1.000000
45980 1.000000
45981 3.000000
45982 1.000000
45983 1.000000
45984 1.000000
45985 5.000000
45986 1.000000
45987 1.000000
45988 1.000000
45989 1.000000
45990 1.000000
45991 1.000000
45992 1.000000
45993 2.000000
45994 1.000000
45995 1.000000
45996 1.000000
45997 1.000000
45998 2.000000
45999 1.000000
46000 2.000000
46001 7.990000
46002 7.990000
46003 12.100000
46004 49.990002
46005 0.470000
46006 2.990000
46007 3.990000
46008 4.950000
46009 5.990000
46010 38.000000
46011 35.000000
46012 25.000000
46013 13.000000
46014 8.990000
46015 8.990000
46016 29.950001
46017 9.990000
46018 6.990000
46019 7.490000
46020 9.990000
46021 9.990000
46022 5.990000
46023 2.490000
46024 2.490000
46025 24.990000
46026 24.990000
46027 23.990000
46028 23.990000
46029 23.990000
46030 19.990000
46031 19.990000
46032 23.990000
46033 6.490000
46034 3.990000
46035 15.990000
46036 0.024886
46037 0.009877
46038 0.059913
46039 0.014667
46040 0.039918
46041 0.029899
46042 1.390000
46043 1.490000
46044 1.490000
46045 0.990000
46046 1.390000
46047 2.390000
46048 0.990000
46049 1.290000
46050 1.290000
46051 1.090000
46052 1.790000
46053 3.990000
46054 0.890000
46055 1.290000
46056 2.690000
46057 1.190000
46058 2.390000
46059 1.990000
46060 1.990000
46061 2.590000
46062 1.690000
46063 1.690000
46064 3.990000
46065 2.590000
46066 0.890000
46067 1.590000
46068 1.890000
46069 1.190000
46070 1.890000
46071 1.390000
46072 0.850000
46073 1.290000
46074 1.690000
46075 2.490000
46076 1.390000
46077 1.990000
46078 2.890000
46079 2.890000
46080 2.190000
46081 1.690000
46082 3.450000
46083 2.690000
46084 1.290000
46085 2.990000